user_anchor,user_match,similarity_score
127a75e4-c0ed-40e8-93d5-a67e373b5b7e,00028a63-2ba8-44fb-96d1-becb542f4a64,0.7117171185934751
127a75e4-c0ed-40e8-93d5-a67e373b5b7e,000375be-eeed-442d-b671-028ef6990c4d,0.8496406236551819
127a75e4-c0ed-40e8-93d5-a67e373b5b7e,0003b15e-deb6-4189-adb8-eb495f3da2ec,0.7073158301026414
127a75e4-c0ed-40e8-93d5-a67e373b5b7e,000487bd-ad15-4607-b5c3-a50c33fd3d64,0.5549539236080699
127a75e4-c0ed-40e8-93d5-a67e373b5b7e,00048e37-6f91-438a-8683-7f89c716e72f,0.7965547031526422
127a75e4-c0ed-40e8-93d5-a67e373b5b7e,0004fcab-fe30-414b-9943-243df7c0a22e,0.784927987295359
127a75e4-c0ed-40e8-93d5-a67e373b5b7e,00054108-b6f3-43b1-a979-b561eb6ceb35,0.6481898199249619
127a75e4-c0ed-40e8-93d5-a67e373b5b7e,0008cab9-ed40-4710-a6cd-ad361ee51c2d,0.8232403405799982
127a75e4-c0ed-40e8-93d5-a67e373b5b7e,00094cf1-73e8-4149-bdb6-3f2ae9192d6f,0.7123244564435948
127a75e4-c0ed-40e8-93d5-a67e373b5b7e,00099237-fd1b-4d94-9469-fa93150e4253,0.7720739776935269
127a75e4-c0ed-40e8-93d5-a67e373b5b7e,000a4595-f0e3-422f-b631-b6fadca8b200,0.7242010202303911
127a75e4-c0ed-40e8-93d5-a67e373b5b7e,000ae394-c27c-41e7-a886-3f1bc7cd0ecb,0.925380572319281
127a75e4-c0ed-40e8-93d5-a67e373b5b7e,000b196c-8382-4326-9255-02b782a909ac,0.7109068410538543
127a75e4-c0ed-40e8-93d5-a67e373b5b7e,000b5a67-d33f-4b66-a858-3993ff4f1ee5,0.7326840939027269
127a75e4-c0ed-40e8-93d5-a67e373b5b7e,000cbbec-4b9c-41e3-8bad-d7510501bf09,0.7855310736739533
127a75e4-c0ed-40e8-93d5-a67e373b5b7e,000f3a2c-3150-4aa7-b1ce-75eb1a268ba3,0.7445979507631477
127a75e4-c0ed-40e8-93d5-a67e373b5b7e,000f990e-6cc5-4be4-8afc-bd3c1a206d36,0.9312383634723622
127a75e4-c0ed-40e8-93d5-a67e373b5b7e,000fe073-f67d-44b3-9ff3-727d09f682dc,0.5089245995966695
127a75e4-c0ed-40e8-93d5-a67e373b5b7e,0010af91-6de9-4470-ac8d-a3c53b873847,0.729648918799184
127a75e4-c0ed-40e8-93d5-a67e373b5b7e,00120104-1ee9-4aed-9361-2e87c8b6d665,0.8338081061928605
127a75e4-c0ed-40e8-93d5-a67e373b5b7e,00120af8-fb66-4d46-bbe6-5fce4a888eed,0.9785390400440536
127a75e4-c0ed-40e8-93d5-a67e373b5b7e,00145db0-96fe-42a7-9cf4-39b04dce7c22,0.7402572302058988
127a75e4-c0ed-40e8-93d5-a67e373b5b7e,001502ea-f45f-4c04-a23e-5237309f5b9a,0.6909836574525047
127a75e4-c0ed-40e8-93d5-a67e373b5b7e,001532f7-8e1e-4657-924f-21cbc25d147e,0.8163886683727584
127a75e4-c0ed-40e8-93d5-a67e373b5b7e,001697d4-7eb4-458c-a956-188eb9b3a189,0.8159749037371233
127a75e4-c0ed-40e8-93d5-a67e373b5b7e,0017009f-398d-43cc-8b1d-9215065208fa,0.8353731593504734
127a75e4-c0ed-40e8-93d5-a67e373b5b7e,0018795e-d75e-419e-b05b-a04a43a0d479,0.7210915547759214
127a75e4-c0ed-40e8-93d5-a67e373b5b7e,0018905b-2c2a-4da2-9330-fda6bd4602f8,0.7744944990334444
127a75e4-c0ed-40e8-93d5-a67e373b5b7e,001b9a6d-ae81-49c1-be1d-9c63b2b6ade1,0.7105222802561665
127a75e4-c0ed-40e8-93d5-a67e373b5b7e,001bf4d0-d910-4d2d-a215-c22c002746ce,0.8695648399866647
127a75e4-c0ed-40e8-93d5-a67e373b5b7e,001c3e13-545d-430f-855d-7f0d088d7ed0,0.7109338177086097
127a75e4-c0ed-40e8-93d5-a67e373b5b7e,001c75ba-a95b-4a33-bbd3-0dd0e245d184,0.8639337275229579
127a75e4-c0ed-40e8-93d5-a67e373b5b7e,001d0425-eb84-4494-aa76-cb6f54db700a,0.6862383246057102
127a75e4-c0ed-40e8-93d5-a67e373b5b7e,001e5d42-8301-486d-8fbe-a73fca9267ab,0.6995592994311235
127a75e4-c0ed-40e8-93d5-a67e373b5b7e,001e7241-c70e-4c85-8d59-a7bd00d68f33,0.7639953620308704
127a75e4-c0ed-40e8-93d5-a67e373b5b7e,001f02f2-57e5-43cf-b182-f4bed7d100c3,0.8232268341865914
127a75e4-c0ed-40e8-93d5-a67e373b5b7e,001f4f3c-1840-4332-8e42-4814dd882cf6,0.7063432555868706
127a75e4-c0ed-40e8-93d5-a67e373b5b7e,00211600-be43-4aea-bb89-4d60eb987b38,0.7965406801673555
127a75e4-c0ed-40e8-93d5-a67e373b5b7e,0021b6f3-0798-497f-a9e7-04f9160ed077,0.6576746514052272
127a75e4-c0ed-40e8-93d5-a67e373b5b7e,0021dcd6-1a64-4758-a824-b369fc16d278,0.5334991593530227
127a75e4-c0ed-40e8-93d5-a67e373b5b7e,002263c6-04b0-470d-92d8-6e934d28e819,0.8239248386301984
127a75e4-c0ed-40e8-93d5-a67e373b5b7e,00226639-0081-459b-9aa0-71bd7663f875,0.6947335162252626
127a75e4-c0ed-40e8-93d5-a67e373b5b7e,002291f2-e544-4009-8c3b-4e6c04878872,0.8639043984754402
127a75e4-c0ed-40e8-93d5-a67e373b5b7e,002390d2-d337-40fe-a34c-3543fa55665b,0.7531964651671115
127a75e4-c0ed-40e8-93d5-a67e373b5b7e,0024b130-09ab-4239-ac6c-8e51a8baf203,0.7487240129014097
127a75e4-c0ed-40e8-93d5-a67e373b5b7e,00279ee1-8822-4f65-95db-5c33174774cc,0.9840997580028956
127a75e4-c0ed-40e8-93d5-a67e373b5b7e,002983ac-1c83-4c95-a02b-6bc4b8c260e9,0.8774183312592192
127a75e4-c0ed-40e8-93d5-a67e373b5b7e,002c09c8-1167-4f7a-9e33-ccbe83e0ba05,0.6616010469800082
127a75e4-c0ed-40e8-93d5-a67e373b5b7e,002dcbb7-3fdb-4acf-92d9-766d7e7cbb3c,0.7682623256947774
127a75e4-c0ed-40e8-93d5-a67e373b5b7e,002e1357-89b1-41c5-a168-62b484502a03,0.7781898786642159
127a75e4-c0ed-40e8-93d5-a67e373b5b7e,002f426d-5f42-4a44-84b4-10ddba9b72c6,0.8716021637677462
127a75e4-c0ed-40e8-93d5-a67e373b5b7e,0030d49a-7b56-42c3-a67f-c21b7dba0029,0.7926125488145147
127a75e4-c0ed-40e8-93d5-a67e373b5b7e,0032065b-f23b-4d5c-bc6b-0763196a1cfc,0.645530242862964
127a75e4-c0ed-40e8-93d5-a67e373b5b7e,00334c3c-0fe7-4d25-88f0-196d770f5f73,0.7757163413602276
127a75e4-c0ed-40e8-93d5-a67e373b5b7e,00341d6a-3237-4fd5-983f-a4831e93d139,0.6019265349716758
127a75e4-c0ed-40e8-93d5-a67e373b5b7e,0035c872-f313-4b83-8b2e-2a49c172689e,0.8201029286925114
127a75e4-c0ed-40e8-93d5-a67e373b5b7e,003809b7-634e-4c8b-a1f1-ce9d87e0f9b1,0.407884257180074
127a75e4-c0ed-40e8-93d5-a67e373b5b7e,003903f3-772b-4f30-a6e8-ceee1052257d,0.6479030005352592
127a75e4-c0ed-40e8-93d5-a67e373b5b7e,003ae699-ec64-4f0d-b934-532c2c364830,0.8753986075384
127a75e4-c0ed-40e8-93d5-a67e373b5b7e,003b32b0-0289-4397-b0dc-d20cc935a063,0.7557753450148366
127a75e4-c0ed-40e8-93d5-a67e373b5b7e,003ec167-b08b-4595-ad98-7fb03662e1eb,0.962495860251127
127a75e4-c0ed-40e8-93d5-a67e373b5b7e,003eda4b-9605-488c-afd3-ee983eba54da,0.7149562477377072
127a75e4-c0ed-40e8-93d5-a67e373b5b7e,00413710-32b6-4cdb-9cbb-8501f105f4a2,0.7133421145582259
127a75e4-c0ed-40e8-93d5-a67e373b5b7e,004469c4-29a4-4283-b946-ccb7606a829e,0.7978788868251995
127a75e4-c0ed-40e8-93d5-a67e373b5b7e,004770c0-901a-46a1-b270-9a197b87dc14,0.9208068134054314
127a75e4-c0ed-40e8-93d5-a67e373b5b7e,004a66f6-f4b9-4e36-8928-bc1ccdde78fe,0.6612808609821407
127a75e4-c0ed-40e8-93d5-a67e373b5b7e,00505682-5ea0-414e-b8ba-cdd94ee1caec,0.654814310463121
127a75e4-c0ed-40e8-93d5-a67e373b5b7e,0050b0a0-e208-478b-99c8-bbc96a0d6ff3,0.5827673251374977
127a75e4-c0ed-40e8-93d5-a67e373b5b7e,0050f49b-1ef7-47ca-ab64-702cb8cd81b8,0.8237750757181665
127a75e4-c0ed-40e8-93d5-a67e373b5b7e,0053484c-7b92-4b94-a97c-a96c3b56c4f5,0.9505024458162008
127a75e4-c0ed-40e8-93d5-a67e373b5b7e,00559641-5d64-47d5-956a-45f61d678a7e,0.795914710543272
127a75e4-c0ed-40e8-93d5-a67e373b5b7e,0055e9f2-9661-4a58-857c-2167d80cf15c,0.8875879227049922
127a75e4-c0ed-40e8-93d5-a67e373b5b7e,00583b29-4881-4bb2-a91b-cb06317fb86f,0.7117869127699495
127a75e4-c0ed-40e8-93d5-a67e373b5b7e,005937d1-7478-4c09-b385-0caaebec5e08,0.9044548396306245
127a75e4-c0ed-40e8-93d5-a67e373b5b7e,00599665-51c0-4447-bcce-0b9934db7c06,0.8524721573576626
127a75e4-c0ed-40e8-93d5-a67e373b5b7e,00599b53-7d8c-40de-a6d9-a79788292a0b,0.5755649716298425
127a75e4-c0ed-40e8-93d5-a67e373b5b7e,005bb14e-fbf8-4451-9956-a243db897d68,0.7541322665231233
127a75e4-c0ed-40e8-93d5-a67e373b5b7e,005bdc5d-2620-4426-8485-75974b2c70f6,0.5382825865896117
127a75e4-c0ed-40e8-93d5-a67e373b5b7e,005dd95f-410e-4d36-8c1f-f1835e17cb0c,0.460110600391322
127a75e4-c0ed-40e8-93d5-a67e373b5b7e,005df39e-dc32-4312-8cf8-daf7f56921ce,0.5247038824711303
127a75e4-c0ed-40e8-93d5-a67e373b5b7e,00627220-4be9-44e7-893b-4c97d9759f80,0.4103351662240169
127a75e4-c0ed-40e8-93d5-a67e373b5b7e,0062cbd9-5e7c-4add-8475-286270669871,0.840466803289255
127a75e4-c0ed-40e8-93d5-a67e373b5b7e,00643bc4-c3b8-4d43-9b06-a28de81d7df6,0.6701955381379255
127a75e4-c0ed-40e8-93d5-a67e373b5b7e,006569cb-318a-40b4-b413-58feb47566da,0.538664407973668
127a75e4-c0ed-40e8-93d5-a67e373b5b7e,006583b8-6b11-4a56-abc7-2ae3e7906be3,0.6197613041605591
127a75e4-c0ed-40e8-93d5-a67e373b5b7e,0067a6ba-3a25-4229-9df4-70e226cfb280,0.7795139052461999
127a75e4-c0ed-40e8-93d5-a67e373b5b7e,0067d3c8-be55-43b5-aae8-6d98ddafc7e6,0.8767929345700027
127a75e4-c0ed-40e8-93d5-a67e373b5b7e,0068d4b4-05b0-43e6-b7e1-c3f04c218188,0.7069327208446479
127a75e4-c0ed-40e8-93d5-a67e373b5b7e,006a3a12-442c-4767-af54-0e5eb8874ab1,0.904319970455498
127a75e4-c0ed-40e8-93d5-a67e373b5b7e,006afd47-ef9c-479c-945b-05cb53fc4f50,0.7815589960446485
127a75e4-c0ed-40e8-93d5-a67e373b5b7e,006d3fb3-2ae2-44f6-a11a-de26a958937e,0.947455530637568
127a75e4-c0ed-40e8-93d5-a67e373b5b7e,006ddaac-3415-4c56-9ce8-79c3ce6e96e2,0.8993335093956585
127a75e4-c0ed-40e8-93d5-a67e373b5b7e,006eed98-7981-46c5-957a-06e74f3734b6,0.5994101873799125
127a75e4-c0ed-40e8-93d5-a67e373b5b7e,007027ba-4e4a-45c7-8b0b-9a5b5f51f620,0.8824337950292186
127a75e4-c0ed-40e8-93d5-a67e373b5b7e,0070714a-71c1-4715-af70-b2a17287e004,0.8588517323693882
127a75e4-c0ed-40e8-93d5-a67e373b5b7e,00722ea2-376a-448a-bebc-bda0efc0bbcf,0.8199494877038473
127a75e4-c0ed-40e8-93d5-a67e373b5b7e,00730054-bc85-4857-945f-363c98333537,0.6834998694742884
127a75e4-c0ed-40e8-93d5-a67e373b5b7e,0073b78e-2ef3-41d8-b87b-4d26bdb760da,0.849956550529677
127a75e4-c0ed-40e8-93d5-a67e373b5b7e,0075cab0-f69b-45c1-b2d2-d3cd54d1d27a,0.7278719494771188
127a75e4-c0ed-40e8-93d5-a67e373b5b7e,00771b85-da54-4258-a144-2f7e7e1b7c56,0.8388045979594674
127a75e4-c0ed-40e8-93d5-a67e373b5b7e,007bf010-7aeb-46cd-b6c3-be394d8bc0bb,0.2131443949464916
127a75e4-c0ed-40e8-93d5-a67e373b5b7e,007c613a-ce55-400b-ab4f-0d2c210816e7,0.6396079033017581
127a75e4-c0ed-40e8-93d5-a67e373b5b7e,007d5910-b4c0-4469-a517-ae6ac48b8fc1,0.7621528068276517
127a75e4-c0ed-40e8-93d5-a67e373b5b7e,007de4e5-c896-4623-ac41-7dfe60326e77,0.7471349917519129
127a75e4-c0ed-40e8-93d5-a67e373b5b7e,007eadaf-6c19-4171-ab42-b241b395a5cd,0.9078362140080388
127a75e4-c0ed-40e8-93d5-a67e373b5b7e,007f0a53-caa6-4d6e-af6e-6f27dad1b4eb,0.8353980479466104
127a75e4-c0ed-40e8-93d5-a67e373b5b7e,00805984-8400-47b4-8762-90da5d78b49e,0.6642251253717881
127a75e4-c0ed-40e8-93d5-a67e373b5b7e,00805eec-d377-4e02-8bd7-bfff9dd0c9f8,0.8522109797018741
127a75e4-c0ed-40e8-93d5-a67e373b5b7e,0080facc-8b5a-4de1-b9e5-9c3cbb470b0b,0.6828776497753233
127a75e4-c0ed-40e8-93d5-a67e373b5b7e,00823f2d-1c32-4af3-aa0c-34a2d68c6b79,0.9440276541017892
127a75e4-c0ed-40e8-93d5-a67e373b5b7e,00843552-ea88-40f2-8127-1d84626ce751,0.7553440144716215
127a75e4-c0ed-40e8-93d5-a67e373b5b7e,0085ecfe-72e6-43e7-b566-3d635adcbda4,0.5754637544051201
127a75e4-c0ed-40e8-93d5-a67e373b5b7e,008abc4b-e688-4621-9782-bcdc2875bc8d,0.8135411339267136
127a75e4-c0ed-40e8-93d5-a67e373b5b7e,008bd01f-8cbd-4b86-8b46-83e3846603e4,0.7696332030247193
127a75e4-c0ed-40e8-93d5-a67e373b5b7e,008c5c40-a532-4f9a-9142-98bf7f376d0a,0.792674253066494
127a75e4-c0ed-40e8-93d5-a67e373b5b7e,008c5fd3-728d-42c1-be4e-605c5e41e413,0.7386784160242035
127a75e4-c0ed-40e8-93d5-a67e373b5b7e,008ca763-4458-45e7-a86a-0d710f187192,0.918116380702774
127a75e4-c0ed-40e8-93d5-a67e373b5b7e,008cf378-b482-4fb6-ba27-680e70425f01,0.8697357580882089
127a75e4-c0ed-40e8-93d5-a67e373b5b7e,008dcc57-fb81-4a56-ba5a-0abefce410b2,0.5748709671564401
127a75e4-c0ed-40e8-93d5-a67e373b5b7e,008fc273-a878-45b6-8364-ab9a0bab7a4d,0.587819122198913
127a75e4-c0ed-40e8-93d5-a67e373b5b7e,00902d15-b822-494a-94a7-f0068e25ebc4,0.7304534745578194
127a75e4-c0ed-40e8-93d5-a67e373b5b7e,00907b3b-07c0-4f2c-940c-75469fcc4448,0.7293109745569657
127a75e4-c0ed-40e8-93d5-a67e373b5b7e,00915802-0be5-4b39-b1bc-53a22e2ed927,0.9045153900519372
127a75e4-c0ed-40e8-93d5-a67e373b5b7e,00923ba0-7e46-43e6-b7c5-af22cf9076c5,0.9012134603351234
127a75e4-c0ed-40e8-93d5-a67e373b5b7e,00938199-0e7c-419a-bf17-cbfde3648d4b,0.8878071728126846
127a75e4-c0ed-40e8-93d5-a67e373b5b7e,009413e9-4198-4f44-b3e9-6fed10b5506a,0.6753860999240942
127a75e4-c0ed-40e8-93d5-a67e373b5b7e,00952a9f-6c35-479d-a422-c7ceda396737,0.3820386088409224
127a75e4-c0ed-40e8-93d5-a67e373b5b7e,00952afa-e8e2-4b58-8a49-8e508379afd5,0.6339448183241985
127a75e4-c0ed-40e8-93d5-a67e373b5b7e,0095364d-66d2-451a-91d8-fba7d7f02671,0.6835952638968847
127a75e4-c0ed-40e8-93d5-a67e373b5b7e,009690e9-79b3-488f-9ab2-cbd5099e8b32,0.7910569405414287
127a75e4-c0ed-40e8-93d5-a67e373b5b7e,0097c766-067f-451f-a640-949e3d4c71cc,0.8003538836550323
127a75e4-c0ed-40e8-93d5-a67e373b5b7e,0097de4d-29cb-42e1-93d0-9f743223ca03,0.4123846429219626
127a75e4-c0ed-40e8-93d5-a67e373b5b7e,00984835-4467-4caa-998e-851d01f3635d,0.7314538226091077
127a75e4-c0ed-40e8-93d5-a67e373b5b7e,009b7af4-06de-46a3-b312-155172b07f7a,0.4425832102516518
127a75e4-c0ed-40e8-93d5-a67e373b5b7e,009be85d-1460-4d3e-a31c-2240944471ca,0.7503853814477219
127a75e4-c0ed-40e8-93d5-a67e373b5b7e,009c7970-256c-4afb-bebf-23223407b552,0.6841082280715204
127a75e4-c0ed-40e8-93d5-a67e373b5b7e,009e0e5b-fa3a-407d-8bb9-dfb1f1923569,0.7318342868738277
127a75e4-c0ed-40e8-93d5-a67e373b5b7e,009e6906-8174-44a4-b113-71030021dc9e,0.9614404613820166
127a75e4-c0ed-40e8-93d5-a67e373b5b7e,00a0941b-1c3f-4ce4-81ac-5a9204f24a46,0.8567806125868185
127a75e4-c0ed-40e8-93d5-a67e373b5b7e,00a0fd0f-0f04-4598-9b6b-7c160cd24630,0.7530856419039144
127a75e4-c0ed-40e8-93d5-a67e373b5b7e,00a13d15-bfdf-48f3-8cd6-c593f83e0b68,0.935210219440146
127a75e4-c0ed-40e8-93d5-a67e373b5b7e,00a28ea6-e419-4acc-b933-21a7baa405ae,0.770122989940804
127a75e4-c0ed-40e8-93d5-a67e373b5b7e,00a4d893-a99f-4644-bbbc-0b3457181e6a,0.7889108790063363
127a75e4-c0ed-40e8-93d5-a67e373b5b7e,00a51a39-7699-4861-92ac-56aee6a7cc86,0.7054677858717205
127a75e4-c0ed-40e8-93d5-a67e373b5b7e,00a6b550-fee5-4d03-901c-d74dcaf36951,0.8840721323084074
127a75e4-c0ed-40e8-93d5-a67e373b5b7e,00a6bef2-1a9e-4be8-8638-1b0cf4eafb1a,0.6594869899628435
127a75e4-c0ed-40e8-93d5-a67e373b5b7e,00a7abd6-c33b-467d-b763-99940970905d,0.7604324676526926
127a75e4-c0ed-40e8-93d5-a67e373b5b7e,00aa9f83-0691-4292-a1ca-aad89ef28467,0.7474111584733946
127a75e4-c0ed-40e8-93d5-a67e373b5b7e,00ac5ae2-7702-4110-bb9c-7cfe5c422e11,0.8353469649379045
127a75e4-c0ed-40e8-93d5-a67e373b5b7e,00ac63e3-452b-4fc2-82cb-9d79414d5d84,0.7392573745998566
127a75e4-c0ed-40e8-93d5-a67e373b5b7e,00af5b54-2042-49f2-a887-60b1ab5fdfaa,0.8058303823385702
127a75e4-c0ed-40e8-93d5-a67e373b5b7e,00b01628-8570-45a6-84f6-0abb953eb095,0.6244743771488505
127a75e4-c0ed-40e8-93d5-a67e373b5b7e,00b35555-d9d9-4e2c-a9ea-89482751ec98,0.6397339752769172
127a75e4-c0ed-40e8-93d5-a67e373b5b7e,00b48fe9-68dd-4f05-9669-2ddd2e384c23,0.6983720128401296
127a75e4-c0ed-40e8-93d5-a67e373b5b7e,00b5d491-bcb2-4c8a-b4c0-72214a3f7875,0.5286323264360104
127a75e4-c0ed-40e8-93d5-a67e373b5b7e,00b606d6-e60a-404c-8e79-086461056538,0.7660640117674428
127a75e4-c0ed-40e8-93d5-a67e373b5b7e,00b81ffc-95aa-465d-88a8-a136a0ab6736,0.7900468013931384
127a75e4-c0ed-40e8-93d5-a67e373b5b7e,00bac2ca-be37-4c93-830b-9ad3ef8e57b9,0.6566907788325992
127a75e4-c0ed-40e8-93d5-a67e373b5b7e,00bb109e-ec6a-4ed0-9ce8-d5aa87f7cd4b,0.6963767554852902
127a75e4-c0ed-40e8-93d5-a67e373b5b7e,00bba99e-e2a9-480c-8703-5d7f948f8f27,0.789566742476741
127a75e4-c0ed-40e8-93d5-a67e373b5b7e,00bdc483-8275-42a9-8753-843116934bf7,0.481684374713197
127a75e4-c0ed-40e8-93d5-a67e373b5b7e,00bf910e-9030-4467-a997-da6fa89f2d53,0.7995821379708283
127a75e4-c0ed-40e8-93d5-a67e373b5b7e,00bf9293-575c-40d8-af38-c763e9d1ca29,0.7078405557748272
127a75e4-c0ed-40e8-93d5-a67e373b5b7e,00c3a1ba-cafe-4e3d-8f23-39ae2f07fa40,0.8274310813380852
127a75e4-c0ed-40e8-93d5-a67e373b5b7e,00c6641a-565c-4618-9b75-f34453594b10,0.7740734968657433
127a75e4-c0ed-40e8-93d5-a67e373b5b7e,00c97837-ebb7-4b93-82e6-0f6583a88941,0.9066089744157628
127a75e4-c0ed-40e8-93d5-a67e373b5b7e,00ca37ad-865f-470f-a8e8-1a1f60a12737,0.9518449163236395
127a75e4-c0ed-40e8-93d5-a67e373b5b7e,00cc031d-3b62-4b75-bf0f-f134a3a6cc5d,0.8275885433855352
127a75e4-c0ed-40e8-93d5-a67e373b5b7e,00cc727f-7144-431a-afcf-e95c03b0b429,0.8429921967087166
127a75e4-c0ed-40e8-93d5-a67e373b5b7e,00cceeb9-553a-4ab8-b5e8-73942b0dc452,0.8091411020626248
127a75e4-c0ed-40e8-93d5-a67e373b5b7e,00ccfd6b-104a-4562-9731-5db60ce18943,0.7290693190464108
127a75e4-c0ed-40e8-93d5-a67e373b5b7e,00cddd17-8484-4509-a257-28712a70b6ee,0.7582558990688609
127a75e4-c0ed-40e8-93d5-a67e373b5b7e,00ce8565-2f26-4938-9af8-c61e17c6d3e6,0.8111671414769224
127a75e4-c0ed-40e8-93d5-a67e373b5b7e,00ced3ac-29b2-493e-b65d-ac42cab66faf,0.2256367805711053
127a75e4-c0ed-40e8-93d5-a67e373b5b7e,00d06bfb-a483-44de-a4fe-f652a3a391cd,0.7828311792840269
127a75e4-c0ed-40e8-93d5-a67e373b5b7e,00d0a2e3-b461-4049-8ee6-60d499d2a9c2,0.9562564948194788
127a75e4-c0ed-40e8-93d5-a67e373b5b7e,00d1135f-0175-4687-9293-9b1a9f76c135,0.7215902594058118
127a75e4-c0ed-40e8-93d5-a67e373b5b7e,00d196c5-d5f7-4cf5-a277-76f59ed59cff,0.8956653591006156
127a75e4-c0ed-40e8-93d5-a67e373b5b7e,00d2f116-4c67-4319-84cf-91a2b3e5aa59,0.7041131553812571
127a75e4-c0ed-40e8-93d5-a67e373b5b7e,00d41157-5ca9-4aed-8029-8e2fb485fb8c,0.8795003316987858
127a75e4-c0ed-40e8-93d5-a67e373b5b7e,00d4c7c0-f93a-4534-a9e1-cbda85636867,0.8912281267123012
127a75e4-c0ed-40e8-93d5-a67e373b5b7e,00d548ba-b2fa-42bd-89dc-96d3784eba02,0.71398384433506
127a75e4-c0ed-40e8-93d5-a67e373b5b7e,00d55dfd-32e9-429c-b552-cffa8bf88ff7,0.398015398469642
127a75e4-c0ed-40e8-93d5-a67e373b5b7e,00d5ce89-9aaf-4b28-abda-934fa78e11cc,0.821403549742196
127a75e4-c0ed-40e8-93d5-a67e373b5b7e,00d6d037-b99d-4583-ae17-c0e12916bd40,0.7580095591718743
127a75e4-c0ed-40e8-93d5-a67e373b5b7e,00d7295e-1b0e-49c2-8e0c-be834d39132c,0.7742101811944223
127a75e4-c0ed-40e8-93d5-a67e373b5b7e,00d7ee5e-6a83-4a34-b580-34b6c22f57b6,0.7376027664947078
127a75e4-c0ed-40e8-93d5-a67e373b5b7e,00d84212-853d-47d7-af54-0b0c4238c393,0.8621500847216875
127a75e4-c0ed-40e8-93d5-a67e373b5b7e,00d88681-bcbf-4f7f-a5db-f65509fa9257,0.8173354992673513
127a75e4-c0ed-40e8-93d5-a67e373b5b7e,00d931a8-240c-4b2d-81cc-29e22fd6a720,0.4274673618634015
127a75e4-c0ed-40e8-93d5-a67e373b5b7e,00d94291-ecb1-4492-84f9-d30951c0f65e,0.7042179623361476
127a75e4-c0ed-40e8-93d5-a67e373b5b7e,00d94f38-9575-479b-a42a-9f33a1df7835,0.6643539196570853
127a75e4-c0ed-40e8-93d5-a67e373b5b7e,00d9ebb1-b52b-4109-a187-024c67c28845,0.6837445161754331
127a75e4-c0ed-40e8-93d5-a67e373b5b7e,00db8ded-2833-495b-bb41-698b0ac0a24f,0.7530772871113712
127a75e4-c0ed-40e8-93d5-a67e373b5b7e,00dd1457-2038-4475-b010-e11a7d48cd4a,0.7038481011998228
127a75e4-c0ed-40e8-93d5-a67e373b5b7e,00ddb405-35c4-40de-8bb6-de141f855b82,0.7947391385068934
127a75e4-c0ed-40e8-93d5-a67e373b5b7e,00de1e10-eb66-4147-bb04-4cc62293706f,0.6773438559894562
127a75e4-c0ed-40e8-93d5-a67e373b5b7e,00deb91e-75f1-4c96-9082-aeb869066f21,0.9146221559436266
127a75e4-c0ed-40e8-93d5-a67e373b5b7e,00df2c58-ec55-4788-91bb-26525eb44a46,0.8520131713259829
127a75e4-c0ed-40e8-93d5-a67e373b5b7e,00df5f60-c1b8-494a-97e3-98a29e7b55de,0.6973995796278012
127a75e4-c0ed-40e8-93d5-a67e373b5b7e,00e0445b-6f7a-4c00-ba0d-412400939ed5,0.9126877940604146
127a75e4-c0ed-40e8-93d5-a67e373b5b7e,1001304c-79f0-4cad-a78b-1d0836f32bf9,0.7503017028031939
127a75e4-c0ed-40e8-93d5-a67e373b5b7e,100415d8-2c1a-478f-bbf3-65df443bb45f,0.894917076680217
127a75e4-c0ed-40e8-93d5-a67e373b5b7e,10049b5d-cf44-4b64-b8dd-8aeea432b697,0.6746179358173919
127a75e4-c0ed-40e8-93d5-a67e373b5b7e,10049dc8-419c-419c-bf7b-b49067dd0f28,0.8041051977401479
127a75e4-c0ed-40e8-93d5-a67e373b5b7e,10062773-8d26-44ee-8779-a3ef35703d22,0.8742143042006373
127a75e4-c0ed-40e8-93d5-a67e373b5b7e,10074605-945a-4ea2-9107-0362cb6f66ac,0.8839877502290217
127a75e4-c0ed-40e8-93d5-a67e373b5b7e,100865af-6351-4359-8b69-b9421dde368e,0.4137661714231624
127a75e4-c0ed-40e8-93d5-a67e373b5b7e,100a937a-2c38-4540-a178-59ff07081469,0.374409111763843
127a75e4-c0ed-40e8-93d5-a67e373b5b7e,100a9e41-a612-444c-84b2-3d30920b9700,0.5406237898602843
127a75e4-c0ed-40e8-93d5-a67e373b5b7e,100d46c2-d543-4d4d-a0f0-2c0711ac2441,0.8273991981373727
127a75e4-c0ed-40e8-93d5-a67e373b5b7e,100dcbf0-57aa-4033-a51f-13a4c8fe001a,0.7321450015053292
127a75e4-c0ed-40e8-93d5-a67e373b5b7e,100de2a1-ae13-421e-99ea-fd17ef1db80b,0.8463488225082664
127a75e4-c0ed-40e8-93d5-a67e373b5b7e,100e02eb-466c-4420-b248-7326aeb5cc06,0.7159074503239352
127a75e4-c0ed-40e8-93d5-a67e373b5b7e,100f97a5-a20d-4766-8871-9c7a8fc5ba8a,0.7075226393100817
127a75e4-c0ed-40e8-93d5-a67e373b5b7e,100fcdf0-086e-4778-ba14-d0e3c80da9f5,0.8081427959135232
127a75e4-c0ed-40e8-93d5-a67e373b5b7e,10101120-4464-44b3-a225-1a91b20ae8be,0.7967479640854187
127a75e4-c0ed-40e8-93d5-a67e373b5b7e,10147852-6a38-43f5-bdf1-71563b39a278,0.790676016714164
127a75e4-c0ed-40e8-93d5-a67e373b5b7e,10155e83-5b96-4fcf-bd70-e8cdcfc48254,0.8635983023841973
127a75e4-c0ed-40e8-93d5-a67e373b5b7e,1015db07-baa2-406a-8c87-4b0941a43aed,0.9459815553210638
127a75e4-c0ed-40e8-93d5-a67e373b5b7e,10163477-c11b-4b66-b570-b4fecbe45153,0.923724455268852
127a75e4-c0ed-40e8-93d5-a67e373b5b7e,101690a5-2f6d-43fb-8ca6-aba41395a090,0.8785630882750072
127a75e4-c0ed-40e8-93d5-a67e373b5b7e,101971d7-ad9d-434b-a6c7-11b4c6e5cc6a,0.7179129933242815
127a75e4-c0ed-40e8-93d5-a67e373b5b7e,101b5421-3eba-4292-8a06-03983de0e37a,0.8939593991061967
127a75e4-c0ed-40e8-93d5-a67e373b5b7e,101b8b13-9d6f-4a0b-8b7a-15c63656ddc4,0.2821312128622125
127a75e4-c0ed-40e8-93d5-a67e373b5b7e,101c9566-bf7c-4fbd-9b72-6b340445f9e2,0.8145200954115355
127a75e4-c0ed-40e8-93d5-a67e373b5b7e,101f1bf0-d48c-4db8-bf8c-f6dfd8ee1040,0.7458742125681268
127a75e4-c0ed-40e8-93d5-a67e373b5b7e,101f490e-a14c-4d89-9fcf-92fae34b32c4,0.7121513087227807
127a75e4-c0ed-40e8-93d5-a67e373b5b7e,1020d125-6388-4b5d-8da1-df1d80e91b6c,0.816750160778224
127a75e4-c0ed-40e8-93d5-a67e373b5b7e,1021df2f-fda2-421f-958c-a5c971abc894,0.5916232335072468
127a75e4-c0ed-40e8-93d5-a67e373b5b7e,1021e4d8-7a30-4aaf-a21b-fec78a1b779d,0.7003548126454818
127a75e4-c0ed-40e8-93d5-a67e373b5b7e,10223329-79c6-42fb-b870-df6a7e440f5b,0.8873312307167733
127a75e4-c0ed-40e8-93d5-a67e373b5b7e,10226a51-fc62-4238-bc56-5125d614f9d3,0.7420762877455251
127a75e4-c0ed-40e8-93d5-a67e373b5b7e,1022b5ae-3f46-4c6d-86cd-a3ddeb3598de,0.8362143586687534
127a75e4-c0ed-40e8-93d5-a67e373b5b7e,10235aba-ff52-4b78-9cba-547a4938da78,0.7358922933079355
127a75e4-c0ed-40e8-93d5-a67e373b5b7e,1023c1f4-08eb-42ec-9d81-952c7267a272,0.819081812310631
127a75e4-c0ed-40e8-93d5-a67e373b5b7e,10242ebd-a03d-44fd-8731-9e6ebcb24642,0.9585031355121224
127a75e4-c0ed-40e8-93d5-a67e373b5b7e,10248f5f-e7e9-4438-a3c3-64fc148a0edb,0.7446908517173326
127a75e4-c0ed-40e8-93d5-a67e373b5b7e,1024e317-6d26-4043-86bc-b4212c71c3fc,0.539439811527953
127a75e4-c0ed-40e8-93d5-a67e373b5b7e,10267418-8229-4f9f-a275-5d24476536bf,0.8280369063911915
127a75e4-c0ed-40e8-93d5-a67e373b5b7e,1026eae0-ab77-41d7-ad12-a2238f25fc5c,0.6953922943304215
127a75e4-c0ed-40e8-93d5-a67e373b5b7e,102997bb-5ba6-45de-99a0-0f55a3424228,0.7375197788820529
127a75e4-c0ed-40e8-93d5-a67e373b5b7e,102a3e2e-26ff-4bef-8bd8-92bee98141fb,0.6576847940122286
127a75e4-c0ed-40e8-93d5-a67e373b5b7e,102df44e-24de-4a23-bae4-43cdb247c11a,0.7960004600021161
127a75e4-c0ed-40e8-93d5-a67e373b5b7e,102e0835-23ee-4ed4-8c6c-701087c6313d,0.7943248450018568
127a75e4-c0ed-40e8-93d5-a67e373b5b7e,102ea561-62d9-46c1-bd33-3d3895aa828e,0.6265534892097818
127a75e4-c0ed-40e8-93d5-a67e373b5b7e,102f1f3a-dd2b-4190-b167-5016d0d2b2b6,0.939996753814071
127a75e4-c0ed-40e8-93d5-a67e373b5b7e,102fd379-27de-4ef4-af59-3f9989a74aea,0.6535868014421589
127a75e4-c0ed-40e8-93d5-a67e373b5b7e,10313064-60cf-4614-99a4-4eb08191290e,0.8822224387822669
127a75e4-c0ed-40e8-93d5-a67e373b5b7e,10316979-2639-4f97-901a-cc5718e47c1e,0.8710320721399513
127a75e4-c0ed-40e8-93d5-a67e373b5b7e,10331021-96ef-42ff-a49c-aa584feeddfa,0.768736657451781
127a75e4-c0ed-40e8-93d5-a67e373b5b7e,1033b158-1164-44e7-8349-c8ba071f2144,0.8568522421945818
127a75e4-c0ed-40e8-93d5-a67e373b5b7e,1034254b-249f-4001-b836-893230a90d9a,0.844418356882475
127a75e4-c0ed-40e8-93d5-a67e373b5b7e,10368956-4bad-45e8-a3e8-d0565e1904ed,0.9326941360669366
127a75e4-c0ed-40e8-93d5-a67e373b5b7e,10370652-3421-4f7b-966a-27de7462f690,0.8728898398791586
127a75e4-c0ed-40e8-93d5-a67e373b5b7e,10389101-b874-4e18-937e-5e994fdbd6f1,0.7886629656102233
127a75e4-c0ed-40e8-93d5-a67e373b5b7e,10389637-5c16-4c7b-9f94-240d92b293e7,0.7745726262899351
127a75e4-c0ed-40e8-93d5-a67e373b5b7e,1038f4d0-b6b8-4af6-a289-4da188aed40d,0.7383954346618312
127a75e4-c0ed-40e8-93d5-a67e373b5b7e,1039b689-0ddc-4696-a050-0f2ee983f1d8,0.7058033790998677
127a75e4-c0ed-40e8-93d5-a67e373b5b7e,103b616b-fad8-48cb-98a0-5aab958f4bf7,0.621364024851117
127a75e4-c0ed-40e8-93d5-a67e373b5b7e,103ca67f-e785-4918-87da-d7b74ec2f72b,0.8713678745364083
127a75e4-c0ed-40e8-93d5-a67e373b5b7e,103cd6ef-2b26-4f0f-9ee8-61e2cdd13304,0.8396336859717999
127a75e4-c0ed-40e8-93d5-a67e373b5b7e,103cebc7-245d-41af-8c24-07cbbf2eac1c,0.9503634236821284
127a75e4-c0ed-40e8-93d5-a67e373b5b7e,103ddc6c-7c65-4c07-bdbf-f8359376deac,0.7498587497152069
127a75e4-c0ed-40e8-93d5-a67e373b5b7e,103e78f9-5ca8-44ff-a668-7bc59da177de,0.7586819477394561
127a75e4-c0ed-40e8-93d5-a67e373b5b7e,103fcbbb-1435-4b21-b2ac-1fd7d9bb650f,0.6411403230411737
127a75e4-c0ed-40e8-93d5-a67e373b5b7e,10411d66-6102-413f-a391-8d9cab5cea87,0.8072747429074937
127a75e4-c0ed-40e8-93d5-a67e373b5b7e,104152c6-b418-4435-95d7-fc600af71b85,0.3669569857917963
127a75e4-c0ed-40e8-93d5-a67e373b5b7e,10415d17-46ae-4ebd-9fe4-4f8f4827cda1,0.8202941121253219
127a75e4-c0ed-40e8-93d5-a67e373b5b7e,104200fa-509b-4a9a-8297-ac39daf38b94,0.5676338665069526
127a75e4-c0ed-40e8-93d5-a67e373b5b7e,1043ee95-e164-4b80-9f77-d23a0991995d,0.5770161162311951
127a75e4-c0ed-40e8-93d5-a67e373b5b7e,10450ee7-e085-4865-b3e1-18a5bc99a436,0.9097647017895234
127a75e4-c0ed-40e8-93d5-a67e373b5b7e,10455b39-8b71-4dc0-9c08-cd0f03cdacbe,0.9263441773896413
127a75e4-c0ed-40e8-93d5-a67e373b5b7e,10468bd3-b845-4108-81c9-8bedb7af6a24,0.8144593861667129
127a75e4-c0ed-40e8-93d5-a67e373b5b7e,1046c6d6-89f6-4fee-a1a8-e5489da6efef,0.6376349465487119
127a75e4-c0ed-40e8-93d5-a67e373b5b7e,1046c883-c2a6-4063-9432-f5dd2899db58,0.4432058474871307
127a75e4-c0ed-40e8-93d5-a67e373b5b7e,1046e4bb-97ba-4e45-a362-4d6c58f2086f,0.7498622119991346
127a75e4-c0ed-40e8-93d5-a67e373b5b7e,104857d4-b662-41b6-b821-2ffdefde9b90,0.8676926362228989
127a75e4-c0ed-40e8-93d5-a67e373b5b7e,10490b6f-c055-4cd0-bf72-553e50399813,0.7484638695411513
127a75e4-c0ed-40e8-93d5-a67e373b5b7e,104b2544-708e-44c9-b044-3b6908c03395,0.8262300114558855
127a75e4-c0ed-40e8-93d5-a67e373b5b7e,104b2617-9f8e-49be-b0eb-8dadb2619eab,0.7523030285974266
127a75e4-c0ed-40e8-93d5-a67e373b5b7e,104cb2f1-ae02-4ca1-91dc-3108e9ee887e,0.860926991477767
127a75e4-c0ed-40e8-93d5-a67e373b5b7e,104f3ec1-220a-4981-8646-4e6213bf4063,0.8145015417431615
127a75e4-c0ed-40e8-93d5-a67e373b5b7e,10509b1c-dc76-4014-8e39-b61e22ebaf62,0.6285759701766686
127a75e4-c0ed-40e8-93d5-a67e373b5b7e,10517278-3d5a-499e-a64f-f93eea56e956,0.7896091051382487
127a75e4-c0ed-40e8-93d5-a67e373b5b7e,1051fc52-5e4f-4a64-a7f6-ef74b866202c,0.5718010126567288
127a75e4-c0ed-40e8-93d5-a67e373b5b7e,10532df8-9e76-4d2e-81e2-70936c0b5674,0.8409121869174112
127a75e4-c0ed-40e8-93d5-a67e373b5b7e,10539e89-fd45-4bcc-b7af-d244b190a920,0.8383432656412536
127a75e4-c0ed-40e8-93d5-a67e373b5b7e,10545c22-56b3-4146-bd66-9d463fc0c946,0.7667492969145528
127a75e4-c0ed-40e8-93d5-a67e373b5b7e,1055900e-eec3-4639-9366-751b1f0c0dbd,0.6953625732892944
127a75e4-c0ed-40e8-93d5-a67e373b5b7e,10565cb3-99f2-4099-8c67-804f79eb4814,0.6861795964316151
127a75e4-c0ed-40e8-93d5-a67e373b5b7e,105902d8-491d-4ca6-bf36-cd41466ea0f7,0.5797594491135646
127a75e4-c0ed-40e8-93d5-a67e373b5b7e,1059ee39-c287-4a9c-8a5f-87570840a7e7,0.8380426621796201
127a75e4-c0ed-40e8-93d5-a67e373b5b7e,105a52c4-3ddb-4561-bef5-d0bb8ad4f8d6,0.7863711360406027
127a75e4-c0ed-40e8-93d5-a67e373b5b7e,105b4b57-94a2-4caa-8248-6789fdf14771,0.7537196370078466
127a75e4-c0ed-40e8-93d5-a67e373b5b7e,105be668-64e6-43da-9d09-185fe3ba1e03,0.934170230905129
127a75e4-c0ed-40e8-93d5-a67e373b5b7e,105cb05f-b58e-4f54-ae5f-7ea8bd911768,0.9675412876110489
127a75e4-c0ed-40e8-93d5-a67e373b5b7e,105dac11-c9b4-40dc-a7fd-731f52f0a427,0.7306585875090302
127a75e4-c0ed-40e8-93d5-a67e373b5b7e,105e8f0d-d447-4346-8103-cda5a3c6e117,0.7091774461762702
127a75e4-c0ed-40e8-93d5-a67e373b5b7e,106106a6-bf20-4d52-a139-f22479deec03,0.9330340370026636
127a75e4-c0ed-40e8-93d5-a67e373b5b7e,10629c71-4ec7-438e-8601-bd89f9b4542c,0.6995913960116066
127a75e4-c0ed-40e8-93d5-a67e373b5b7e,1062aa9e-dee5-43c1-90a2-0211465d49d1,0.6241932257543632
127a75e4-c0ed-40e8-93d5-a67e373b5b7e,1063cc2f-4a5e-47ab-9347-579488f3ea9d,0.8033283551218372
127a75e4-c0ed-40e8-93d5-a67e373b5b7e,1068ebf0-1354-48d7-9425-740861beb9fc,0.7868319538054672
127a75e4-c0ed-40e8-93d5-a67e373b5b7e,106c9941-7b7e-4c35-b5df-a4bc2fcd5cf3,0.6342662978709124
127a75e4-c0ed-40e8-93d5-a67e373b5b7e,106cffaf-a227-4278-9e25-09590c379d23,0.7207595650784504
127a75e4-c0ed-40e8-93d5-a67e373b5b7e,106d8a0a-0daa-4a7e-b2c0-11762dce6006,0.8204555451917647
127a75e4-c0ed-40e8-93d5-a67e373b5b7e,106efaa1-a773-40d3-a2ff-e6a5578bf9d6,0.7453472975184348
127a75e4-c0ed-40e8-93d5-a67e373b5b7e,106f08fb-ba84-46f8-aac7-9cea94c58e96,0.7570559821778492
127a75e4-c0ed-40e8-93d5-a67e373b5b7e,1070b59d-a766-4357-9252-eda5ba56a5d5,0.7295380725514083
127a75e4-c0ed-40e8-93d5-a67e373b5b7e,1070b709-7bfa-485d-a4a8-acf5481bbe6e,0.7420893809799596
127a75e4-c0ed-40e8-93d5-a67e373b5b7e,1071ba4d-2089-4f20-ac48-f5eb461a9a67,0.9490140876845676
127a75e4-c0ed-40e8-93d5-a67e373b5b7e,107617d2-4a23-4c5d-8d46-150741fa38e6,0.7019695410400001
127a75e4-c0ed-40e8-93d5-a67e373b5b7e,107743b7-422f-4345-84e9-4834a8beccb1,0.6784930283497548
127a75e4-c0ed-40e8-93d5-a67e373b5b7e,10789052-7639-473e-9ba0-cad9d97eac7c,0.855533580679789
127a75e4-c0ed-40e8-93d5-a67e373b5b7e,10798337-5f1e-4663-a335-32df439e2ea8,0.7279522416647943
127a75e4-c0ed-40e8-93d5-a67e373b5b7e,10798e11-e135-46f2-9beb-d8a7bffce89f,0.8302523996271638
127a75e4-c0ed-40e8-93d5-a67e373b5b7e,1079ece7-78f2-4fc2-9e71-fb3e635e2982,0.5088172304110143
127a75e4-c0ed-40e8-93d5-a67e373b5b7e,107a090f-bc3d-434b-8b69-c7b446ceaafa,0.6488877243274174
127a75e4-c0ed-40e8-93d5-a67e373b5b7e,107a3d93-9577-4156-90ba-65d0deddb7da,0.7274068438797852
127a75e4-c0ed-40e8-93d5-a67e373b5b7e,107bf80c-1232-459d-819e-d9f48b38f639,0.9465184264328158
127a75e4-c0ed-40e8-93d5-a67e373b5b7e,107fdf58-d48c-4bc7-bbd4-74041a5e7359,0.822150149681156
127a75e4-c0ed-40e8-93d5-a67e373b5b7e,108005db-0c29-4128-962f-d3abfd4902ac,0.5467414245480744
127a75e4-c0ed-40e8-93d5-a67e373b5b7e,1084258a-8c19-4157-8088-b0bde2f44cf5,0.8734934748135553
127a75e4-c0ed-40e8-93d5-a67e373b5b7e,10845c5a-db7c-469b-92b0-efe8337017d7,0.8736492626337162
127a75e4-c0ed-40e8-93d5-a67e373b5b7e,10855b13-2bf7-4d6c-9b9a-d424ecb19b3e,0.507403460734709
127a75e4-c0ed-40e8-93d5-a67e373b5b7e,10894429-192b-4407-85f1-e8750ac20482,0.8124778999344766
127a75e4-c0ed-40e8-93d5-a67e373b5b7e,10897de6-37c6-4c7c-83c3-020508078b98,0.6566678101977812
127a75e4-c0ed-40e8-93d5-a67e373b5b7e,108a71b1-731a-40da-97f7-8a8f43a86e70,0.7352128883636859
127a75e4-c0ed-40e8-93d5-a67e373b5b7e,108bd162-e7b4-476c-a700-33cec76cdf0c,0.8281593370889987
127a75e4-c0ed-40e8-93d5-a67e373b5b7e,108c7db9-4393-4e74-85d4-ce9114b08914,0.6697839344288555
127a75e4-c0ed-40e8-93d5-a67e373b5b7e,108de0f2-d48d-4b06-9be9-0683cc630a6e,0.7779387139596529
127a75e4-c0ed-40e8-93d5-a67e373b5b7e,108e9e65-5635-478c-ab32-e0be92e016a2,0.3283199320196602
127a75e4-c0ed-40e8-93d5-a67e373b5b7e,108fa917-bb27-4421-9be3-50ed9d931c58,0.4568101363092586
127a75e4-c0ed-40e8-93d5-a67e373b5b7e,108fc6db-b7f7-4645-904e-5f32f63dab52,0.9426324909096542
127a75e4-c0ed-40e8-93d5-a67e373b5b7e,10933ec4-6397-4906-a623-b21e3e4f9177,0.2857254984120604
127a75e4-c0ed-40e8-93d5-a67e373b5b7e,10939e0c-6bef-434e-84f6-eea63f0e90ca,0.7579506401241943
127a75e4-c0ed-40e8-93d5-a67e373b5b7e,1093e307-cbb9-45d6-895d-a3660635f68f,0.6177655044354426
127a75e4-c0ed-40e8-93d5-a67e373b5b7e,1094433b-d8ea-4f4d-9ae9-2a66507ef2f7,0.7874721308828989
127a75e4-c0ed-40e8-93d5-a67e373b5b7e,1094c9f2-d6ec-442f-8d6c-c073008b8ad0,0.2433453918440589
127a75e4-c0ed-40e8-93d5-a67e373b5b7e,1095e4dc-40e4-4a2a-be74-3a25e3318519,0.8849183243832417
127a75e4-c0ed-40e8-93d5-a67e373b5b7e,1096213c-fa3a-4dc1-8f77-fbfd10a7dbc8,0.8235647100851614
127a75e4-c0ed-40e8-93d5-a67e373b5b7e,1098a748-6d10-49d4-b3f6-63b9d86496ae,0.8075465218449385
127a75e4-c0ed-40e8-93d5-a67e373b5b7e,1098ca77-a158-4b9c-86d5-eaeac4c4905b,0.6867539737333865
127a75e4-c0ed-40e8-93d5-a67e373b5b7e,10990315-ddb3-4e41-84ff-6928943ec4a4,0.7220761677345042
127a75e4-c0ed-40e8-93d5-a67e373b5b7e,109926de-f445-4a30-8d55-dfe66c915453,0.8308374728569314
127a75e4-c0ed-40e8-93d5-a67e373b5b7e,109a43fd-19e7-473b-a0fc-035353e77f2c,0.7241471493404255
127a75e4-c0ed-40e8-93d5-a67e373b5b7e,109a6141-db08-4e40-bf18-c53098ec3a24,0.7935081358213147
127a75e4-c0ed-40e8-93d5-a67e373b5b7e,109d2648-83f6-4ee8-97e7-5c2b6d540679,0.7395236671175627
127a75e4-c0ed-40e8-93d5-a67e373b5b7e,109ea567-bd06-42f6-9dce-ed8769fb68af,0.7772591945407744
127a75e4-c0ed-40e8-93d5-a67e373b5b7e,10a532c3-c379-429e-a01b-d8fc91cc6368,0.7514327108474478
127a75e4-c0ed-40e8-93d5-a67e373b5b7e,10a966f9-477a-4178-a187-c5b3f6aa0291,0.7436601849411283
127a75e4-c0ed-40e8-93d5-a67e373b5b7e,10ab68be-bc19-4d16-8a16-1073b1c5dabe,0.9103911734308988
127a75e4-c0ed-40e8-93d5-a67e373b5b7e,10ab7957-ef7c-4a2d-980e-844d10a10f41,0.7613106858064961
127a75e4-c0ed-40e8-93d5-a67e373b5b7e,10abf249-226f-43e8-b050-a8622ea6747a,0.345355743200246
127a75e4-c0ed-40e8-93d5-a67e373b5b7e,10b0f657-46bc-415d-b8f1-858485642940,0.9246469958079496
127a75e4-c0ed-40e8-93d5-a67e373b5b7e,10b371f6-7a97-4963-926f-8656b35a86f7,0.5044589092941922
127a75e4-c0ed-40e8-93d5-a67e373b5b7e,10b3d2e8-78f8-4793-abb8-24b9ba3c8ce5,0.8020946673715418
127a75e4-c0ed-40e8-93d5-a67e373b5b7e,10b4e3a1-4a98-443f-948e-b0adf6c41118,0.8671029973881117
127a75e4-c0ed-40e8-93d5-a67e373b5b7e,10b4f320-d65c-4e28-ba4e-0aa74891d0d0,0.7330125351228777
127a75e4-c0ed-40e8-93d5-a67e373b5b7e,10b86f68-8706-4830-ac8b-2d6d91c6f233,0.8434992403475174
127a75e4-c0ed-40e8-93d5-a67e373b5b7e,10b875e9-2616-45b3-813f-04760310f4c7,0.7062566389861696
127a75e4-c0ed-40e8-93d5-a67e373b5b7e,10bbfcd0-32b8-4f88-85a8-883331b46660,0.8669926243646888
127a75e4-c0ed-40e8-93d5-a67e373b5b7e,10bc49b3-67fd-41e6-aec0-0354e278ef18,0.8599920006489604
127a75e4-c0ed-40e8-93d5-a67e373b5b7e,10be4eb2-8d5e-459c-b6d5-fbf775a44ddf,0.7573830647316675
127a75e4-c0ed-40e8-93d5-a67e373b5b7e,10be549b-5292-4ea0-a34f-729487fe1ea8,0.5867991927777891
127a75e4-c0ed-40e8-93d5-a67e373b5b7e,10be965e-6cbc-4010-86b4-b629ac59d7ca,0.6880410712296995
127a75e4-c0ed-40e8-93d5-a67e373b5b7e,10c0272e-c5c2-4b95-ae2a-d2753df37f7c,0.8168016890804101
127a75e4-c0ed-40e8-93d5-a67e373b5b7e,10c11896-ca62-4e72-a29c-acf7b0606ec0,0.6897907683477136
127a75e4-c0ed-40e8-93d5-a67e373b5b7e,10c236c7-84a6-4e66-9bfd-b5117ba8b4cf,0.4276517019192768
127a75e4-c0ed-40e8-93d5-a67e373b5b7e,10c4f250-8b4c-43d9-91cd-e002da715ba5,0.8276217054384923
127a75e4-c0ed-40e8-93d5-a67e373b5b7e,10c56b80-1996-412d-aad3-67da6c0089a5,0.9226376765146328
127a75e4-c0ed-40e8-93d5-a67e373b5b7e,10c61809-915f-4721-a957-ed399bf36c9e,0.8556263232353668
127a75e4-c0ed-40e8-93d5-a67e373b5b7e,10c64845-4e63-4eab-bc5c-5d7b6c338492,0.7973724418924585
127a75e4-c0ed-40e8-93d5-a67e373b5b7e,10c9052a-da15-4568-8c18-d8c67a7287af,0.8419205857784271
127a75e4-c0ed-40e8-93d5-a67e373b5b7e,10ca797e-4ed5-4a6c-bf90-09012ca39d4f,0.8570520114870949
127a75e4-c0ed-40e8-93d5-a67e373b5b7e,10cb8565-7279-41b4-ad7d-18e8a874cd95,0.8008063052753351
127a75e4-c0ed-40e8-93d5-a67e373b5b7e,10cc00c7-c662-42f4-a388-1a1c9764e0e2,0.7956194275319599
127a75e4-c0ed-40e8-93d5-a67e373b5b7e,10cc21d3-76ec-4b41-8952-5702956b4fa9,0.7626786262702725
127a75e4-c0ed-40e8-93d5-a67e373b5b7e,10cea28e-88b8-4acf-abce-4f5ae6e54577,0.4030074461405344
127a75e4-c0ed-40e8-93d5-a67e373b5b7e,10d53d41-fb4d-4528-8e58-715031d8fcee,0.6971349322489814
127a75e4-c0ed-40e8-93d5-a67e373b5b7e,10d6e8e5-3ea0-4078-aff7-b44f3509dd06,0.4916416248008158
127a75e4-c0ed-40e8-93d5-a67e373b5b7e,10d8c953-7d0d-4c51-945e-5d65c055866b,0.8295698598588985
127a75e4-c0ed-40e8-93d5-a67e373b5b7e,10d916d7-99d3-4728-8ff3-bfada773e0be,0.7823023476553439
127a75e4-c0ed-40e8-93d5-a67e373b5b7e,10d95e75-8d87-4846-9b49-99fe1d9487ac,0.7312835498911497
127a75e4-c0ed-40e8-93d5-a67e373b5b7e,10d9874c-75b7-4368-a1f0-c52dac828541,0.8731820586526875
127a75e4-c0ed-40e8-93d5-a67e373b5b7e,10d9a95a-bd09-432a-b702-ff6a976a58ae,0.887601596131048
127a75e4-c0ed-40e8-93d5-a67e373b5b7e,10d9bc7b-803c-4580-91b1-ad37b4816cff,0.3487797770817576
127a75e4-c0ed-40e8-93d5-a67e373b5b7e,10db8da8-a54d-451f-9adf-c46ad1399a6d,0.7659942862491635
127a75e4-c0ed-40e8-93d5-a67e373b5b7e,10dd4bba-a01d-4f86-8586-872c32efe6f5,0.6350594108647689
127a75e4-c0ed-40e8-93d5-a67e373b5b7e,10dde2e9-d0fa-418f-8285-ef0fc1b96656,0.7216214689133154
127a75e4-c0ed-40e8-93d5-a67e373b5b7e,10e306ce-b18b-4301-824c-5e5d20f21000,0.7330100634841924
127a75e4-c0ed-40e8-93d5-a67e373b5b7e,10e390b8-8d6b-4ad2-9d5a-ea95fb1983c2,0.7970054287103447
127a75e4-c0ed-40e8-93d5-a67e373b5b7e,10e4398d-3acc-4367-800d-c016beb0ba74,0.615983921643954
127a75e4-c0ed-40e8-93d5-a67e373b5b7e,10e687a8-1f9f-47c5-8507-8a4fdb34223b,0.8102775150936087
127a75e4-c0ed-40e8-93d5-a67e373b5b7e,10e93caf-bb7e-44ea-91c5-a2a5bb80b1ff,0.6449742362925098
127a75e4-c0ed-40e8-93d5-a67e373b5b7e,10e98a82-57cd-4a9b-9928-7f053bf7b680,0.8282501260960329
127a75e4-c0ed-40e8-93d5-a67e373b5b7e,10eac019-4abf-4461-abfc-3f38e2fb4fd3,0.915977989080318
127a75e4-c0ed-40e8-93d5-a67e373b5b7e,10ec00a5-a6ce-42d2-bf08-c3e3a114e690,0.8245260295440294
127a75e4-c0ed-40e8-93d5-a67e373b5b7e,10ee2557-5202-4070-afbf-4e05bad5eddd,0.8750086643546113
127a75e4-c0ed-40e8-93d5-a67e373b5b7e,10eef0db-96ca-40d3-a67d-35342064e804,0.6746578839108983
127a75e4-c0ed-40e8-93d5-a67e373b5b7e,10ef2c25-2948-4624-a62e-56dd2eeb7299,0.9069793997822618
127a75e4-c0ed-40e8-93d5-a67e373b5b7e,10ef959b-6675-4b27-9f7f-237ba0fc6917,0.9478466808121422
127a75e4-c0ed-40e8-93d5-a67e373b5b7e,10efa845-35c5-43cf-933f-1b0745143f0a,0.608624763945565
127a75e4-c0ed-40e8-93d5-a67e373b5b7e,10f0ca3b-8011-4c22-9986-a50760b8259f,0.8963679451130461
127a75e4-c0ed-40e8-93d5-a67e373b5b7e,10f78a2a-35ee-4fa0-a9cb-cb03294bd2ae,0.7543347446020777
127a75e4-c0ed-40e8-93d5-a67e373b5b7e,10fb22e3-0142-48d6-9cfd-980dbb99cff3,0.885328896534702
127a75e4-c0ed-40e8-93d5-a67e373b5b7e,10fb4b6e-fbd8-495e-99dd-38a2cf67a904,0.9388762482317424
127a75e4-c0ed-40e8-93d5-a67e373b5b7e,10fec6ec-f5d3-46dd-8396-0a71d950874c,0.9568292617608616
127a75e4-c0ed-40e8-93d5-a67e373b5b7e,110019a1-99e4-4e35-9a8e-92e3173dfacc,0.6871395877255062
127a75e4-c0ed-40e8-93d5-a67e373b5b7e,110026d0-951f-4572-8a95-2d38c4ddb587,0.7836498721859505
127a75e4-c0ed-40e8-93d5-a67e373b5b7e,1101f55b-ece6-40a1-89aa-a9246d6fdf3a,0.9438500074142792
127a75e4-c0ed-40e8-93d5-a67e373b5b7e,1102c646-abc5-43fe-b59f-01ee9b6d62e2,0.8447088574481254
127a75e4-c0ed-40e8-93d5-a67e373b5b7e,11044d09-78f7-4b31-ab2c-bc60dbb7ff74,0.6474452777908044
127a75e4-c0ed-40e8-93d5-a67e373b5b7e,11049046-0c08-44b1-82c0-3ae49037b39a,0.8586197875870425
127a75e4-c0ed-40e8-93d5-a67e373b5b7e,1104ac6a-1713-4b4f-9559-e19e88abcb6b,0.6843406096323078
127a75e4-c0ed-40e8-93d5-a67e373b5b7e,1104ed43-bc53-4b04-92ca-3032fbfc8983,0.3937609455144964
127a75e4-c0ed-40e8-93d5-a67e373b5b7e,1105f229-1ae3-45ca-b92a-7d6ebaa32dfd,0.7154090678643126
127a75e4-c0ed-40e8-93d5-a67e373b5b7e,11085bc5-5dc3-4ce7-9473-9b4ec3960bd2,0.7799970179140526
127a75e4-c0ed-40e8-93d5-a67e373b5b7e,1108b9df-12bd-41f1-883c-ecac7ba31870,0.8459212556286908
127a75e4-c0ed-40e8-93d5-a67e373b5b7e,11098393-051f-4848-a5a4-7ff051f364ed,0.5241135940876832
127a75e4-c0ed-40e8-93d5-a67e373b5b7e,110e64c9-03e1-4bff-8e15-ce232c50eb38,0.9380897186189978
127a75e4-c0ed-40e8-93d5-a67e373b5b7e,110fc9cd-e224-44a5-a874-d1387a153c7c,0.8622559319076472
127a75e4-c0ed-40e8-93d5-a67e373b5b7e,111046f1-c6eb-4366-9c62-cc750f9eb7b6,0.5956569721974059
127a75e4-c0ed-40e8-93d5-a67e373b5b7e,1110d426-f6c0-4d71-90be-cce1b3b7cf27,0.89968370163894
127a75e4-c0ed-40e8-93d5-a67e373b5b7e,1111d3fc-3ca4-4c7b-aded-a31489198510,0.721846850630544
127a75e4-c0ed-40e8-93d5-a67e373b5b7e,1111d67e-0736-4a1e-91b2-37d8382df513,0.9659082606482396
127a75e4-c0ed-40e8-93d5-a67e373b5b7e,1112bd69-557d-4c60-928b-2f561fdcbadf,0.6352572785916492
127a75e4-c0ed-40e8-93d5-a67e373b5b7e,1112d397-7e66-4060-b919-3586d3f59947,0.6075498973250112
127a75e4-c0ed-40e8-93d5-a67e373b5b7e,1114127f-54e6-407e-8aa2-6ba9b1269499,0.7452614394649155
127a75e4-c0ed-40e8-93d5-a67e373b5b7e,1115b2d6-53d4-467d-ac96-066370607b47,0.4712500161255565
127a75e4-c0ed-40e8-93d5-a67e373b5b7e,1116157d-2801-471f-b603-1e3be1c2b359,0.4042882418320567
127a75e4-c0ed-40e8-93d5-a67e373b5b7e,111620b9-4f7d-49d2-aeb8-e89864d7f6c3,0.7935350508336546
127a75e4-c0ed-40e8-93d5-a67e373b5b7e,111744d2-501d-4d1b-b926-f9ffcf8a2b0d,0.8291102616181822
127a75e4-c0ed-40e8-93d5-a67e373b5b7e,1118d789-4791-4016-a1a5-a25708a25d60,0.7272026398544608
127a75e4-c0ed-40e8-93d5-a67e373b5b7e,1119158e-e908-4b9b-9f95-4529878699d6,0.9273102270466296
127a75e4-c0ed-40e8-93d5-a67e373b5b7e,111a12d7-711e-4dce-bab3-c57a76184b0f,0.6240749914264957
127a75e4-c0ed-40e8-93d5-a67e373b5b7e,111b0c0c-89ea-45b3-8561-bf21d9db9118,0.9203718658623822
127a75e4-c0ed-40e8-93d5-a67e373b5b7e,111b232c-436a-49c4-b31f-e0bb23cfea26,0.5614283434104289
127a75e4-c0ed-40e8-93d5-a67e373b5b7e,111b9f39-4933-423d-b104-996e7efefcbb,0.7583956098406482
127a75e4-c0ed-40e8-93d5-a67e373b5b7e,111cf89f-3fe6-4c72-819a-b92649b5d5a7,0.6931223480927091
127a75e4-c0ed-40e8-93d5-a67e373b5b7e,111f0e20-28d0-467e-a6b5-da5fe5944471,0.729766984173189
127a75e4-c0ed-40e8-93d5-a67e373b5b7e,111fbbfa-5d6a-4ebb-8655-531a65fc2344,0.738065984090121
127a75e4-c0ed-40e8-93d5-a67e373b5b7e,111fcb4d-a454-46e6-9fac-812355ab9369,0.8295598821259157
127a75e4-c0ed-40e8-93d5-a67e373b5b7e,11202a09-9ed1-4e49-8121-fdd40922878e,0.9054273384775554
127a75e4-c0ed-40e8-93d5-a67e373b5b7e,11232da6-ae2f-4be3-9d98-8b863c744bed,0.7080988006573821
127a75e4-c0ed-40e8-93d5-a67e373b5b7e,1123922e-ded9-4f39-ac00-2743a8ca017f,0.9609688364103124
127a75e4-c0ed-40e8-93d5-a67e373b5b7e,11249b78-b46f-4c35-8274-61c13c1daa5f,0.7777402145006713
127a75e4-c0ed-40e8-93d5-a67e373b5b7e,1124b01c-fee9-42d2-b3b9-12f4f608ce0c,0.7557525497300202
127a75e4-c0ed-40e8-93d5-a67e373b5b7e,1124fedd-8ded-4ccd-b17b-3af934a6d299,0.8024575225362669
127a75e4-c0ed-40e8-93d5-a67e373b5b7e,11250bf8-c2f9-4d5f-8cf8-f1a3fa3f185c,0.7658993796207174
127a75e4-c0ed-40e8-93d5-a67e373b5b7e,1125e44e-21e3-4135-8128-cae875790063,0.6636852130049251
127a75e4-c0ed-40e8-93d5-a67e373b5b7e,1127cdb2-32a0-4653-9e0c-626d5a86fa2d,0.7702202718356086
127a75e4-c0ed-40e8-93d5-a67e373b5b7e,1128dfbb-3711-46f9-b80c-31e75247932d,0.7178888082282299
127a75e4-c0ed-40e8-93d5-a67e373b5b7e,112c644a-a939-4148-a21c-6a34ffd752af,0.7778780752218777
127a75e4-c0ed-40e8-93d5-a67e373b5b7e,112d14ec-58aa-4d8e-8bc4-a4c62eee4bfa,0.7880377237600932
127a75e4-c0ed-40e8-93d5-a67e373b5b7e,1133bfb8-d3d6-4714-8977-6055ad71b957,0.8230096790620929
127a75e4-c0ed-40e8-93d5-a67e373b5b7e,113408be-da47-445e-8b1d-97187b1b7b4c,0.5978959263585739
127a75e4-c0ed-40e8-93d5-a67e373b5b7e,11343a23-9861-45d9-b2e9-1d5c875f6fde,0.7272142275227378
127a75e4-c0ed-40e8-93d5-a67e373b5b7e,11349a10-e604-4b2a-9161-ece79b4f2ee2,0.6027068650810979
127a75e4-c0ed-40e8-93d5-a67e373b5b7e,1134baf9-a953-4855-b05a-51b7b7123ffa,0.7788665097894798
127a75e4-c0ed-40e8-93d5-a67e373b5b7e,11354178-c2a8-43fb-aa46-9f654e6306c4,0.4811326119310275
127a75e4-c0ed-40e8-93d5-a67e373b5b7e,1135f9e4-fa91-4127-81bf-e4535f50b99b,0.8502634311586762
127a75e4-c0ed-40e8-93d5-a67e373b5b7e,11368c8f-b937-4a70-a56d-fed459450412,0.5888568837596886
127a75e4-c0ed-40e8-93d5-a67e373b5b7e,11394269-355d-4789-a0fa-f83d5b2a1d63,0.839690109406981
127a75e4-c0ed-40e8-93d5-a67e373b5b7e,113b85bf-a7cb-46b3-8aa5-66285f304f4b,0.795025915182851
127a75e4-c0ed-40e8-93d5-a67e373b5b7e,113c3845-0ca2-438f-90a8-0e929c750535,0.6861122164353591
127a75e4-c0ed-40e8-93d5-a67e373b5b7e,113f2b53-f864-4705-af0b-a345a16a767b,0.8244581425296114
127a75e4-c0ed-40e8-93d5-a67e373b5b7e,11407ce1-d73b-427e-a9d1-dc99ea0614df,0.7379124001589438
127a75e4-c0ed-40e8-93d5-a67e373b5b7e,1140dd36-5512-4385-8413-1fcb4cf30026,0.6909954212285279
127a75e4-c0ed-40e8-93d5-a67e373b5b7e,1140eec9-e30e-41f3-a0fe-27a87f8ce814,0.786198772688401
127a75e4-c0ed-40e8-93d5-a67e373b5b7e,11437823-8f6e-4a4d-9aa0-77a6783043b9,0.9131349244627373
127a75e4-c0ed-40e8-93d5-a67e373b5b7e,11440f9b-9d08-4485-8dd4-f37779dfab83,0.7636815576080199
127a75e4-c0ed-40e8-93d5-a67e373b5b7e,114526e9-f465-48ca-83d9-4860e14bf7f8,0.7374406286475939
127a75e4-c0ed-40e8-93d5-a67e373b5b7e,1145d4b6-0568-4331-a5c1-870b679ec765,0.8746604086076565
127a75e4-c0ed-40e8-93d5-a67e373b5b7e,114601f3-c3ff-4d7f-856b-56946d2bcc5d,0.7619862563673316
127a75e4-c0ed-40e8-93d5-a67e373b5b7e,114704c0-18aa-4c55-9fea-d591b1808c81,0.7079174632639702
127a75e4-c0ed-40e8-93d5-a67e373b5b7e,11496a93-cf58-41c8-be79-3b79d972b7fa,0.8555272384948553
127a75e4-c0ed-40e8-93d5-a67e373b5b7e,114b8056-013d-4678-84d7-6c9898346b27,0.6707410858190619
127a75e4-c0ed-40e8-93d5-a67e373b5b7e,114c7a36-f293-42e6-966f-510f3411c498,0.8068794928296595
127a75e4-c0ed-40e8-93d5-a67e373b5b7e,114e2230-17e4-49b1-815c-5c594832d8d0,0.6646761114582157
127a75e4-c0ed-40e8-93d5-a67e373b5b7e,1151003d-ad03-4d06-9452-776bcc640e2a,0.592281732854836
127a75e4-c0ed-40e8-93d5-a67e373b5b7e,11510080-81ca-4828-9ead-d8a148ed76c9,0.9169316191851306
127a75e4-c0ed-40e8-93d5-a67e373b5b7e,11519165-f4be-4c5a-90c2-b61124ef4972,0.9035578187176674
127a75e4-c0ed-40e8-93d5-a67e373b5b7e,11544e6f-e6e8-4dbd-8bb3-56dee65c6f9b,0.9244816314760388
127a75e4-c0ed-40e8-93d5-a67e373b5b7e,1154f9fb-db3c-42bb-9e99-dcf87ba7c2b8,0.6915235034364041
127a75e4-c0ed-40e8-93d5-a67e373b5b7e,11551ba5-a19e-4d0d-92fb-3f9c8ad509ed,0.7554028926846658
127a75e4-c0ed-40e8-93d5-a67e373b5b7e,115742ab-51ac-44f4-9695-8027a10f4a23,0.9685916425639352
127a75e4-c0ed-40e8-93d5-a67e373b5b7e,1157ff52-520b-488c-941c-31db2ed3e8db,0.7032619264535206
127a75e4-c0ed-40e8-93d5-a67e373b5b7e,11592f77-218d-4163-b189-74819d7fc78e,0.7586880177038695
127a75e4-c0ed-40e8-93d5-a67e373b5b7e,11596857-2821-4ec9-b1d1-8323bf15d9b9,0.8280828556356973
127a75e4-c0ed-40e8-93d5-a67e373b5b7e,115a5a80-995a-4d87-8644-1fe3c9143894,0.8407407623990781
127a75e4-c0ed-40e8-93d5-a67e373b5b7e,115e0fa5-2147-4a84-a034-318d5b18a790,0.8077320532439245
127a75e4-c0ed-40e8-93d5-a67e373b5b7e,115eb4e6-b012-41ac-a150-77233419a8b7,0.957667628385746
127a75e4-c0ed-40e8-93d5-a67e373b5b7e,115f1f51-0d30-4ba7-a420-21811962c2fa,0.8797518276434372
127a75e4-c0ed-40e8-93d5-a67e373b5b7e,115f2408-b596-4865-8b74-fbdd10eaaede,0.7307366792641125
127a75e4-c0ed-40e8-93d5-a67e373b5b7e,1162751c-93cb-4969-b323-c31866321a5d,0.7794802650230143
127a75e4-c0ed-40e8-93d5-a67e373b5b7e,116289e5-e475-4da0-9fca-e647519a834c,0.7848913099176476
127a75e4-c0ed-40e8-93d5-a67e373b5b7e,1163c524-4fc1-4a09-9e09-86ad7c931ed8,0.4529063984703786
127a75e4-c0ed-40e8-93d5-a67e373b5b7e,11641b2a-8c69-4d23-8152-d523b380fe32,0.8803530909343631
127a75e4-c0ed-40e8-93d5-a67e373b5b7e,116678fc-f121-43a6-abec-636d860bad54,0.7602487532690253
127a75e4-c0ed-40e8-93d5-a67e373b5b7e,116685a1-3248-419b-8de6-5b477f774427,0.6215864897675746
127a75e4-c0ed-40e8-93d5-a67e373b5b7e,116708f9-d774-4f5d-b6d5-35437bb7fdcd,0.7239886488313363
127a75e4-c0ed-40e8-93d5-a67e373b5b7e,11671110-b4fb-4a7e-80bc-581c20bae519,0.8374887717633865
127a75e4-c0ed-40e8-93d5-a67e373b5b7e,1168efef-7c5f-4154-a718-1c1959899634,0.5523098239402401
127a75e4-c0ed-40e8-93d5-a67e373b5b7e,1169eedc-212c-46b6-abf8-8dad76fa8e10,0.9308673840637612
127a75e4-c0ed-40e8-93d5-a67e373b5b7e,116ad5ed-6102-4c34-8f93-269e5d8b55db,0.6914197610008996
127a75e4-c0ed-40e8-93d5-a67e373b5b7e,116b6090-af96-4902-b51e-20b167e5c48c,0.8878549558088252
127a75e4-c0ed-40e8-93d5-a67e373b5b7e,116c1027-97c2-4c56-b6c2-6bbb084d935e,0.8867943841563475
127a75e4-c0ed-40e8-93d5-a67e373b5b7e,116cff91-b691-4957-a036-3182c205a31e,0.6787779969322268
127a75e4-c0ed-40e8-93d5-a67e373b5b7e,116d53cf-7ed0-43de-849f-3c24362e821d,0.7736494912926941
127a75e4-c0ed-40e8-93d5-a67e373b5b7e,116e91e0-bfa6-4c3b-8892-d89adebcba96,0.8024469192740925
127a75e4-c0ed-40e8-93d5-a67e373b5b7e,11716939-23b9-4ade-b7cb-042853ba878b,0.7612931106059557
127a75e4-c0ed-40e8-93d5-a67e373b5b7e,1171b35d-a9df-434e-b701-f582f1ca365f,0.701441277372362
127a75e4-c0ed-40e8-93d5-a67e373b5b7e,11723bf9-a762-4197-b9d4-3de014c0fa56,0.679602655333742
127a75e4-c0ed-40e8-93d5-a67e373b5b7e,11733da7-cb77-47e5-8c36-f5b2e88890c7,0.6427775622946255
127a75e4-c0ed-40e8-93d5-a67e373b5b7e,1173ecae-5fd5-40da-886b-3401bc1ba5df,0.6979120565490929
127a75e4-c0ed-40e8-93d5-a67e373b5b7e,1174cd9e-d5ef-4dd1-b98e-fad92d8c1fc3,0.946283577768056
127a75e4-c0ed-40e8-93d5-a67e373b5b7e,1175f5ee-44ad-4609-bafb-35da42552402,0.6978745775086767
127a75e4-c0ed-40e8-93d5-a67e373b5b7e,117708cc-b822-43b6-b428-4c0939e1b0fd,0.2930546682526777
127a75e4-c0ed-40e8-93d5-a67e373b5b7e,11777c5b-dafe-4f40-abf3-9a946084a01c,0.8802423011378925
127a75e4-c0ed-40e8-93d5-a67e373b5b7e,117938f7-741a-4764-a9b4-f928d71ca633,0.6713644833231238
127a75e4-c0ed-40e8-93d5-a67e373b5b7e,117966ea-9c3e-4d59-9736-1743db657270,0.8421812211366304
127a75e4-c0ed-40e8-93d5-a67e373b5b7e,117cd820-f685-4780-93d2-a6cacd00f5e2,0.6830864038993653
127a75e4-c0ed-40e8-93d5-a67e373b5b7e,118652a4-1058-4f54-828e-b4b5186b600d,0.8508119801923553
127a75e4-c0ed-40e8-93d5-a67e373b5b7e,1186b533-c494-418d-9b1b-0f15d1a397d4,0.9178160272755268
127a75e4-c0ed-40e8-93d5-a67e373b5b7e,11877969-2853-4b5d-8790-fd2309195e8c,0.7273344650555561
127a75e4-c0ed-40e8-93d5-a67e373b5b7e,118a8974-defe-491e-9472-fe06e20bd4ab,0.8246835489070695
127a75e4-c0ed-40e8-93d5-a67e373b5b7e,118d2fdc-4a14-4398-aafe-059e35568d6a,0.6346856498245372
127a75e4-c0ed-40e8-93d5-a67e373b5b7e,118f7f2a-11cf-4f1c-9836-79086e09c805,0.7211448159890727
127a75e4-c0ed-40e8-93d5-a67e373b5b7e,118fc08e-604f-40e2-b8ad-d054c0e2333b,0.817325209476767
127a75e4-c0ed-40e8-93d5-a67e373b5b7e,118ff760-7c42-4fd7-8ea5-a96f1dc76dd7,0.8410023773982254
127a75e4-c0ed-40e8-93d5-a67e373b5b7e,1190ac51-3ecc-4f87-881d-3af3237111d4,0.7110042138351678
127a75e4-c0ed-40e8-93d5-a67e373b5b7e,11925b7c-3cfb-410b-abf3-4b471d449d18,0.4680089292371729
127a75e4-c0ed-40e8-93d5-a67e373b5b7e,1192b665-12a5-48da-bbac-7baa72f18bf8,0.7731861261985751
127a75e4-c0ed-40e8-93d5-a67e373b5b7e,1192cfe0-2a37-48a1-95b7-686389cbbfc8,0.8372410635587938
127a75e4-c0ed-40e8-93d5-a67e373b5b7e,11933e01-9b9a-481f-b8ba-8892b88f44e8,0.7330318722803748
127a75e4-c0ed-40e8-93d5-a67e373b5b7e,11934398-bcc5-419a-9c2e-ea9440c3d555,0.8566074290275837
127a75e4-c0ed-40e8-93d5-a67e373b5b7e,119366d7-58c0-4ec4-91c2-02d0a9ce025d,0.7481482327277491
127a75e4-c0ed-40e8-93d5-a67e373b5b7e,1195df8d-58b1-42ec-87b4-c1c4991e713f,0.4087408686788737
127a75e4-c0ed-40e8-93d5-a67e373b5b7e,11960eb1-665e-4f69-bbd9-ce8897897263,0.9236755713455972
127a75e4-c0ed-40e8-93d5-a67e373b5b7e,1197b0ce-eb66-4646-a5c7-14e4302384f5,0.8659128336901551
127a75e4-c0ed-40e8-93d5-a67e373b5b7e,11984a31-d478-49e4-8922-078691a13f86,0.8522548454839917
127a75e4-c0ed-40e8-93d5-a67e373b5b7e,11988062-15e9-4482-8940-1bde0a60fb86,0.6740552917171359
127a75e4-c0ed-40e8-93d5-a67e373b5b7e,1198831c-428f-474b-8949-efd8e05125c2,0.8644626213720996
127a75e4-c0ed-40e8-93d5-a67e373b5b7e,119bc421-2405-49d3-a68e-a813a17888c6,0.7940455193407581
127a75e4-c0ed-40e8-93d5-a67e373b5b7e,119d7a1b-b155-45c1-83e3-57ce700330bf,0.7326541035696987
127a75e4-c0ed-40e8-93d5-a67e373b5b7e,119dbd2b-2c20-4ece-8e32-31702a892cd2,0.4257152777004724
127a75e4-c0ed-40e8-93d5-a67e373b5b7e,119e817c-e928-45ad-94b4-639211e82ef5,0.7358445031186093
127a75e4-c0ed-40e8-93d5-a67e373b5b7e,11a0c64b-7eca-4bfe-8458-8ffefe773166,0.6832250449329614
127a75e4-c0ed-40e8-93d5-a67e373b5b7e,11a44535-ae7b-4725-94c4-d00ab66f6046,0.7159501975014676
127a75e4-c0ed-40e8-93d5-a67e373b5b7e,11a51cf2-f423-4f58-97db-737fd455c3bf,0.3450729960307115
127a75e4-c0ed-40e8-93d5-a67e373b5b7e,11a61997-6c76-47f1-a2dc-c1199fd74237,0.8316749986829239
127a75e4-c0ed-40e8-93d5-a67e373b5b7e,11aa0704-daa0-4ca6-a626-6b11053d579d,0.7581580062281632
127a75e4-c0ed-40e8-93d5-a67e373b5b7e,11ab810a-00b7-435a-b95d-bd245384c3e0,0.7753626943669485
127a75e4-c0ed-40e8-93d5-a67e373b5b7e,11abdab9-f698-48de-bbf6-f8e9ec221547,0.7693337902498838
127a75e4-c0ed-40e8-93d5-a67e373b5b7e,11aca594-abdc-47c1-9515-39a37f7dba62,0.7110254164315757
127a75e4-c0ed-40e8-93d5-a67e373b5b7e,11ad6f13-f2ab-448b-b0a4-e8821aed5410,0.8871587729624675
127a75e4-c0ed-40e8-93d5-a67e373b5b7e,11adf5de-46cb-4a16-877f-f4f7472f8338,0.9703337695921572
127a75e4-c0ed-40e8-93d5-a67e373b5b7e,11af67e2-aa7d-4e44-a678-61c20c9a6e41,0.3561862616151572
127a75e4-c0ed-40e8-93d5-a67e373b5b7e,11afc643-7c83-4cc5-b0bd-5e3ad78eb90c,0.7641676703037852
127a75e4-c0ed-40e8-93d5-a67e373b5b7e,11aff0ab-cdee-4b69-a3a2-5f530286a749,0.8516426730046741
127a75e4-c0ed-40e8-93d5-a67e373b5b7e,11b01b14-4980-457d-ab41-a11f64a52380,0.6424587862938443
127a75e4-c0ed-40e8-93d5-a67e373b5b7e,11b11ebd-f3b9-4c17-8768-cc4b7ad8e910,0.6065216122885024
127a75e4-c0ed-40e8-93d5-a67e373b5b7e,11b229c6-a6d9-46a5-8f5b-fcf3ac6f4186,0.8829352518412568
127a75e4-c0ed-40e8-93d5-a67e373b5b7e,11b26cac-9264-4cb2-851d-e641b9fc63af,0.6728302555970426
127a75e4-c0ed-40e8-93d5-a67e373b5b7e,11b3e4b8-8c62-4146-9830-af4a75f1f759,0.9021060098901916
127a75e4-c0ed-40e8-93d5-a67e373b5b7e,11b45e1a-cf0f-4db0-964e-b1b4a1269bdc,0.7632763655995015
127a75e4-c0ed-40e8-93d5-a67e373b5b7e,11b499ed-b180-4233-a61a-fe912873c0f6,0.7573141809739192
127a75e4-c0ed-40e8-93d5-a67e373b5b7e,11b6a530-9f09-41d6-8942-9c1cecf82278,0.7193255454026524
127a75e4-c0ed-40e8-93d5-a67e373b5b7e,11b6c4db-b1a0-4233-aa1e-ad44ec262f44,0.7069939348222264
127a75e4-c0ed-40e8-93d5-a67e373b5b7e,11b6e56c-200f-4eee-9df1-c0c17015edbf,0.7678232156459477
127a75e4-c0ed-40e8-93d5-a67e373b5b7e,11b77141-5f53-421a-8109-69e08525f5b1,0.8225846381553099
127a75e4-c0ed-40e8-93d5-a67e373b5b7e,11b8ba91-d53a-4d8f-9475-7827b6986040,0.5342550228544998
127a75e4-c0ed-40e8-93d5-a67e373b5b7e,11bb8386-8299-43ca-89cf-3532b03aab30,0.6661997766903742
127a75e4-c0ed-40e8-93d5-a67e373b5b7e,11bb894b-1be7-4fcc-b0b5-6c6eacdd73aa,0.7810157140796665
127a75e4-c0ed-40e8-93d5-a67e373b5b7e,11bd0d90-0a96-4b0e-a493-f2ec846a6cad,0.797811155492908
127a75e4-c0ed-40e8-93d5-a67e373b5b7e,11bd9659-f6ad-409f-9c35-e64a886c0c6c,0.7429815999463877
127a75e4-c0ed-40e8-93d5-a67e373b5b7e,11bf4219-5505-4f6c-beee-364244cfa76a,0.5665093295738124
127a75e4-c0ed-40e8-93d5-a67e373b5b7e,11bfa239-ced7-4e69-847a-c8a9800d11e1,0.8735163551632114
127a75e4-c0ed-40e8-93d5-a67e373b5b7e,11c096eb-c39f-4622-b1dd-7efecb7677f8,0.6676401891788329
127a75e4-c0ed-40e8-93d5-a67e373b5b7e,11c1fc35-1f30-4e50-a839-8288138c9309,0.5143546601607837
127a75e4-c0ed-40e8-93d5-a67e373b5b7e,11c61684-b830-496d-898a-e180029811f4,0.2489913089006944
127a75e4-c0ed-40e8-93d5-a67e373b5b7e,11c641a1-5177-4eb6-a8ef-9f4e02e96f9f,0.7695693940330807
127a75e4-c0ed-40e8-93d5-a67e373b5b7e,11c656cf-7775-435b-9dae-fde27234c36f,0.9513817626897724
127a75e4-c0ed-40e8-93d5-a67e373b5b7e,11c790ab-0f6b-43a5-b864-50e5d76f2c1e,0.8893832691984054
127a75e4-c0ed-40e8-93d5-a67e373b5b7e,11c960e7-bef3-478c-bb17-24da52ff0282,0.7898058281889787
127a75e4-c0ed-40e8-93d5-a67e373b5b7e,11cc3945-2b8b-4940-a210-8334adb9406c,0.7530150876670243
127a75e4-c0ed-40e8-93d5-a67e373b5b7e,11cecde3-e83c-4c99-abb0-a0549cfb46a0,0.8018532859633665
127a75e4-c0ed-40e8-93d5-a67e373b5b7e,11cfc1bf-4abe-4077-a943-f505eb34748b,0.7404579191047892
127a75e4-c0ed-40e8-93d5-a67e373b5b7e,11d0765b-e489-4182-9e6c-a0f136cb255a,0.6695351902808727
127a75e4-c0ed-40e8-93d5-a67e373b5b7e,11d28ef7-46d8-43fb-b468-b99e9627dbfb,0.713471174120705
127a75e4-c0ed-40e8-93d5-a67e373b5b7e,11d2af65-c934-4335-9cd0-fb7065c8c522,0.5797339903322007
127a75e4-c0ed-40e8-93d5-a67e373b5b7e,11d2ef24-c8d2-4968-a930-2520512242b4,0.6991562825258136
127a75e4-c0ed-40e8-93d5-a67e373b5b7e,11d38996-6fea-433a-966f-2604b86dfadd,0.7733114649585832
127a75e4-c0ed-40e8-93d5-a67e373b5b7e,11d4deb9-75f1-4f7d-8d51-20e9f52e8172,0.6702439444424922
127a75e4-c0ed-40e8-93d5-a67e373b5b7e,11d5090c-de15-492e-849e-6f345173dad9,0.6670506851727573
127a75e4-c0ed-40e8-93d5-a67e373b5b7e,11d78352-1979-401a-9fe1-7c3b59aa38b8,0.9099131562483068
127a75e4-c0ed-40e8-93d5-a67e373b5b7e,11da2d4b-8b11-42f9-9515-8b09e86ff18c,0.7329044776130715
127a75e4-c0ed-40e8-93d5-a67e373b5b7e,11dbe731-9b43-41af-86e2-c08083270b53,0.824946614899625
127a75e4-c0ed-40e8-93d5-a67e373b5b7e,11dcbb4b-8c73-4c18-ac78-7b5887c3adcb,0.7501485992911028
127a75e4-c0ed-40e8-93d5-a67e373b5b7e,11dd7a45-7384-4452-9cae-f9c358ec3dea,0.6652923838296612
127a75e4-c0ed-40e8-93d5-a67e373b5b7e,11de611d-3e2b-4791-93ce-8450fcea669b,0.7145420341299108
127a75e4-c0ed-40e8-93d5-a67e373b5b7e,11defa57-560e-4fc8-91be-08b7a8b591bb,0.7141231503191706
127a75e4-c0ed-40e8-93d5-a67e373b5b7e,11e166ff-a172-40df-94b8-50867cf39a2c,0.7198208112648417
127a75e4-c0ed-40e8-93d5-a67e373b5b7e,11e1d743-f6af-49f1-adf1-f7f4cd2663d1,0.6822479765215155
127a75e4-c0ed-40e8-93d5-a67e373b5b7e,11e37c0b-dee9-458d-9066-af484a32bfeb,0.774068341998294
127a75e4-c0ed-40e8-93d5-a67e373b5b7e,11e3d266-ca64-4d7c-8fdc-d7584785bd77,0.3051700822638501
127a75e4-c0ed-40e8-93d5-a67e373b5b7e,11e415ad-918e-4c24-a046-36a8d9ac159f,0.8277071771250781
127a75e4-c0ed-40e8-93d5-a67e373b5b7e,11e4bdbd-a425-4976-90e0-e25b2e5952ba,0.7865338884790183
127a75e4-c0ed-40e8-93d5-a67e373b5b7e,11e4c96d-5162-4d97-9d48-dd7723d84a82,0.7323778048929913
127a75e4-c0ed-40e8-93d5-a67e373b5b7e,11e5065a-499a-4da6-b073-daa360c73154,0.7586297046843142
127a75e4-c0ed-40e8-93d5-a67e373b5b7e,11e56e73-59c7-4dd6-ac54-859b712e4c8a,0.836005144039824
127a75e4-c0ed-40e8-93d5-a67e373b5b7e,11e6080b-8ec5-48a8-b08b-8010ea10b62e,0.7106436701867171
127a75e4-c0ed-40e8-93d5-a67e373b5b7e,11e6a6a0-6551-40e4-8395-ca8ce69ad3a3,0.4085048410225801
127a75e4-c0ed-40e8-93d5-a67e373b5b7e,11e8096c-0461-4c31-ad33-76eb08202ed7,0.6308085506130657
127a75e4-c0ed-40e8-93d5-a67e373b5b7e,11e82047-66be-45c8-8db5-8a071e0b3175,0.976250995389977
127a75e4-c0ed-40e8-93d5-a67e373b5b7e,11e93dcf-812e-4851-9fea-23fead077e5e,0.8376827811111347
127a75e4-c0ed-40e8-93d5-a67e373b5b7e,11e9c1c4-1991-49bb-960a-198cf3f9e5a8,0.7444114477839038
127a75e4-c0ed-40e8-93d5-a67e373b5b7e,11e9fe4c-17af-4a74-8405-a6398bcbc2c4,0.7464533927548587
127a75e4-c0ed-40e8-93d5-a67e373b5b7e,11ebca57-7aef-4552-a5df-79385c5f2f45,0.8122384187441961
127a75e4-c0ed-40e8-93d5-a67e373b5b7e,11ede113-7438-4ee8-99c6-dfdd255c4141,0.6426649475826378
127a75e4-c0ed-40e8-93d5-a67e373b5b7e,11f459c8-4d7e-425f-959d-b8c01f007b2f,0.6768720019118225
127a75e4-c0ed-40e8-93d5-a67e373b5b7e,11f59e2b-9446-4864-bfcf-3086c0835b06,0.8807896108237322
127a75e4-c0ed-40e8-93d5-a67e373b5b7e,11f7e996-75b8-4f1a-ae97-06d2c9b998db,0.739288295778025
127a75e4-c0ed-40e8-93d5-a67e373b5b7e,11f8c862-dddd-4fa0-8a6e-21215865b5a1,0.5955843941045585
127a75e4-c0ed-40e8-93d5-a67e373b5b7e,11fa0ae8-159b-4cfd-a651-f4e64c14ba8a,0.7980416337737162
127a75e4-c0ed-40e8-93d5-a67e373b5b7e,11fa65b3-35ba-4a43-81c6-5bbbc0b83add,0.4826322253854671
127a75e4-c0ed-40e8-93d5-a67e373b5b7e,11fb368b-29c2-456c-939f-b3a7f3747819,0.8933717327906135
127a75e4-c0ed-40e8-93d5-a67e373b5b7e,11fbef8f-5767-4489-97ed-1ae60777ddf0,0.8760297035297356
127a75e4-c0ed-40e8-93d5-a67e373b5b7e,11fd6c99-1623-4459-8213-3110dd3b1396,0.7725029615841352
127a75e4-c0ed-40e8-93d5-a67e373b5b7e,11fe843a-b93f-4e5f-bb4c-a955d35bfa12,0.7209396022998967
127a75e4-c0ed-40e8-93d5-a67e373b5b7e,11ffd146-9952-4769-9cb1-57d3fbbffa5a,0.5849154926153057
127a75e4-c0ed-40e8-93d5-a67e373b5b7e,12051052-bf21-4b48-a00f-292ee3f7c9b4,0.9652269431768722
127a75e4-c0ed-40e8-93d5-a67e373b5b7e,1205b4d0-bc64-430e-863c-720b630d27c1,0.8069352441177567
127a75e4-c0ed-40e8-93d5-a67e373b5b7e,12060f08-ecca-445c-91a3-45169c4f4b1d,0.5045943360624954
127a75e4-c0ed-40e8-93d5-a67e373b5b7e,1207460f-19e6-4a64-897f-421ed3d11cee,0.8443278143019655
127a75e4-c0ed-40e8-93d5-a67e373b5b7e,12079f4b-fba4-407b-8d57-dbedb6aae1a1,0.7962042699201943
127a75e4-c0ed-40e8-93d5-a67e373b5b7e,120a54b1-b121-476e-ab42-9c67f0a56f14,0.7514433648866604
127a75e4-c0ed-40e8-93d5-a67e373b5b7e,120adebd-3540-46e6-923b-3da25706fc2f,0.1498968584597458
127a75e4-c0ed-40e8-93d5-a67e373b5b7e,120faa84-40d6-4f2d-8ea7-2d56082f07d7,0.6071298738912715
127a75e4-c0ed-40e8-93d5-a67e373b5b7e,1210d7d4-3bfb-4764-881c-40cc05aef85d,0.7802613816662993
127a75e4-c0ed-40e8-93d5-a67e373b5b7e,12161235-44c9-4220-96bb-02eeb8cb8f2c,0.5795052327191048
127a75e4-c0ed-40e8-93d5-a67e373b5b7e,1216c212-8a49-4b85-8907-09bde5db8e89,0.7776434759782853
127a75e4-c0ed-40e8-93d5-a67e373b5b7e,1217060e-54bf-4783-aeba-7d209051793f,0.3180468174952822
127a75e4-c0ed-40e8-93d5-a67e373b5b7e,12176565-a98f-4f6c-ab28-6b07f4fa090d,0.836081253471117
127a75e4-c0ed-40e8-93d5-a67e373b5b7e,1218ad8d-3553-41b8-835e-0e0a611357b5,0.7921253389388052
127a75e4-c0ed-40e8-93d5-a67e373b5b7e,1218e0b0-e4ad-40a4-915f-7b69ab5e2a36,0.7100433710120579
127a75e4-c0ed-40e8-93d5-a67e373b5b7e,121982ce-1c9d-4257-8025-f8944ddbf79e,0.7359036694789743
127a75e4-c0ed-40e8-93d5-a67e373b5b7e,121a6d5f-6f5d-4eb6-9848-98545d5ed92e,0.7298100540626886
127a75e4-c0ed-40e8-93d5-a67e373b5b7e,121bc247-e0f0-43c7-b6bd-271279fd3e42,0.3434683551699863
127a75e4-c0ed-40e8-93d5-a67e373b5b7e,121be10d-6e55-49be-91d3-6c464feee1aa,0.705310184617115
127a75e4-c0ed-40e8-93d5-a67e373b5b7e,121d7f22-5172-4d4a-a88d-d397274ec6d9,0.6952860711352642
127a75e4-c0ed-40e8-93d5-a67e373b5b7e,12206672-f02b-47ae-8b22-f1e7b97af189,0.6810640721167915
127a75e4-c0ed-40e8-93d5-a67e373b5b7e,1225979f-1a69-4bc9-9775-8e6033568172,0.8170003421000049
127a75e4-c0ed-40e8-93d5-a67e373b5b7e,1225d9a0-10e3-4666-8f99-d42f7f31de71,0.7479192576048562
127a75e4-c0ed-40e8-93d5-a67e373b5b7e,1226263a-2e70-4972-a3e8-1044ff135d44,0.5657278651466784
127a75e4-c0ed-40e8-93d5-a67e373b5b7e,122720c3-eba0-432d-8f34-1b1ddf76d184,0.577321231729558
127a75e4-c0ed-40e8-93d5-a67e373b5b7e,1228d803-4926-4eb7-95c9-0418ce6b7b7f,0.6861200294444271
127a75e4-c0ed-40e8-93d5-a67e373b5b7e,1229c84c-a996-4ea1-a696-819441e2ed97,0.4872677041707339
127a75e4-c0ed-40e8-93d5-a67e373b5b7e,122c75d9-0df4-4a3a-84b3-58236f4f6a6f,0.7429610552268923
127a75e4-c0ed-40e8-93d5-a67e373b5b7e,122d64dd-9ee2-4954-bf53-1f30648fa7ae,0.8499258689384415
127a75e4-c0ed-40e8-93d5-a67e373b5b7e,122fcf0b-ef99-497d-b8b8-41ebaaf5f33b,0.6823046249348128
127a75e4-c0ed-40e8-93d5-a67e373b5b7e,12308608-e3af-4f47-ab14-f6be8be7bfd8,0.8817818557238166
127a75e4-c0ed-40e8-93d5-a67e373b5b7e,12334d7e-7fbd-4c59-ba2b-48afcf221f12,0.8117056292805881
127a75e4-c0ed-40e8-93d5-a67e373b5b7e,12359200-2ce8-4aa9-bcab-cde00210cc18,0.7879208963616972
127a75e4-c0ed-40e8-93d5-a67e373b5b7e,1235e75a-3c12-4ab7-94ac-ec31b11dd06b,0.910150839467712
127a75e4-c0ed-40e8-93d5-a67e373b5b7e,12378c24-5470-4001-a2a4-1b09a5b8c78f,0.6562407653916698
127a75e4-c0ed-40e8-93d5-a67e373b5b7e,1237b6b7-97d2-4fa1-9eb2-69473c54f611,0.74757944468947
127a75e4-c0ed-40e8-93d5-a67e373b5b7e,1237f086-dbdb-4826-b6ec-46b1e8057b0c,0.8624314276405762
127a75e4-c0ed-40e8-93d5-a67e373b5b7e,123851f6-4269-4b88-8816-2fcd85a665eb,0.4471826702876461
127a75e4-c0ed-40e8-93d5-a67e373b5b7e,1238b3f8-e03a-42a4-a71d-ffc51e68ec35,0.5809125501233339
127a75e4-c0ed-40e8-93d5-a67e373b5b7e,1239065a-b981-43a3-bc95-2fa1632bbcc9,0.7492699279386886
127a75e4-c0ed-40e8-93d5-a67e373b5b7e,123eda7a-0588-4ef2-8ff4-5d9be08b2b8d,0.8322826789034931
127a75e4-c0ed-40e8-93d5-a67e373b5b7e,12414c91-a226-42d5-88a5-188d52a4ca07,0.9054395541188808
127a75e4-c0ed-40e8-93d5-a67e373b5b7e,1241a9bc-69cc-4ea3-a2ed-a669f9967854,0.7310153038663713
127a75e4-c0ed-40e8-93d5-a67e373b5b7e,1247950d-f216-4965-8871-5fbce8be605e,0.7417553746394577
127a75e4-c0ed-40e8-93d5-a67e373b5b7e,1247afff-c133-4f28-9cb0-ccde59d5f38e,0.8318229371993993
127a75e4-c0ed-40e8-93d5-a67e373b5b7e,1248df10-e86f-4819-9068-03b60cfae90d,0.8743718319764402
127a75e4-c0ed-40e8-93d5-a67e373b5b7e,12490ca4-963c-4039-a983-b37f6428ae9d,0.6795951870126554
127a75e4-c0ed-40e8-93d5-a67e373b5b7e,12491099-9712-4de3-973a-08e141c46fa7,0.8971744376637832
127a75e4-c0ed-40e8-93d5-a67e373b5b7e,124a137b-fd55-4dec-8f46-79a867725aa4,0.8316620333962863
127a75e4-c0ed-40e8-93d5-a67e373b5b7e,124bf6c8-d923-452b-a4d4-ff12eed3f63b,0.8845504712270713
127a75e4-c0ed-40e8-93d5-a67e373b5b7e,1251ab99-8ecd-422e-b55d-0926a60b4965,0.7949390311357541
127a75e4-c0ed-40e8-93d5-a67e373b5b7e,12524b6e-fc27-496c-b6aa-3d781fa24003,0.710320851334774
127a75e4-c0ed-40e8-93d5-a67e373b5b7e,12533298-dd5c-4258-8d08-52f5ab4da0dc,0.7384237228371323
127a75e4-c0ed-40e8-93d5-a67e373b5b7e,12537266-2758-4cec-834f-ff42e7012e68,0.6385040216635319
127a75e4-c0ed-40e8-93d5-a67e373b5b7e,1254408f-0598-495e-a763-9e0bcb36de15,0.8105696631590962
127a75e4-c0ed-40e8-93d5-a67e373b5b7e,12568745-ce64-40c5-905c-5c25be631204,0.6907658732225098
127a75e4-c0ed-40e8-93d5-a67e373b5b7e,12573a60-c039-4e27-9035-701d04d2f104,0.6147916602542236
127a75e4-c0ed-40e8-93d5-a67e373b5b7e,1257c3ed-a429-4bdc-8544-d82aa318c5fe,0.90645851263191
127a75e4-c0ed-40e8-93d5-a67e373b5b7e,125968db-d42d-405b-9bc9-c8ff9148d6a8,0.5397326533478288
127a75e4-c0ed-40e8-93d5-a67e373b5b7e,125b2e43-4423-4533-a10c-dcdf6b67e717,0.7638375732169267
127a75e4-c0ed-40e8-93d5-a67e373b5b7e,125be7f1-96ad-4a4f-93af-193aa7013ad0,0.7115442660235023
127a75e4-c0ed-40e8-93d5-a67e373b5b7e,125bfba7-aac3-4001-8f5b-612f8f6160d0,0.8029470569847272
127a75e4-c0ed-40e8-93d5-a67e373b5b7e,125c93ee-d25e-49be-9495-df2f33e37b71,0.8164589852717369
127a75e4-c0ed-40e8-93d5-a67e373b5b7e,125e66bb-4101-4851-a4d9-a17ed860e521,0.6569997587740616
127a75e4-c0ed-40e8-93d5-a67e373b5b7e,12619343-dfb3-40f3-82e2-34fdd9b97324,0.8897656107689617
127a75e4-c0ed-40e8-93d5-a67e373b5b7e,12631f09-2fad-4c8c-96e9-342e50d3f9f4,0.7930277463578742
127a75e4-c0ed-40e8-93d5-a67e373b5b7e,12637cad-4c09-49cf-8abb-2abe69b92df1,0.7720836235141421
127a75e4-c0ed-40e8-93d5-a67e373b5b7e,126452bb-5c29-4950-bf60-27f1ae5ac574,0.6254885780953992
127a75e4-c0ed-40e8-93d5-a67e373b5b7e,1264a10b-499c-4c22-bc85-f02876682726,0.9266026235708368
127a75e4-c0ed-40e8-93d5-a67e373b5b7e,1264ade9-fa16-42bd-94c4-2abbd26ed703,0.5278151544652637
127a75e4-c0ed-40e8-93d5-a67e373b5b7e,1264b2f2-f3cf-418f-a990-4e8f5b97e434,0.7175222954989909
127a75e4-c0ed-40e8-93d5-a67e373b5b7e,1268b260-8569-4744-bc66-f447ee388a97,0.7810999000458194
127a75e4-c0ed-40e8-93d5-a67e373b5b7e,1269a471-cd6c-44bb-a109-4a1f17714a49,0.7704596704389
127a75e4-c0ed-40e8-93d5-a67e373b5b7e,126a6ece-4bd7-4cf1-8355-f47035f7d50a,0.8397299129690323
127a75e4-c0ed-40e8-93d5-a67e373b5b7e,126c9d99-4ca6-4b03-8bde-ed897b632068,0.8110377519063482
127a75e4-c0ed-40e8-93d5-a67e373b5b7e,126ea82d-5784-48d3-9765-67876d7ebde8,0.7681246740431842
127a75e4-c0ed-40e8-93d5-a67e373b5b7e,127136c1-d779-48d3-b624-ea0c81c81387,0.6887382175631731
127a75e4-c0ed-40e8-93d5-a67e373b5b7e,12715bc9-293e-47d7-a57c-b891629be22f,0.7297148422776194
127a75e4-c0ed-40e8-93d5-a67e373b5b7e,1271e19b-0624-4178-81d4-48f000443add,0.6609845366502617
127a75e4-c0ed-40e8-93d5-a67e373b5b7e,12749786-405d-4ee9-a5cd-f87374e2e656,0.9516165737342984
127a75e4-c0ed-40e8-93d5-a67e373b5b7e,12755990-9cd4-4f3b-b39e-426b8cdf734f,0.2046107665109074
127a75e4-c0ed-40e8-93d5-a67e373b5b7e,12768af0-ab6f-4c19-8a8f-e179c9774791,0.8321442770940366
127a75e4-c0ed-40e8-93d5-a67e373b5b7e,1276a709-b0d8-448f-a1df-113ce099eff0,0.9570967946409328
127a75e4-c0ed-40e8-93d5-a67e373b5b7e,1276c070-3a92-4a22-9d2d-3f0c6d83c620,0.9155097126298102
127a75e4-c0ed-40e8-93d5-a67e373b5b7e,127717d5-872d-48bb-951a-1e3f2bff7266,0.7332184555896567
127a75e4-c0ed-40e8-93d5-a67e373b5b7e,1278c2d4-8044-49ad-93b1-2935cfa4418d,0.8540469930157215
127a75e4-c0ed-40e8-93d5-a67e373b5b7e,127f83df-ba88-47b6-b8b7-1cdf2ba1f9a9,0.7160936822952073
127a75e4-c0ed-40e8-93d5-a67e373b5b7e,1282784d-0120-4522-a026-65361938eb2e,0.7458210018787413
127a75e4-c0ed-40e8-93d5-a67e373b5b7e,1283ef91-a05b-4ae6-9450-8acbfe78f8e3,0.8046399695725684
127a75e4-c0ed-40e8-93d5-a67e373b5b7e,1286a4f7-41fe-42e7-8330-3c9a31827052,0.7650447222484874
127a75e4-c0ed-40e8-93d5-a67e373b5b7e,12877e0e-4614-4074-97d0-f1fe13ed16b2,0.7279995590607043
127a75e4-c0ed-40e8-93d5-a67e373b5b7e,1287a9a4-3b14-4546-b866-d109d58db147,0.884390620348085
127a75e4-c0ed-40e8-93d5-a67e373b5b7e,1288556e-f0d6-460a-a2c8-d240ad364831,0.7498694578571851
127a75e4-c0ed-40e8-93d5-a67e373b5b7e,12886a45-1ccc-41cd-83a9-6c6ece319c77,0.4413105127587974
127a75e4-c0ed-40e8-93d5-a67e373b5b7e,12895fd0-b923-4fbb-b294-7e2b2095b8ca,0.4185490251780781
127a75e4-c0ed-40e8-93d5-a67e373b5b7e,128bfc89-b4f8-45ec-88ad-dac960704082,0.9255626850907396
127a75e4-c0ed-40e8-93d5-a67e373b5b7e,128dab38-d1b1-473e-b2d1-be3f613ef2c9,0.7441305895279711
127a75e4-c0ed-40e8-93d5-a67e373b5b7e,128e20f7-10dc-4668-925e-ec4580d7f291,0.6702955529844103
127a75e4-c0ed-40e8-93d5-a67e373b5b7e,128fd100-c765-41df-b676-2f47870d79d9,0.8733697266198316
127a75e4-c0ed-40e8-93d5-a67e373b5b7e,12900a73-0772-43f3-af24-8a56afad47ca,0.9925471967384136
127a75e4-c0ed-40e8-93d5-a67e373b5b7e,12903bc9-f63e-430f-afe0-9298a0fc94f3,0.7938039985201036
127a75e4-c0ed-40e8-93d5-a67e373b5b7e,1290b408-df8c-4a55-8aaa-74cc31743171,0.8134107226187748
127a75e4-c0ed-40e8-93d5-a67e373b5b7e,1290d366-3b35-4f30-8e4b-781acaa2c69a,0.8966351298499391
127a75e4-c0ed-40e8-93d5-a67e373b5b7e,12921519-4e42-4b1b-aec0-0fd3211c4591,0.5464217979954289
127a75e4-c0ed-40e8-93d5-a67e373b5b7e,12921521-04e1-46bf-a50f-437670d418d0,0.7523667950164024
127a75e4-c0ed-40e8-93d5-a67e373b5b7e,129569df-25ac-4eea-830b-c7fc91d46e8f,0.7991355840980493
127a75e4-c0ed-40e8-93d5-a67e373b5b7e,1296b5e4-f964-47c4-8b85-c5e7e8db7469,0.6877943729497381
127a75e4-c0ed-40e8-93d5-a67e373b5b7e,1296c4a3-baff-49de-9723-d907488015a7,0.8332625640083909
127a75e4-c0ed-40e8-93d5-a67e373b5b7e,1296dd4b-152b-415b-9831-516fb9c5be7a,0.6301117684722463
127a75e4-c0ed-40e8-93d5-a67e373b5b7e,1298eb82-b75f-49ca-a3c6-3b56c3cc4441,0.8469145596863439
127a75e4-c0ed-40e8-93d5-a67e373b5b7e,129a0a70-c9c1-480f-ad31-2729ae4bb07a,0.7203295339389396
127a75e4-c0ed-40e8-93d5-a67e373b5b7e,129a0dee-a9c5-4c3e-9bbd-cdd7eee052b0,0.902387582592074
127a75e4-c0ed-40e8-93d5-a67e373b5b7e,129a46b4-6a4e-4f4b-b6bb-05a63268a69f,0.8689869204507479
127a75e4-c0ed-40e8-93d5-a67e373b5b7e,129a771b-41ea-40a3-a571-0157a7e25f62,0.830315449141704
127a75e4-c0ed-40e8-93d5-a67e373b5b7e,129a7b9b-f29c-4bf5-9c10-2e42776f1e95,0.6760108431866364
127a75e4-c0ed-40e8-93d5-a67e373b5b7e,129ab199-1780-423b-8e1f-8f3776ac0258,0.754068059864284
127a75e4-c0ed-40e8-93d5-a67e373b5b7e,129c0d13-bb4b-4a86-a298-2f6c74c7513a,0.7457509291426128
127a75e4-c0ed-40e8-93d5-a67e373b5b7e,129d28a8-35b5-441b-9497-b91022de2b05,0.779002376266918
127a75e4-c0ed-40e8-93d5-a67e373b5b7e,129e54dd-9182-4b9a-8208-216ec6862775,0.7263459693939728
127a75e4-c0ed-40e8-93d5-a67e373b5b7e,12a38e0c-a757-49a5-90bb-327afc06f3a8,0.7640694722898748
127a75e4-c0ed-40e8-93d5-a67e373b5b7e,12a4c133-374b-48b8-944f-5a7fbc63d94e,0.5501046106390474
127a75e4-c0ed-40e8-93d5-a67e373b5b7e,12a5708e-5b3b-4a28-b60d-50448df7cd75,0.7208852425940634
127a75e4-c0ed-40e8-93d5-a67e373b5b7e,12a78e99-e6bc-4c74-b365-81b9410b439e,0.9076674589199264
127a75e4-c0ed-40e8-93d5-a67e373b5b7e,12a8afd7-a123-4168-aaac-005b0633a90c,0.353866224080232
127a75e4-c0ed-40e8-93d5-a67e373b5b7e,12a9d8c5-66c7-447b-bc77-300f6db62269,0.8159498752851594
127a75e4-c0ed-40e8-93d5-a67e373b5b7e,12abe5ed-6145-4be8-b4f7-46dbc8c2db9d,0.7391797659779252
127a75e4-c0ed-40e8-93d5-a67e373b5b7e,12ad6f24-6f5b-4461-b81e-5431ee0fde81,0.6052426842247557
127a75e4-c0ed-40e8-93d5-a67e373b5b7e,12ada7dd-04fb-4750-af49-7bde8a938901,0.5669560741119383
127a75e4-c0ed-40e8-93d5-a67e373b5b7e,12adb9b6-d332-45d7-9c7c-3e225c04c698,0.4061007850432245
127a75e4-c0ed-40e8-93d5-a67e373b5b7e,12af1a69-6064-49a6-8d14-320b9c0a2d53,0.4800221101629017
127a75e4-c0ed-40e8-93d5-a67e373b5b7e,12b07678-e91e-40bf-a114-c59f53ec2573,0.7356025320577402
127a75e4-c0ed-40e8-93d5-a67e373b5b7e,12b6764b-326b-4ab8-92b7-aa2822f3dc94,0.829787945467154
127a75e4-c0ed-40e8-93d5-a67e373b5b7e,12b8b248-19bd-41dd-a46c-2c988bb63c3f,0.9569813039487408
127a75e4-c0ed-40e8-93d5-a67e373b5b7e,12b8f001-b15e-48d0-9b57-530ad524984f,0.8798348596075642
127a75e4-c0ed-40e8-93d5-a67e373b5b7e,12b98501-398a-469f-aad4-cecee6debf1e,0.5832051535840113
127a75e4-c0ed-40e8-93d5-a67e373b5b7e,12bc1d32-b9e1-4d7b-a9c8-be09abecbd6b,0.6236056919375574
127a75e4-c0ed-40e8-93d5-a67e373b5b7e,12bc3d1a-aa2c-495b-a771-ebbc9a9fe1df,0.8302285396522445
127a75e4-c0ed-40e8-93d5-a67e373b5b7e,12bcdebb-a16e-4d14-8b53-3ca77f4cf77f,0.675858906411796
127a75e4-c0ed-40e8-93d5-a67e373b5b7e,12bd1e30-3efe-41a0-8b54-ead71108a7b7,0.7567033513612074
127a75e4-c0ed-40e8-93d5-a67e373b5b7e,12bd98eb-543d-4aca-b928-40a3136b1960,0.8381302656581197
127a75e4-c0ed-40e8-93d5-a67e373b5b7e,12bf0950-7892-42c0-983c-e8a78a00dc73,0.762660403433086
127a75e4-c0ed-40e8-93d5-a67e373b5b7e,12c04997-06cb-4232-a3eb-d378992c4a56,0.7518266001379147
127a75e4-c0ed-40e8-93d5-a67e373b5b7e,12c0da59-6c87-43d1-850e-a5f24cd699de,0.8960587841844768
127a75e4-c0ed-40e8-93d5-a67e373b5b7e,12c201e7-abc1-47c6-a716-9ee905266d0e,0.6825946912129488
127a75e4-c0ed-40e8-93d5-a67e373b5b7e,12c24dd3-cff4-4d5f-9106-78c0cca7a377,0.904361927706514
127a75e4-c0ed-40e8-93d5-a67e373b5b7e,12c279de-769e-45c5-aa62-6cfa5199a222,0.7941227011317591
127a75e4-c0ed-40e8-93d5-a67e373b5b7e,12c2f061-d519-4d3c-b0f7-6b38d750fdef,0.797395002382605
127a75e4-c0ed-40e8-93d5-a67e373b5b7e,12c3376d-5d38-4c91-932e-e21c8010954c,0.7132006389965396
127a75e4-c0ed-40e8-93d5-a67e373b5b7e,12c3651b-d243-48cf-b31e-ba2901acb496,0.6938016008627262
127a75e4-c0ed-40e8-93d5-a67e373b5b7e,12c468b0-e79e-49ff-ada6-7ad9e3cf8329,0.7412070733413944
127a75e4-c0ed-40e8-93d5-a67e373b5b7e,12c626dc-f97e-4488-b0ba-01dc70151165,0.8378298641887735
127a75e4-c0ed-40e8-93d5-a67e373b5b7e,12c6610a-3029-45b0-88c6-cd79dbcdc0c6,0.7943767662896345
127a75e4-c0ed-40e8-93d5-a67e373b5b7e,12c80e94-2e3d-4e01-8309-ab7278d4c99a,0.7989944245596483
127a75e4-c0ed-40e8-93d5-a67e373b5b7e,12c96544-4761-4a39-877a-b865bac24c98,0.893143240741246
127a75e4-c0ed-40e8-93d5-a67e373b5b7e,12c99f4d-c793-4a1f-8e74-359e528e580a,0.654798563905044
127a75e4-c0ed-40e8-93d5-a67e373b5b7e,12c9d9ee-aac1-4454-8a24-0f2e01e8ee75,0.8991532489848604
127a75e4-c0ed-40e8-93d5-a67e373b5b7e,12ca9311-4497-456a-99d1-5f6edf4376a8,0.2164754215834444
127a75e4-c0ed-40e8-93d5-a67e373b5b7e,12cb69cf-bac2-4f7b-a320-bf2033221dcc,0.7881089791036354
127a75e4-c0ed-40e8-93d5-a67e373b5b7e,12cfe4c1-b1a8-43ca-89f5-e46213e33d1b,0.5972345260407608
127a75e4-c0ed-40e8-93d5-a67e373b5b7e,12d03bd8-6ecb-4384-b2ea-5fa8529375ae,0.4534986821153794
127a75e4-c0ed-40e8-93d5-a67e373b5b7e,12d23003-f0ba-4d96-a0a8-243020f2fd11,0.6316900394465905
127a75e4-c0ed-40e8-93d5-a67e373b5b7e,12d2654a-6340-4628-a4d8-09da2fe8e146,0.6639874529638526
127a75e4-c0ed-40e8-93d5-a67e373b5b7e,12d5ccaa-a27f-49b8-a6d2-ae9353774a37,0.4983691073866417
127a75e4-c0ed-40e8-93d5-a67e373b5b7e,12d7d0d6-e33a-45fc-b368-4ae5925d2737,0.7035326001521596
127a75e4-c0ed-40e8-93d5-a67e373b5b7e,12d85e12-d3ce-47b2-bf72-ae80edfa51b1,0.7053566085390682
127a75e4-c0ed-40e8-93d5-a67e373b5b7e,12d8849b-e887-4ca5-9387-b0832ecb38a6,0.7212987799068986
127a75e4-c0ed-40e8-93d5-a67e373b5b7e,12d9a048-4b76-4f52-a952-fdc6e30d7931,0.77532894543962
127a75e4-c0ed-40e8-93d5-a67e373b5b7e,12da938c-cbe0-47f0-b28b-67c11de3f466,0.6887231911441022
127a75e4-c0ed-40e8-93d5-a67e373b5b7e,12dc75fd-8e4d-4f0d-98d0-806f4bf4f59f,0.6909380083573299
127a75e4-c0ed-40e8-93d5-a67e373b5b7e,12dc906a-38f8-4a3d-955a-e0d820e06f5a,0.9229791123414298
127a75e4-c0ed-40e8-93d5-a67e373b5b7e,12de243e-fa03-4134-b3b8-9a2bcf501115,0.876730484339263
127a75e4-c0ed-40e8-93d5-a67e373b5b7e,12df83c3-c92d-42c8-ab54-37d951393b13,0.7905772857814589
127a75e4-c0ed-40e8-93d5-a67e373b5b7e,12e0195c-909f-4ef4-803a-032955e5aaa2,0.6476625885585451
127a75e4-c0ed-40e8-93d5-a67e373b5b7e,12e0d37a-043f-49e0-a0f3-847c65da0c2b,0.8448899301173791
127a75e4-c0ed-40e8-93d5-a67e373b5b7e,12e18802-5cf3-4b60-9693-425b441ee7fa,0.8524135341123005
127a75e4-c0ed-40e8-93d5-a67e373b5b7e,12e1c99e-ef6e-4673-b020-bebd7d8736c3,0.7797914148834109
127a75e4-c0ed-40e8-93d5-a67e373b5b7e,12e21939-8027-4686-84be-3451c6ac9227,0.7965888480428236
127a75e4-c0ed-40e8-93d5-a67e373b5b7e,12e367e9-281d-472e-9cf3-78014cec0ba4,0.8933083944448368
127a75e4-c0ed-40e8-93d5-a67e373b5b7e,12e36b0a-df38-4576-8121-95494c16d7a2,0.6987550881121108
127a75e4-c0ed-40e8-93d5-a67e373b5b7e,12e567cd-9242-4b34-ab5d-555d6123d7c4,0.806950802933231
127a75e4-c0ed-40e8-93d5-a67e373b5b7e,12e5c4b1-c89c-45e6-b266-30166afb0b14,0.8691217298575394
127a75e4-c0ed-40e8-93d5-a67e373b5b7e,12e5e462-53a4-43db-8164-acf483a25e97,0.8609071011672459
127a75e4-c0ed-40e8-93d5-a67e373b5b7e,12e74252-bb7c-411c-8bdd-52bcae3edb20,0.7091338271587947
127a75e4-c0ed-40e8-93d5-a67e373b5b7e,12e78a95-f784-43ca-86fd-1bf97ec3548f,0.7609979709577338
127a75e4-c0ed-40e8-93d5-a67e373b5b7e,12ea7a5c-65d2-493a-b23e-499709d1f327,0.7318386226052103
127a75e4-c0ed-40e8-93d5-a67e373b5b7e,12ed8c8a-204a-48f9-8e80-83b2841d0f53,0.8234329728576629
127a75e4-c0ed-40e8-93d5-a67e373b5b7e,12ede251-50ec-43d0-b94d-9b6528a1b9c6,0.7004642951067995
127a75e4-c0ed-40e8-93d5-a67e373b5b7e,12f1bde3-0253-4a60-aa2e-5fb118691f96,0.89545215487232
127a75e4-c0ed-40e8-93d5-a67e373b5b7e,12f20e15-82b1-4279-8ace-ef5797157438,0.7003132946568676
127a75e4-c0ed-40e8-93d5-a67e373b5b7e,12f69727-48e5-4e15-9211-212f3cc8e3e8,0.7761633545289587
127a75e4-c0ed-40e8-93d5-a67e373b5b7e,12f6ee69-8b02-4ae9-ab25-8e2f28ea5225,0.723742892643105
127a75e4-c0ed-40e8-93d5-a67e373b5b7e,12f7933f-e4b3-4ec6-b57d-789cf036add7,0.7869601128591903
127a75e4-c0ed-40e8-93d5-a67e373b5b7e,12f8fed0-88e3-47df-a856-dca3b0068eda,0.7817829640960924
127a75e4-c0ed-40e8-93d5-a67e373b5b7e,12f97e42-c99d-46c4-bf20-5b06b97e5881,0.3476534008291026
127a75e4-c0ed-40e8-93d5-a67e373b5b7e,12f9cbd5-b5b8-453f-9fdb-05050cc0c5a8,0.4927795281344714
127a75e4-c0ed-40e8-93d5-a67e373b5b7e,12faf890-6788-478f-bc85-14f06a8d44f0,0.8056945844782941
127a75e4-c0ed-40e8-93d5-a67e373b5b7e,12fc1dbe-410a-4383-824d-bbe47fb6c613,0.8154034722520844
127a75e4-c0ed-40e8-93d5-a67e373b5b7e,12fd7726-c3a3-427b-8045-1ed5dba428f4,0.8539762249341453
127a75e4-c0ed-40e8-93d5-a67e373b5b7e,12fdc1b4-cf91-4cb1-8106-c4597e0a87e5,0.8880711569382047
127a75e4-c0ed-40e8-93d5-a67e373b5b7e,12fe24a3-439a-49f9-afc8-1ea56e3d7a6f,0.8939452471667587
127a75e4-c0ed-40e8-93d5-a67e373b5b7e,12fe9f4d-f551-4266-87da-4fe47134a27f,0.6868286223575761
127a75e4-c0ed-40e8-93d5-a67e373b5b7e,12ff6ed1-edb4-4968-8710-3801ca6d3275,0.9108355549293844
127a75e4-c0ed-40e8-93d5-a67e373b5b7e,1300009f-f42a-4372-ad93-3f072d21e901,0.4869284933975079
127a75e4-c0ed-40e8-93d5-a67e373b5b7e,130136bc-0d47-428a-86b5-3bab0ea4d216,0.5948913999504885
127a75e4-c0ed-40e8-93d5-a67e373b5b7e,13059984-0ae5-438b-97d2-d6a48e902563,0.6584549742444076
127a75e4-c0ed-40e8-93d5-a67e373b5b7e,1305e9e7-0d0a-49e5-8163-1d1fed353e06,0.5655839433234646
127a75e4-c0ed-40e8-93d5-a67e373b5b7e,130a001f-1c51-4aed-a22d-0cbafbf136b6,0.7664002270266771
127a75e4-c0ed-40e8-93d5-a67e373b5b7e,130a613c-c7f0-407c-ac15-47548ccea2b7,0.8669592106090338
127a75e4-c0ed-40e8-93d5-a67e373b5b7e,130a6522-4af1-4210-bfa3-79412a4f9612,0.8053984057338809
127a75e4-c0ed-40e8-93d5-a67e373b5b7e,130c1771-6ce6-48ed-a15f-a7afa7e11f41,0.7642080667787712
127a75e4-c0ed-40e8-93d5-a67e373b5b7e,130c9266-6fe9-40c1-9461-6e9d1bb84095,0.9269858840310632
127a75e4-c0ed-40e8-93d5-a67e373b5b7e,130cbe44-d223-4b4f-a8e2-6df48b4b64f0,0.7882792017147883
127a75e4-c0ed-40e8-93d5-a67e373b5b7e,130d4992-4553-4fda-9007-db72fb0ea7df,0.7577205109704813
127a75e4-c0ed-40e8-93d5-a67e373b5b7e,130e5c1a-ccde-4fb1-8f47-7815b7e60009,0.2682317788921009
127a75e4-c0ed-40e8-93d5-a67e373b5b7e,130edd0d-9de0-44a5-bf61-a4c64a7563bd,0.7954787924314741
127a75e4-c0ed-40e8-93d5-a67e373b5b7e,130f04c0-3dbb-407f-b5a7-d23f92111107,0.7769562833755896
127a75e4-c0ed-40e8-93d5-a67e373b5b7e,130f4510-48e9-48ec-9e4d-9438965d4ba3,0.6101875934916555
127a75e4-c0ed-40e8-93d5-a67e373b5b7e,13101dfd-93d0-4b13-a63a-741154e985bb,0.8617285935375172
127a75e4-c0ed-40e8-93d5-a67e373b5b7e,131050ea-3b4f-48e6-883b-4f31af1546e5,0.6090357490011374
127a75e4-c0ed-40e8-93d5-a67e373b5b7e,131111f3-03b0-4b46-b248-7cc1d15b474f,0.9602905001315796
127a75e4-c0ed-40e8-93d5-a67e373b5b7e,1311967f-62ea-4b50-9362-d4cc7fc9a0e3,0.6736612164496766
127a75e4-c0ed-40e8-93d5-a67e373b5b7e,13124892-16c8-458d-8c31-85e9a208aa76,0.5116549374634363
127a75e4-c0ed-40e8-93d5-a67e373b5b7e,13132c8c-6335-4fe0-92b3-21b5dca116ab,0.7687198509819058
127a75e4-c0ed-40e8-93d5-a67e373b5b7e,1314aafa-408f-4621-81de-5ac63f67bdc1,0.7766290854517537
127a75e4-c0ed-40e8-93d5-a67e373b5b7e,1315117a-e003-4b37-9e69-f96f2d85baeb,0.9723468551945296
127a75e4-c0ed-40e8-93d5-a67e373b5b7e,131655c2-ccee-459a-a31c-5c6a67189e9d,0.8276347456489653
127a75e4-c0ed-40e8-93d5-a67e373b5b7e,1317e17e-1d6c-49d1-932c-38682471167d,0.6880904754394251
127a75e4-c0ed-40e8-93d5-a67e373b5b7e,1318982e-02c1-4c79-b47b-d94b0c130197,0.852457406523981
127a75e4-c0ed-40e8-93d5-a67e373b5b7e,1319f517-3734-4f7b-bd0d-9a1edee9cbbf,0.6343657741632872
127a75e4-c0ed-40e8-93d5-a67e373b5b7e,131d8621-7880-427a-b782-a9d1eb0d0a98,0.7359225483326457
127a75e4-c0ed-40e8-93d5-a67e373b5b7e,131da1e9-e9ea-4cbb-b7f2-f85d7729a20c,0.6997687266455306
127a75e4-c0ed-40e8-93d5-a67e373b5b7e,131df061-6e78-4a5b-b569-b30f1c9e3332,0.8686472565041544
127a75e4-c0ed-40e8-93d5-a67e373b5b7e,131f1224-e634-4c9f-b736-d00ff3d4d439,0.650589034927528
127a75e4-c0ed-40e8-93d5-a67e373b5b7e,131f754b-a9c8-4614-9c3e-af93ba19c3b7,0.8471346083112119
127a75e4-c0ed-40e8-93d5-a67e373b5b7e,1321cf79-4a0a-458b-bce9-f7be135e0e95,0.7904403696354432
127a75e4-c0ed-40e8-93d5-a67e373b5b7e,13226969-a1c2-44f6-84b0-aea7938d03eb,0.8618916047401727
127a75e4-c0ed-40e8-93d5-a67e373b5b7e,1323755e-7c8c-414e-a532-f9e4815fcbdb,0.8996032413108768
127a75e4-c0ed-40e8-93d5-a67e373b5b7e,1323d4d9-da36-4eb4-86bc-683b526e43ce,0.7712340169800775
127a75e4-c0ed-40e8-93d5-a67e373b5b7e,1324b882-b93c-4e9d-a429-962810a85dec,0.9532403939537192
127a75e4-c0ed-40e8-93d5-a67e373b5b7e,1325308d-b14d-46ca-b7a4-575690eb0cff,0.7013307615766115
127a75e4-c0ed-40e8-93d5-a67e373b5b7e,1327c829-c8c1-44a3-9da2-c3dbbb541919,0.9269650443888016
127a75e4-c0ed-40e8-93d5-a67e373b5b7e,13292bbf-0d4e-4d3b-ba14-e00a43205a61,0.674355522201989
127a75e4-c0ed-40e8-93d5-a67e373b5b7e,132bdb0c-5f2d-4579-94fb-e029fa1a0593,0.6679592757884723
127a75e4-c0ed-40e8-93d5-a67e373b5b7e,132cb007-080f-4c59-ba9b-d434c22fc3a9,0.7575336915841001
127a75e4-c0ed-40e8-93d5-a67e373b5b7e,132f28f3-730b-4e2f-afaf-e76d319220d3,0.3604667395295517
127a75e4-c0ed-40e8-93d5-a67e373b5b7e,132f54b6-9f32-4640-a429-2fa9cbe206b1,0.7851461850188258
127a75e4-c0ed-40e8-93d5-a67e373b5b7e,132f5792-d1ff-425b-b2ad-3c24f728dfdf,0.6696855519956607
127a75e4-c0ed-40e8-93d5-a67e373b5b7e,13306363-6ebf-4992-b479-0b3e55fa5ad9,0.6514018221486878
127a75e4-c0ed-40e8-93d5-a67e373b5b7e,1331607f-7eab-4761-acd6-371b442014da,0.7368001604298887
127a75e4-c0ed-40e8-93d5-a67e373b5b7e,13342d2b-bc47-4f13-9b68-1fa8e824f11a,0.8433252831538928
127a75e4-c0ed-40e8-93d5-a67e373b5b7e,1334a27a-0649-433f-8643-de2685c78c40,0.9198277105152162
127a75e4-c0ed-40e8-93d5-a67e373b5b7e,1337255a-0abb-4a65-a69f-821b53f43b33,0.7072172402614652
127a75e4-c0ed-40e8-93d5-a67e373b5b7e,1338e2ae-4884-4967-a536-f208b8aa279c,0.750125113757329
127a75e4-c0ed-40e8-93d5-a67e373b5b7e,1339b015-56d1-4f4e-b051-6f114064078a,0.6383865426590569
127a75e4-c0ed-40e8-93d5-a67e373b5b7e,133a5fef-0208-44b5-a101-20d3f904b9cc,0.7097254548919826
127a75e4-c0ed-40e8-93d5-a67e373b5b7e,133a9bc1-e6fb-4488-baef-36d1e42e747b,0.8528168877222835
127a75e4-c0ed-40e8-93d5-a67e373b5b7e,133b46cf-bd56-4a38-991d-1ba1ea4ad9de,0.6707510651684374
127a75e4-c0ed-40e8-93d5-a67e373b5b7e,133c3e43-df85-44b5-ac05-d0cb16bbbde3,0.7024355756087521
127a75e4-c0ed-40e8-93d5-a67e373b5b7e,133cdb26-48f6-4eb1-bdb7-80758810f71e,0.7823103708974765
127a75e4-c0ed-40e8-93d5-a67e373b5b7e,133fdea7-cb97-4cdb-badb-3ae056a91442,0.7289498816912474
127a75e4-c0ed-40e8-93d5-a67e373b5b7e,1340ae93-ca9a-432a-894b-07f3fa8b0b62,0.6918977045814296
127a75e4-c0ed-40e8-93d5-a67e373b5b7e,13413b3a-ef12-45f6-932b-bafea50580dc,0.7669572926567472
127a75e4-c0ed-40e8-93d5-a67e373b5b7e,1341e5c8-f16b-448f-8263-d4efc364153b,0.4341346697247135
127a75e4-c0ed-40e8-93d5-a67e373b5b7e,1342c711-458b-4549-9ab7-a6b3ef895010,0.9456745978171152
127a75e4-c0ed-40e8-93d5-a67e373b5b7e,13456227-7034-431e-978e-819a1242865d,0.6852160394473246
127a75e4-c0ed-40e8-93d5-a67e373b5b7e,13461487-396c-4d6b-9936-b2e1ad60c42f,0.7574001154231588
127a75e4-c0ed-40e8-93d5-a67e373b5b7e,134943d9-f6e3-4377-a401-0e3277e04d7a,0.8914902768060029
127a75e4-c0ed-40e8-93d5-a67e373b5b7e,1349b5ae-e641-4a32-8da2-90d18f31277e,0.9311512912748316
127a75e4-c0ed-40e8-93d5-a67e373b5b7e,134a5db8-6504-491f-ae17-b9a0f9c3e019,0.7351978763462106
127a75e4-c0ed-40e8-93d5-a67e373b5b7e,134b9d8f-67d1-47eb-9510-dac3ec3950d5,0.6126787968071715
127a75e4-c0ed-40e8-93d5-a67e373b5b7e,134d20f6-a5aa-4123-b629-41de9d18b6bf,0.8187335852409988
127a75e4-c0ed-40e8-93d5-a67e373b5b7e,134e270a-2124-4a6e-bf49-084a989f47fb,0.9628705026290308
127a75e4-c0ed-40e8-93d5-a67e373b5b7e,134e38fc-9f11-4fd3-8a60-81f88f6b6c4a,0.7614184666622988
127a75e4-c0ed-40e8-93d5-a67e373b5b7e,134ebf8b-ccc2-4911-9c73-4d7e7ada6983,0.6849198015765975
127a75e4-c0ed-40e8-93d5-a67e373b5b7e,134f220c-93cd-4125-acff-d3fe6044f411,0.7518658257045259
127a75e4-c0ed-40e8-93d5-a67e373b5b7e,1350c7b8-d64e-4c6d-8cce-0f72590f109b,0.7351063988492227
127a75e4-c0ed-40e8-93d5-a67e373b5b7e,1351f399-5e22-4259-8a36-54db17ca37b9,0.8968959488458886
127a75e4-c0ed-40e8-93d5-a67e373b5b7e,135298f0-c032-46ce-ad86-52be38a31fd3,0.700848460433272
127a75e4-c0ed-40e8-93d5-a67e373b5b7e,13533b8f-8cdb-4edf-9619-5a8ecb3b9ed6,0.790662650917932
127a75e4-c0ed-40e8-93d5-a67e373b5b7e,1353edd0-209f-4de1-9db3-c8d65e992f36,0.7994391198569338
127a75e4-c0ed-40e8-93d5-a67e373b5b7e,13545c55-3619-4c4c-8e7a-bf103f450aae,0.0847013688774008
127a75e4-c0ed-40e8-93d5-a67e373b5b7e,13556a69-d4b7-41f4-9f78-70cff89a6305,0.7266540297043101
127a75e4-c0ed-40e8-93d5-a67e373b5b7e,1355cd0c-8905-4918-ac0b-171a75c6e66b,0.8253078975012009
127a75e4-c0ed-40e8-93d5-a67e373b5b7e,1356a62e-a6e0-45a5-8972-615b88ae9ebd,0.5853460475065887
127a75e4-c0ed-40e8-93d5-a67e373b5b7e,1357763a-f0dc-4734-b7f4-2d727e0ef4b2,0.2429555568059395
127a75e4-c0ed-40e8-93d5-a67e373b5b7e,1357da8c-5e32-4d6b-b7e7-f0fdc52aacc5,0.7598918106206962
127a75e4-c0ed-40e8-93d5-a67e373b5b7e,1359569f-96c1-4d4a-ac30-f5195ee83255,0.5962638674741735
127a75e4-c0ed-40e8-93d5-a67e373b5b7e,135a65eb-5ad6-46f3-be3e-e41fb4036c06,0.795808726922145
127a75e4-c0ed-40e8-93d5-a67e373b5b7e,135adfed-c4b5-45e7-a48a-d58c915d0f99,0.874697403249571
127a75e4-c0ed-40e8-93d5-a67e373b5b7e,135ce619-118a-4d11-a5fa-7e062e43fc9b,0.3686512818614582
127a75e4-c0ed-40e8-93d5-a67e373b5b7e,135d35d5-4963-4b48-a5c6-1aeac88bf0d1,0.661477147492371
127a75e4-c0ed-40e8-93d5-a67e373b5b7e,135d8781-d9eb-4205-ae6b-527db5ba59d8,0.6082953510224232
127a75e4-c0ed-40e8-93d5-a67e373b5b7e,135f8acd-28a6-4373-89ee-a75dc842ad31,0.775104373006962
127a75e4-c0ed-40e8-93d5-a67e373b5b7e,135fb38e-505c-4742-9c6f-5b90f45d67a3,0.785728684649211
127a75e4-c0ed-40e8-93d5-a67e373b5b7e,13616814-2fbd-4f7b-b37b-5fc90acf8df4,0.6943268162124544
127a75e4-c0ed-40e8-93d5-a67e373b5b7e,13617054-5a98-450c-a288-fa741a8578de,0.5717692022203648
127a75e4-c0ed-40e8-93d5-a67e373b5b7e,13621322-929e-4534-b83a-61a78098b22d,0.8130755287505169
127a75e4-c0ed-40e8-93d5-a67e373b5b7e,1366b0f9-64f8-4bb2-9825-a478f020398c,0.6935237811025937
127a75e4-c0ed-40e8-93d5-a67e373b5b7e,1367987f-164c-4b8b-a03a-87e7b8003191,0.6216536294519313
127a75e4-c0ed-40e8-93d5-a67e373b5b7e,13688456-f513-4857-8b18-27eae7245dec,0.735423911248292
127a75e4-c0ed-40e8-93d5-a67e373b5b7e,136a323b-499a-4787-b112-d8d3dd8f10a5,0.5446712223521979
127a75e4-c0ed-40e8-93d5-a67e373b5b7e,136aa9c9-9d69-42e1-8e2a-99027ac77335,0.8946169637562864
127a75e4-c0ed-40e8-93d5-a67e373b5b7e,136aaf0a-c474-410d-a374-15156bde4886,0.9806427766313628
127a75e4-c0ed-40e8-93d5-a67e373b5b7e,136b4080-0c88-4dc9-bf28-cc8ef4197b12,0.8462923565320679
127a75e4-c0ed-40e8-93d5-a67e373b5b7e,136bdf74-0e69-4412-a8fa-ec783d7ededf,0.8565516777620927
127a75e4-c0ed-40e8-93d5-a67e373b5b7e,136c32fb-4037-4ae6-a199-cc33eb174e96,0.4023626940820636
127a75e4-c0ed-40e8-93d5-a67e373b5b7e,136d620a-acbe-44a0-a7d1-62f597f7d239,0.8370739017980071
127a75e4-c0ed-40e8-93d5-a67e373b5b7e,13702432-b6d3-47f9-bb27-b4783ee948b6,0.6947063964735591
127a75e4-c0ed-40e8-93d5-a67e373b5b7e,1370c313-83a0-4fa2-87dc-cfbc67c4e507,0.8191130760251404
127a75e4-c0ed-40e8-93d5-a67e373b5b7e,13724088-9be4-4e2e-b2e4-dfa2cffba6ce,0.7577804432634592
127a75e4-c0ed-40e8-93d5-a67e373b5b7e,13725e56-77a9-48af-94c5-f0f4ab3358b1,0.9197339286991209
127a75e4-c0ed-40e8-93d5-a67e373b5b7e,13729d16-7f6b-4e39-9415-b8c9d9dd6c3f,0.9296128000099696
127a75e4-c0ed-40e8-93d5-a67e373b5b7e,1374ebc9-3c33-430f-b7c5-d80163e47eba,0.9170858819781696
127a75e4-c0ed-40e8-93d5-a67e373b5b7e,13752b7c-8f06-46b6-9127-229b3fdf41d1,0.665206399008113
127a75e4-c0ed-40e8-93d5-a67e373b5b7e,1375ccd5-4d0d-4414-b480-0705e164befa,0.6411393797158526
127a75e4-c0ed-40e8-93d5-a67e373b5b7e,13796a8e-c3f7-4d92-a261-f39ba1bb766b,0.7368052390872618
127a75e4-c0ed-40e8-93d5-a67e373b5b7e,1379b6ab-1d7b-47e4-97fc-d059017b708a,0.7734705049286492
127a75e4-c0ed-40e8-93d5-a67e373b5b7e,137b9ab7-1ac9-4e26-8f67-8565b48f943a,0.8240983632225654
127a75e4-c0ed-40e8-93d5-a67e373b5b7e,137bd55e-9e67-4277-8208-b5c3475e8aca,0.6161135675477505
127a75e4-c0ed-40e8-93d5-a67e373b5b7e,137c5857-6daf-4137-b6f6-b6d24eb2d87f,0.7635755270852509
127a75e4-c0ed-40e8-93d5-a67e373b5b7e,137de57d-83cb-4f33-921c-e3ba65f9a6a1,0.9800249806732062
127a75e4-c0ed-40e8-93d5-a67e373b5b7e,137e29a3-e193-4886-8dba-c2694b392950,0.7416689205001155
127a75e4-c0ed-40e8-93d5-a67e373b5b7e,13812e6b-0163-43de-a6ac-f7f58c063257,0.6567780592288941
127a75e4-c0ed-40e8-93d5-a67e373b5b7e,1381a61e-a697-4360-9916-07fa26015d76,0.9567483249657036
127a75e4-c0ed-40e8-93d5-a67e373b5b7e,1381c625-9353-4a99-abda-6774d14b7f06,0.7593930122033341
127a75e4-c0ed-40e8-93d5-a67e373b5b7e,13824bcb-6134-4b2c-8179-92882cafd60f,0.7497913090943304
127a75e4-c0ed-40e8-93d5-a67e373b5b7e,138539ab-a9c2-4fc1-8bd7-daa69a11255f,0.6675330280683656
127a75e4-c0ed-40e8-93d5-a67e373b5b7e,13870d67-87ea-4022-8baa-505d63b72786,0.7000281557308574
127a75e4-c0ed-40e8-93d5-a67e373b5b7e,13872d9b-0a1e-4d2f-ab44-363bca356068,0.6276442047009826
127a75e4-c0ed-40e8-93d5-a67e373b5b7e,13891363-f155-4b08-b4c3-4ca1a64e071a,0.7398249867586878
127a75e4-c0ed-40e8-93d5-a67e373b5b7e,13895ccb-824b-409f-8e4d-64f74a08f5e8,0.6054739308276965
127a75e4-c0ed-40e8-93d5-a67e373b5b7e,1389dbcc-53b2-4dab-af52-a907fe4c1f70,0.6100057668515797
127a75e4-c0ed-40e8-93d5-a67e373b5b7e,138a3adc-07f6-49a6-acf9-75f31c833c0b,0.5334439707749903
127a75e4-c0ed-40e8-93d5-a67e373b5b7e,138bf8ab-37db-4ae4-9fcc-20fe7a6c2e31,0.9269317991742972
127a75e4-c0ed-40e8-93d5-a67e373b5b7e,138cb4e0-b2ac-4eb5-be18-61574592d352,0.277495065284505
127a75e4-c0ed-40e8-93d5-a67e373b5b7e,138cf99c-7ef6-43b9-ad32-0b8e9c56b48c,0.8495304679158848
127a75e4-c0ed-40e8-93d5-a67e373b5b7e,138d2d8b-6c6c-4b3e-9654-68dc421fb328,0.6587127317882792
127a75e4-c0ed-40e8-93d5-a67e373b5b7e,138d72b1-2786-4869-93de-59ae04453a56,0.6780877614853751
127a75e4-c0ed-40e8-93d5-a67e373b5b7e,138d8531-703e-4ca4-a2e3-e0f27709dd2c,0.7907602746081355
127a75e4-c0ed-40e8-93d5-a67e373b5b7e,138f4d0b-5e08-4095-9e6e-2bc2fd5afad4,0.4994335028692804
127a75e4-c0ed-40e8-93d5-a67e373b5b7e,13902431-862a-44ef-9306-63c01765ab50,0.7570238313187876
127a75e4-c0ed-40e8-93d5-a67e373b5b7e,1391c54e-1739-49eb-bdf6-39a821c20630,0.6829555140399844
127a75e4-c0ed-40e8-93d5-a67e373b5b7e,1391e83a-9581-4a24-8752-73b3cea63900,0.8236320801750914
127a75e4-c0ed-40e8-93d5-a67e373b5b7e,1392fb73-cc5c-4f10-92fd-207bb95c1346,0.8043228876076921
127a75e4-c0ed-40e8-93d5-a67e373b5b7e,1392fedf-a128-4d90-910e-754f7b70a70d,0.9067108293283862
127a75e4-c0ed-40e8-93d5-a67e373b5b7e,1394003e-5cd9-4033-925e-e72a5054d5c2,0.7148756768999833
127a75e4-c0ed-40e8-93d5-a67e373b5b7e,13949377-510c-4179-9dbd-1159fcf64c4f,0.1340706808063531
127a75e4-c0ed-40e8-93d5-a67e373b5b7e,1395effc-38b9-42c8-8a87-db7b413d69ec,0.639732255968759
127a75e4-c0ed-40e8-93d5-a67e373b5b7e,13978047-5ff6-4234-a616-6f7331912e58,0.9617887240591212
127a75e4-c0ed-40e8-93d5-a67e373b5b7e,1397e71d-23d0-4359-a3d1-abf6d07906d0,0.9225016065337732
127a75e4-c0ed-40e8-93d5-a67e373b5b7e,1398217e-1b45-4d2f-8378-8dcf5907f17f,0.7223457112567152
127a75e4-c0ed-40e8-93d5-a67e373b5b7e,13988dc5-329d-4092-bb49-eab214db078c,0.7506516219832803
127a75e4-c0ed-40e8-93d5-a67e373b5b7e,139a3d8e-6b7d-47f7-93da-ff424e62397e,0.752353540896019
127a75e4-c0ed-40e8-93d5-a67e373b5b7e,139ac373-2790-4664-90af-341f10e0db5b,0.7944087350574579
127a75e4-c0ed-40e8-93d5-a67e373b5b7e,139e2e28-ccc1-45ee-b080-52e2e1e7ea8e,0.5887989734328873
127a75e4-c0ed-40e8-93d5-a67e373b5b7e,13a3add3-f956-4275-a1d6-79acfbc331ba,0.802439141950779
127a75e4-c0ed-40e8-93d5-a67e373b5b7e,13a3ce93-555b-44a6-89e1-a439b1503463,0.922578064623378
127a75e4-c0ed-40e8-93d5-a67e373b5b7e,13a519c6-f433-456c-bcbd-9213aaa9e2fb,0.7510510096420232
127a75e4-c0ed-40e8-93d5-a67e373b5b7e,13a6a7cf-e7b4-406e-a75e-7789c574f8fb,0.7132196143689656
127a75e4-c0ed-40e8-93d5-a67e373b5b7e,13a743c4-96c2-469a-b5d6-b9d54c067faa,0.7052823476128366
127a75e4-c0ed-40e8-93d5-a67e373b5b7e,13a7b649-058a-4b08-80c4-0e0483308ce6,0.7917618806745642
127a75e4-c0ed-40e8-93d5-a67e373b5b7e,13a90bbe-712a-4d57-9b18-03a9e7e62390,0.7520822969770923
127a75e4-c0ed-40e8-93d5-a67e373b5b7e,13a955f7-24a2-444b-a3f8-f0112462133e,0.7115689045935271
127a75e4-c0ed-40e8-93d5-a67e373b5b7e,13afeba0-42e5-48de-86e6-044e2a6152aa,0.6994736005237014
127a75e4-c0ed-40e8-93d5-a67e373b5b7e,13b015b5-0687-4a6c-aea2-fd30613db966,0.4643434870689782
127a75e4-c0ed-40e8-93d5-a67e373b5b7e,13b2ab30-dd25-45d1-901f-9788fb71b234,0.8336438697314127
127a75e4-c0ed-40e8-93d5-a67e373b5b7e,13b2d945-7ab4-4d5a-98de-0d2359ed4510,0.6596339480811821
127a75e4-c0ed-40e8-93d5-a67e373b5b7e,13b33c97-6cd9-46ba-9170-40b9ad96f01e,0.7826199711771753
127a75e4-c0ed-40e8-93d5-a67e373b5b7e,13b41543-03e2-4061-9977-a09b65b65b3f,0.7109727024250073
127a75e4-c0ed-40e8-93d5-a67e373b5b7e,13b49d9c-e241-4eb6-a657-b829f28f6ab3,0.7311975893414101
127a75e4-c0ed-40e8-93d5-a67e373b5b7e,13b52cb0-6f38-4447-b1ab-dbc6ea29660b,0.9135000612858476
127a75e4-c0ed-40e8-93d5-a67e373b5b7e,13b6079a-35c6-4574-af33-aac4903d23bc,0.8223295601351011
127a75e4-c0ed-40e8-93d5-a67e373b5b7e,13b71166-4b15-49e2-ad06-b807ab56726e,0.7276627770756582
127a75e4-c0ed-40e8-93d5-a67e373b5b7e,13b87027-c096-4120-8561-335f522ce5e6,0.5201700882085518
127a75e4-c0ed-40e8-93d5-a67e373b5b7e,13ba1abf-8847-4d27-bf68-85fbd858e075,0.8530787716244251
127a75e4-c0ed-40e8-93d5-a67e373b5b7e,13ba653d-6257-43bd-97a2-a4df608ea06a,0.8510145877634956
127a75e4-c0ed-40e8-93d5-a67e373b5b7e,13ba7c49-8af4-4b27-9d4a-fd2e4a2d18b4,0.8338291355166009
127a75e4-c0ed-40e8-93d5-a67e373b5b7e,13bb595c-6251-4a9d-bf59-2c0a00b3d3e6,0.79711339195608
127a75e4-c0ed-40e8-93d5-a67e373b5b7e,13be8c7f-7523-4def-acd7-708314994227,0.8106649264530218
127a75e4-c0ed-40e8-93d5-a67e373b5b7e,13bf95a7-a9d5-4abc-a928-e8a12d500138,0.6196335692866118
127a75e4-c0ed-40e8-93d5-a67e373b5b7e,13bf98ad-86a0-4e9d-a691-eeb12796fcaf,0.7395302079851579
127a75e4-c0ed-40e8-93d5-a67e373b5b7e,13c0a819-2055-42db-ba0f-b8218ec59e63,0.7797226319598461
127a75e4-c0ed-40e8-93d5-a67e373b5b7e,13c0f3b0-ba85-4222-99bd-665f52f81b7c,0.9212935315358538
127a75e4-c0ed-40e8-93d5-a67e373b5b7e,13c1dcab-3f61-4853-b1c4-ef56ab65602e,0.7502857338917907
127a75e4-c0ed-40e8-93d5-a67e373b5b7e,13c1e845-775c-4451-b883-be1cca858f18,0.6394786903946013
127a75e4-c0ed-40e8-93d5-a67e373b5b7e,13c25014-04c3-421e-b2a5-53dc11c48cc5,0.7322544485398284
127a75e4-c0ed-40e8-93d5-a67e373b5b7e,13c398ab-4229-4b25-9ad5-a6a434937a69,0.5841555231718201
127a75e4-c0ed-40e8-93d5-a67e373b5b7e,13c635e7-57a8-4822-9a55-de2d8b9d1c75,0.4955042923255431
127a75e4-c0ed-40e8-93d5-a67e373b5b7e,13c8414a-a885-4578-be15-666465c94e3c,0.7364898165451633
127a75e4-c0ed-40e8-93d5-a67e373b5b7e,13c869b2-0ad6-4a54-b3bb-a00f82d40a7b,0.4403991265058312
127a75e4-c0ed-40e8-93d5-a67e373b5b7e,13cae3c7-de87-4afb-ac17-ae7948b24e4e,0.7910712073032155
127a75e4-c0ed-40e8-93d5-a67e373b5b7e,13cafa7f-4cc5-4bbe-ad5f-55d61d6cc664,0.5622239824218908
127a75e4-c0ed-40e8-93d5-a67e373b5b7e,13cb8463-2643-492e-ba61-b551085bf1e3,0.63677425271596
127a75e4-c0ed-40e8-93d5-a67e373b5b7e,13cc5fa4-e398-4bde-9109-6d701c211e97,0.884634793745894
127a75e4-c0ed-40e8-93d5-a67e373b5b7e,13cc8382-1d2a-47f3-992f-a121c75cb93a,0.7988921169185949
127a75e4-c0ed-40e8-93d5-a67e373b5b7e,13ccc8ad-2475-402a-9eae-24734ea41f2c,0.2565986611580026
127a75e4-c0ed-40e8-93d5-a67e373b5b7e,13ccf20e-084a-49ae-b457-859555d21bcf,0.9191195384164744
127a75e4-c0ed-40e8-93d5-a67e373b5b7e,13cd027d-86c3-4d05-8165-648708c9bcb5,0.691834800236034
127a75e4-c0ed-40e8-93d5-a67e373b5b7e,13cd2c3a-507d-491e-836d-3d7682d12668,0.8051757670908191
127a75e4-c0ed-40e8-93d5-a67e373b5b7e,13cf5cb7-e99f-4c76-9b4a-60de491cf816,0.3887180376197422
127a75e4-c0ed-40e8-93d5-a67e373b5b7e,13d24598-b597-4766-a052-a1eae667aa8e,0.8342868366501598
127a75e4-c0ed-40e8-93d5-a67e373b5b7e,13d28506-289c-4e75-9169-4dc3b4b08028,0.7864195328077881
127a75e4-c0ed-40e8-93d5-a67e373b5b7e,13d32a47-8e31-4592-8655-3860b233d4fb,0.7868824832501712
127a75e4-c0ed-40e8-93d5-a67e373b5b7e,13d3301b-3c14-48bd-a35e-ff6d113a96f3,0.7467279872171855
127a75e4-c0ed-40e8-93d5-a67e373b5b7e,13d37775-c657-4ebe-a9bd-cf08797369ab,0.7223998046792773
127a75e4-c0ed-40e8-93d5-a67e373b5b7e,13d37b66-f2b5-46aa-9827-0a2a21186419,0.5090459111978911
127a75e4-c0ed-40e8-93d5-a67e373b5b7e,13d3c7e4-1564-4cab-9465-c78d6b2d0437,0.7389143752466286
127a75e4-c0ed-40e8-93d5-a67e373b5b7e,13d3c8e0-d9b8-4248-9b72-ab3e049c763c,0.7101405804223966
127a75e4-c0ed-40e8-93d5-a67e373b5b7e,13d5415b-93e3-47b4-9043-4b1563eeab7d,0.5965340433255947
127a75e4-c0ed-40e8-93d5-a67e373b5b7e,13d74128-6608-45a7-b725-1475d1c26f9b,0.7729185045385997
127a75e4-c0ed-40e8-93d5-a67e373b5b7e,13d7d29b-b200-4dd0-9499-daa16cda5459,0.6831592852023285
127a75e4-c0ed-40e8-93d5-a67e373b5b7e,13d8276a-c71c-4f56-a052-2d8ae55ec5a6,0.9259253060027904
127a75e4-c0ed-40e8-93d5-a67e373b5b7e,13d84586-9a63-4d84-a2a0-ecaa71b4ee18,0.8990376180060756
127a75e4-c0ed-40e8-93d5-a67e373b5b7e,13d97a5e-7fd2-4976-b3f0-b0901f6d149a,0.7848489367839044
127a75e4-c0ed-40e8-93d5-a67e373b5b7e,13d9d162-29a2-4741-b930-ff4fadd49b2a,0.5306852596547587
127a75e4-c0ed-40e8-93d5-a67e373b5b7e,13dce4ea-532a-476a-b107-077dc6ca4148,0.7643403491108152
127a75e4-c0ed-40e8-93d5-a67e373b5b7e,13dd3410-c1b4-4458-abab-125e30f1a601,0.7671491464700564
127a75e4-c0ed-40e8-93d5-a67e373b5b7e,13dd6014-a9f1-4848-b5be-338f45dd64d2,0.9366195104521514
127a75e4-c0ed-40e8-93d5-a67e373b5b7e,13df06fc-7cee-4f3d-8064-e787ee937e5d,0.8404539977575103
127a75e4-c0ed-40e8-93d5-a67e373b5b7e,13df532d-6079-4086-9c0a-523b6170ac2a,0.724913728343921
127a75e4-c0ed-40e8-93d5-a67e373b5b7e,13dfdeae-6155-4f65-ade3-01ccd6df5169,0.6390132952895508
127a75e4-c0ed-40e8-93d5-a67e373b5b7e,13e0fbb1-2a84-4881-a2ed-4c3a44ddc91a,0.7081335696351874
127a75e4-c0ed-40e8-93d5-a67e373b5b7e,13e30a11-ec5a-4e3d-ab7d-454c5ae1806a,0.286147349635806
127a75e4-c0ed-40e8-93d5-a67e373b5b7e,13e35b13-4ffd-4f29-8322-e392b9581613,0.9011985038214384
127a75e4-c0ed-40e8-93d5-a67e373b5b7e,13e4390b-e7ee-4792-8deb-ec4990e8f36d,0.4227363878247602
127a75e4-c0ed-40e8-93d5-a67e373b5b7e,13e5a4d5-09df-4b28-bdea-674f0bb3b7ff,0.8859023257948727
127a75e4-c0ed-40e8-93d5-a67e373b5b7e,13e66b89-3421-4d99-a533-7efc8a79c020,0.6725694739386708
127a75e4-c0ed-40e8-93d5-a67e373b5b7e,13e69e09-b093-4983-b115-4fde8f4ba396,0.8083027011599845
127a75e4-c0ed-40e8-93d5-a67e373b5b7e,13e6bf13-eb09-4726-91f7-92a1c42157ca,0.9109351109673391
127a75e4-c0ed-40e8-93d5-a67e373b5b7e,13e6ecf1-950a-4abf-a6af-1ce972ee066f,0.2501485387812346
127a75e4-c0ed-40e8-93d5-a67e373b5b7e,13e756f3-94de-4a42-92d6-670b0122eccc,0.9236639364460923
127a75e4-c0ed-40e8-93d5-a67e373b5b7e,13e8feee-b96b-4c36-a266-a91bce36c072,0.641099438680789
127a75e4-c0ed-40e8-93d5-a67e373b5b7e,13ea27c7-215b-4573-a439-70a9a68a1f0f,0.742341950052938
127a75e4-c0ed-40e8-93d5-a67e373b5b7e,13eb15ee-19a3-49d2-a539-11697c19d835,0.7880805540999719
127a75e4-c0ed-40e8-93d5-a67e373b5b7e,13eb9396-05d7-4924-adc2-2abfdd1721f7,0.7525549644409102
127a75e4-c0ed-40e8-93d5-a67e373b5b7e,13eda2bf-5128-4fe3-97a7-ac2de08b26a3,0.765063996196363
127a75e4-c0ed-40e8-93d5-a67e373b5b7e,13eda8d4-cc6c-4cc5-a0fe-f8b7787399b2,0.9138043755206356
127a75e4-c0ed-40e8-93d5-a67e373b5b7e,13ef2bbd-d2d5-4320-8955-fb79ea51bca0,0.9204055410188124
127a75e4-c0ed-40e8-93d5-a67e373b5b7e,13efaed3-a468-4f43-982b-0c4d75df2849,0.6879724921146936
127a75e4-c0ed-40e8-93d5-a67e373b5b7e,13f0b4f1-8c8a-40da-83a2-5fdd5b4ec064,0.9185455425825172
127a75e4-c0ed-40e8-93d5-a67e373b5b7e,13f2c297-53cf-460b-9857-aae656dd68bf,0.8174272268139205
127a75e4-c0ed-40e8-93d5-a67e373b5b7e,13f3bc2d-d391-43ab-b477-c712741450ae,0.7823369340684057
127a75e4-c0ed-40e8-93d5-a67e373b5b7e,13f5905a-2b22-40cd-89e9-8abf75cc84c0,0.8255899219335128
127a75e4-c0ed-40e8-93d5-a67e373b5b7e,13f6137c-4e93-4232-95bc-2a15639afd35,0.7099829448239842
127a75e4-c0ed-40e8-93d5-a67e373b5b7e,13f69140-3513-4b44-b946-a73714884943,0.9008341990585998
127a75e4-c0ed-40e8-93d5-a67e373b5b7e,13f73ce3-8e0f-4120-83a7-6f1b4d83faee,0.4031558585557587
127a75e4-c0ed-40e8-93d5-a67e373b5b7e,13f73d0b-f7de-4eeb-858e-ea35df1b9b2a,0.6307875139182684
127a75e4-c0ed-40e8-93d5-a67e373b5b7e,13f7f9ed-4f45-4be1-aef5-27a17c20dc87,0.7273678969093583
127a75e4-c0ed-40e8-93d5-a67e373b5b7e,13f93928-b516-47ea-922d-cc077230b487,0.2010666800049494
127a75e4-c0ed-40e8-93d5-a67e373b5b7e,13f98af9-0441-41c7-991c-021eaf548b1e,0.7919156384174955
127a75e4-c0ed-40e8-93d5-a67e373b5b7e,13fa8875-1c1f-41c3-bbc8-2464c3564d62,0.6788262597555104
127a75e4-c0ed-40e8-93d5-a67e373b5b7e,13fb2375-836d-44f9-9558-cedd8715527c,0.4275999750841469
127a75e4-c0ed-40e8-93d5-a67e373b5b7e,13fb66ec-a4ff-47f6-a648-41a8fee5f22c,0.6471574487745427
127a75e4-c0ed-40e8-93d5-a67e373b5b7e,1400f56b-9a28-490b-a19d-acba7498cbe3,0.6818048012928811
127a75e4-c0ed-40e8-93d5-a67e373b5b7e,14015c64-461c-44d5-b8f7-c99a8aadead6,0.7661031225508216
127a75e4-c0ed-40e8-93d5-a67e373b5b7e,14021318-f564-4e7e-8be2-df7a728e2d91,0.7259773187889476
127a75e4-c0ed-40e8-93d5-a67e373b5b7e,14029a34-eb57-4c81-b435-c396f7f8b7d5,0.7650395708822578
127a75e4-c0ed-40e8-93d5-a67e373b5b7e,1406ffff-7f98-4333-abe2-2b4cdbbf6801,0.722253518202876
127a75e4-c0ed-40e8-93d5-a67e373b5b7e,1407ab9d-61e3-436b-96a7-55e8acdabc5d,0.9578586345264511
127a75e4-c0ed-40e8-93d5-a67e373b5b7e,1407c057-7654-4879-a234-c941b9d56cc5,0.7897811828065995
127a75e4-c0ed-40e8-93d5-a67e373b5b7e,14096095-0ab2-4b9c-be2f-e5d77a998424,0.5554428638284433
127a75e4-c0ed-40e8-93d5-a67e373b5b7e,140bc61c-2a71-463a-b35e-95be4203f3ab,0.6180918657598103
127a75e4-c0ed-40e8-93d5-a67e373b5b7e,140beb1e-e4d8-48d9-9332-02ade21b9722,0.584005968501625
127a75e4-c0ed-40e8-93d5-a67e373b5b7e,140c3fd9-3c98-4de5-95c7-8d7855879bec,0.949114437694372
127a75e4-c0ed-40e8-93d5-a67e373b5b7e,140c6f02-cbc0-402a-ada1-853e6de9f8be,0.8795725067484924
127a75e4-c0ed-40e8-93d5-a67e373b5b7e,140e5185-6f17-4cd7-b710-5b7a04a24241,0.2215187684304402
127a75e4-c0ed-40e8-93d5-a67e373b5b7e,14103fd5-0783-4ee8-bd46-db49a085ab99,0.8060229003041196
127a75e4-c0ed-40e8-93d5-a67e373b5b7e,1411062d-0a48-42b6-8cfa-8a2dec8c5585,0.7122916325194278
127a75e4-c0ed-40e8-93d5-a67e373b5b7e,1411062e-85da-4234-8ad8-1256d2e94161,0.7913265301638929
127a75e4-c0ed-40e8-93d5-a67e373b5b7e,1412412f-3084-4571-81e6-6a78962d4ae3,0.7405142009947394
127a75e4-c0ed-40e8-93d5-a67e373b5b7e,1412c3cd-0e00-4e5e-8fc6-9601b6e0f234,0.8142556845906315
127a75e4-c0ed-40e8-93d5-a67e373b5b7e,1412f7a2-b73b-4b15-9f7f-5901e35b8e9a,0.7728153860637182
127a75e4-c0ed-40e8-93d5-a67e373b5b7e,141341e8-105e-4873-a975-fa0a961c47d7,0.6364760686955522
127a75e4-c0ed-40e8-93d5-a67e373b5b7e,1413e3c4-72dd-40b8-a413-3a0e0fdf6371,0.7645983397033502
127a75e4-c0ed-40e8-93d5-a67e373b5b7e,1415403c-9032-4be0-948c-71b752a1dceb,0.8749187983241814
127a75e4-c0ed-40e8-93d5-a67e373b5b7e,141560a7-ec7d-4109-8f42-8b1e0076cc91,0.875224777607257
127a75e4-c0ed-40e8-93d5-a67e373b5b7e,1415fc4f-276c-457f-85b9-f35f18915374,0.5391174619560989
127a75e4-c0ed-40e8-93d5-a67e373b5b7e,1415fda3-3d5f-49c5-a50e-371de6c30ce0,0.7788884618508554
127a75e4-c0ed-40e8-93d5-a67e373b5b7e,1418def6-f6a8-492b-b63c-b3b69c342f75,0.6510536735125092
127a75e4-c0ed-40e8-93d5-a67e373b5b7e,14191831-ee58-4ee3-a08d-89dcb4db31bb,0.7471531052588782
127a75e4-c0ed-40e8-93d5-a67e373b5b7e,141b17a4-9393-4910-a801-718cbef74a49,0.5874374094331556
127a75e4-c0ed-40e8-93d5-a67e373b5b7e,141c4dd5-c94a-48ba-93a9-dd7c86817527,0.76591835390497
127a75e4-c0ed-40e8-93d5-a67e373b5b7e,141d1840-d2ba-404c-a5e9-8ec483e513b8,0.7425023792833364
127a75e4-c0ed-40e8-93d5-a67e373b5b7e,141e5623-700a-4eb2-9e65-b3e5ff41f70a,0.9180237753135212
127a75e4-c0ed-40e8-93d5-a67e373b5b7e,141e773b-29e9-451c-bdf8-d08db0974795,0.7736652693721798
127a75e4-c0ed-40e8-93d5-a67e373b5b7e,141f7d19-00f7-4390-9501-6f6e05888097,0.9008686272704932
127a75e4-c0ed-40e8-93d5-a67e373b5b7e,141fbe6b-e981-48b7-a372-211ce2e57641,0.7971047200387024
127a75e4-c0ed-40e8-93d5-a67e373b5b7e,141ff68e-7c89-4ef2-8ae3-c0bee4408e38,0.669883225554919
127a75e4-c0ed-40e8-93d5-a67e373b5b7e,14201296-2364-4a21-b857-c544cbab346e,0.8844492646684122
127a75e4-c0ed-40e8-93d5-a67e373b5b7e,1420b4fc-03ce-40c8-a7ad-5ab63697f17f,0.7934902279551765
127a75e4-c0ed-40e8-93d5-a67e373b5b7e,1422a85f-674e-4a82-8061-297fefe2bba1,0.8286279678791845
127a75e4-c0ed-40e8-93d5-a67e373b5b7e,1423b3b3-3a28-4d9d-8eb9-0d768acf8829,0.8334306720282901
127a75e4-c0ed-40e8-93d5-a67e373b5b7e,1424062c-d91a-40fd-9d63-7f6fda508665,0.619611819537408
127a75e4-c0ed-40e8-93d5-a67e373b5b7e,142407ba-496c-4037-b45c-28e1e4844974,0.8175607107319894
127a75e4-c0ed-40e8-93d5-a67e373b5b7e,14265755-7d77-4614-bd61-74860c566bb8,0.8994829977773103
127a75e4-c0ed-40e8-93d5-a67e373b5b7e,14266167-2ef1-48d8-84aa-0f371b90fb0f,0.2520890554730134
127a75e4-c0ed-40e8-93d5-a67e373b5b7e,14270a90-09e7-44b0-b081-a040df60bfaf,0.9293353713958132
127a75e4-c0ed-40e8-93d5-a67e373b5b7e,142848c0-7fba-4bf4-9c1d-3f058b5eb611,0.8947893668062596
127a75e4-c0ed-40e8-93d5-a67e373b5b7e,14287c23-cff5-4a9b-9040-d4bfcef84ccc,0.7413927748550416
127a75e4-c0ed-40e8-93d5-a67e373b5b7e,142913db-a437-4209-ac7b-ccd554a047f8,0.6668752465615703
127a75e4-c0ed-40e8-93d5-a67e373b5b7e,14291a78-0540-4087-ad19-58c8c9e8762f,0.7128434186849115
127a75e4-c0ed-40e8-93d5-a67e373b5b7e,14293336-fc98-4421-8a3a-f21d875e072e,0.8481953841709282
127a75e4-c0ed-40e8-93d5-a67e373b5b7e,1429c8f9-b605-450a-859e-e058fc26c57e,0.7871606844829228
127a75e4-c0ed-40e8-93d5-a67e373b5b7e,142a6cb2-ca23-400d-b61c-546d8c86b115,0.9063219293947192
127a75e4-c0ed-40e8-93d5-a67e373b5b7e,142c5fd6-04f3-4e76-9b11-39b29c5d0e1e,0.8694830821004808
127a75e4-c0ed-40e8-93d5-a67e373b5b7e,142cacc0-0553-4f2c-a0d7-460eaf46e8ff,0.9326029682936376
127a75e4-c0ed-40e8-93d5-a67e373b5b7e,142ce647-32ec-4176-88cc-7b19d0848caf,0.933650019784013
127a75e4-c0ed-40e8-93d5-a67e373b5b7e,142ef286-d762-45da-8c37-a723867875ce,0.7613168341567798
127a75e4-c0ed-40e8-93d5-a67e373b5b7e,1431271e-d275-4117-bb76-5f88d57f7caa,0.8578842197542218
127a75e4-c0ed-40e8-93d5-a67e373b5b7e,14321adc-9ff5-4008-8993-121e98590515,0.9305098621421696
127a75e4-c0ed-40e8-93d5-a67e373b5b7e,1433612d-c066-4be0-91ee-385cd4fc0090,0.7536144079785031
127a75e4-c0ed-40e8-93d5-a67e373b5b7e,143481b7-06cf-413b-b731-27cd18286c68,0.5580380809282061
127a75e4-c0ed-40e8-93d5-a67e373b5b7e,1434c37e-196e-45fd-9d19-46ab68ff602c,0.7670818861586893
127a75e4-c0ed-40e8-93d5-a67e373b5b7e,14360274-e0f4-4033-bc8c-8686baaeca82,0.888700836241197
127a75e4-c0ed-40e8-93d5-a67e373b5b7e,1436e79b-e7e9-42a5-84a2-77380bb1dbf4,0.4948434400628569
127a75e4-c0ed-40e8-93d5-a67e373b5b7e,1437388d-6c61-48fe-9e5f-03c0c3f978ce,0.747345135767982
127a75e4-c0ed-40e8-93d5-a67e373b5b7e,143778ba-4c8a-4800-85a9-c125a12bd372,0.6597045008799873
127a75e4-c0ed-40e8-93d5-a67e373b5b7e,1437b93d-2c61-43a3-ab8b-8e939a4e99b3,0.4745275279993515
127a75e4-c0ed-40e8-93d5-a67e373b5b7e,143a3bcb-6bea-4757-be3a-9a00df78e842,0.7128704432008571
127a75e4-c0ed-40e8-93d5-a67e373b5b7e,143b1f0f-1e2b-4a54-b063-285ad271978f,0.8759064590608914
127a75e4-c0ed-40e8-93d5-a67e373b5b7e,1440f800-eab3-42bb-bc08-c23ee860f15f,0.8538644541264985
127a75e4-c0ed-40e8-93d5-a67e373b5b7e,1441aa8e-b02b-4d49-a2d9-f9b720f828be,0.798230855635581
127a75e4-c0ed-40e8-93d5-a67e373b5b7e,14439778-b75d-4af1-aa0e-0de55991448c,0.711093857008495
127a75e4-c0ed-40e8-93d5-a67e373b5b7e,1443c800-a03a-452b-acd3-adc660f2ce36,0.5147040331153678
127a75e4-c0ed-40e8-93d5-a67e373b5b7e,1443f03b-4ffd-43bb-9038-e5e6761b1b83,0.7486892244969169
127a75e4-c0ed-40e8-93d5-a67e373b5b7e,14445a45-710f-4e31-abfa-88e179469135,0.7206609797226554
127a75e4-c0ed-40e8-93d5-a67e373b5b7e,14465102-1237-46c4-ad7c-debf0d00cba8,0.864619310107021
127a75e4-c0ed-40e8-93d5-a67e373b5b7e,1447c2c2-282e-4741-a171-d88a3e81957c,0.9213239535850448
127a75e4-c0ed-40e8-93d5-a67e373b5b7e,144a201f-b51e-4046-84c0-e58ce85406eb,0.4599229250674094
127a75e4-c0ed-40e8-93d5-a67e373b5b7e,144b1ec9-5d0e-46d5-b147-e2af23c5a6e9,0.746283815593635
127a75e4-c0ed-40e8-93d5-a67e373b5b7e,14523337-7159-4999-8aaf-504f92805604,0.6617114862832365
127a75e4-c0ed-40e8-93d5-a67e373b5b7e,14534464-557e-4763-9220-09f761e50766,0.7467599791658341
127a75e4-c0ed-40e8-93d5-a67e373b5b7e,1453a2f3-a28a-484d-a473-2cc5215986e3,0.9585041888429569
127a75e4-c0ed-40e8-93d5-a67e373b5b7e,14562170-931f-4ba1-925c-932141c3545f,0.7953367003805693
127a75e4-c0ed-40e8-93d5-a67e373b5b7e,14576f7e-1baf-4e86-9af4-9e79dfd7afc5,0.7509650869016955
127a75e4-c0ed-40e8-93d5-a67e373b5b7e,14578c46-37a0-433f-b0e4-782886a95773,0.6932751612374014
127a75e4-c0ed-40e8-93d5-a67e373b5b7e,14585bca-38fd-4421-8fca-63bb5709dd36,0.6029188878899611
127a75e4-c0ed-40e8-93d5-a67e373b5b7e,1459318b-a831-4dba-92ed-9f61c6f13f47,0.7098881298690508
127a75e4-c0ed-40e8-93d5-a67e373b5b7e,145b78f9-1b8d-4371-ae03-5b7758bff99b,0.9209983352028964
127a75e4-c0ed-40e8-93d5-a67e373b5b7e,145c88cc-31b4-453c-a51c-dc649a262717,0.7036807657940706
127a75e4-c0ed-40e8-93d5-a67e373b5b7e,145d8fc5-8c1e-4466-b0be-f32d68e9c2dc,0.7811066871200286
127a75e4-c0ed-40e8-93d5-a67e373b5b7e,145e1fef-83ec-45d6-9a26-fdb47b52f2ee,0.2817940075091967
127a75e4-c0ed-40e8-93d5-a67e373b5b7e,145ef585-58c0-4847-a0f0-fbbee95d5986,0.7839293049128141
127a75e4-c0ed-40e8-93d5-a67e373b5b7e,145f4984-b6d8-4b54-bae3-bba90019fca9,0.5375344931675695
127a75e4-c0ed-40e8-93d5-a67e373b5b7e,146377d2-e556-4eeb-a03a-34bed9d4e05d,0.8480984336754115
127a75e4-c0ed-40e8-93d5-a67e373b5b7e,1463b341-fd9e-4b15-832c-b30b7de9773d,0.7905657611422823
127a75e4-c0ed-40e8-93d5-a67e373b5b7e,1464791a-c185-499c-a4bd-73622ee61b43,0.6927930932093401
127a75e4-c0ed-40e8-93d5-a67e373b5b7e,1464bc55-49b4-420f-8614-902cf2e6ac41,0.6849205405192967
127a75e4-c0ed-40e8-93d5-a67e373b5b7e,1464e3fa-a8ed-4c11-9d12-e7418e70b6a5,0.8760164554030051
127a75e4-c0ed-40e8-93d5-a67e373b5b7e,146521d3-39c3-468e-9433-6e502da631c6,0.7653897900167548
127a75e4-c0ed-40e8-93d5-a67e373b5b7e,14664212-fff8-4778-ad6f-69410024f32b,0.7609513255574574
127a75e4-c0ed-40e8-93d5-a67e373b5b7e,14676802-bb70-4215-a622-9b9ba78853ce,0.6406474748112578
127a75e4-c0ed-40e8-93d5-a67e373b5b7e,14683258-59ba-492d-b1d7-6d4e84a5c1ec,0.77148676193282
127a75e4-c0ed-40e8-93d5-a67e373b5b7e,146891d3-ca20-4acb-a345-48a3b65f8aab,0.7543346655719863
127a75e4-c0ed-40e8-93d5-a67e373b5b7e,14699630-ff85-493a-9baa-98fbdfefa707,0.9105722172601692
127a75e4-c0ed-40e8-93d5-a67e373b5b7e,146a718f-edee-4370-a1cc-8800f34f2781,0.7614460986103179
127a75e4-c0ed-40e8-93d5-a67e373b5b7e,146c5540-75bf-4358-94c7-80f58a69fb85,0.5563095134185219
127a75e4-c0ed-40e8-93d5-a67e373b5b7e,146cd3d4-3b35-44a7-8ac7-f7d5787233e5,0.7701656765214959
127a75e4-c0ed-40e8-93d5-a67e373b5b7e,146ebd38-61ea-4fa9-8781-d30e666c2e1e,0.8241154463253385
127a75e4-c0ed-40e8-93d5-a67e373b5b7e,146fef5a-8e6b-4d41-a8c5-da8d0b22c771,0.5893758227374731
127a75e4-c0ed-40e8-93d5-a67e373b5b7e,14709ad1-defe-46b7-8feb-eebdd0e8d2db,0.777508934895299
127a75e4-c0ed-40e8-93d5-a67e373b5b7e,1472e4fb-75d0-4705-9596-5d9a0ccefe56,0.9037857304207666
127a75e4-c0ed-40e8-93d5-a67e373b5b7e,147352e5-7f56-4b1a-8983-36f73a6a852b,0.8882948378877484
127a75e4-c0ed-40e8-93d5-a67e373b5b7e,1473bd20-83ff-49f5-85c1-801a3d3b01c1,0.6025119204319136
127a75e4-c0ed-40e8-93d5-a67e373b5b7e,147421a1-b76a-480b-bc8c-672b7f40e0c1,0.5242479837958406
127a75e4-c0ed-40e8-93d5-a67e373b5b7e,14749eb2-25e9-4180-832c-3273642aa54b,0.4676384057161669
127a75e4-c0ed-40e8-93d5-a67e373b5b7e,14764ecd-9443-481e-b0cc-77420a26892b,0.8613562336695288
127a75e4-c0ed-40e8-93d5-a67e373b5b7e,1477abb7-fd1e-44f1-a977-286bee129639,0.7880940016349672
127a75e4-c0ed-40e8-93d5-a67e373b5b7e,147827e7-5201-455b-9b7d-a3993a5a8b7f,0.8186265758925764
127a75e4-c0ed-40e8-93d5-a67e373b5b7e,147a1ee4-5be2-4b04-b833-25bc88922ddb,0.6684463894876971
127a75e4-c0ed-40e8-93d5-a67e373b5b7e,147b2967-1d48-495f-8b1f-4b90c5dd2e0f,0.5383193766054256
127a75e4-c0ed-40e8-93d5-a67e373b5b7e,147cd15f-2ee1-470a-9721-789583621909,0.8868320738174733
127a75e4-c0ed-40e8-93d5-a67e373b5b7e,147d823c-2c76-4900-8944-ae77a295c3d9,0.7687799909896579
127a75e4-c0ed-40e8-93d5-a67e373b5b7e,147db0af-297c-422d-a1bc-cd31e3c920d0,0.4417326072421267
127a75e4-c0ed-40e8-93d5-a67e373b5b7e,1480d064-6e6f-414a-8ae2-cfdc557956b4,0.7695843168376539
127a75e4-c0ed-40e8-93d5-a67e373b5b7e,14831ff2-8bc8-48f5-a42d-cdfee25c7440,0.7657361035306621
127a75e4-c0ed-40e8-93d5-a67e373b5b7e,14863eb3-5acd-48e4-978d-eb173e13ccc5,0.7282279352614118
127a75e4-c0ed-40e8-93d5-a67e373b5b7e,14875e8c-9aec-4406-94f8-fb1ede34213a,0.7953587319547027
127a75e4-c0ed-40e8-93d5-a67e373b5b7e,1487aabd-4721-4ce4-8332-a160531398cb,0.7966712486530025
127a75e4-c0ed-40e8-93d5-a67e373b5b7e,148ab0a8-0cb6-4bd1-a41b-4bd9eb6f7a2d,0.5062146923872104
127a75e4-c0ed-40e8-93d5-a67e373b5b7e,148c81da-2894-4978-9381-456cb50bf1d8,0.8308892482181001
127a75e4-c0ed-40e8-93d5-a67e373b5b7e,148ca9b3-edc3-480e-b5b9-07c6479ca1df,0.8004533682393711
127a75e4-c0ed-40e8-93d5-a67e373b5b7e,14915241-0e02-48a6-9917-980952f47731,0.7373470760520894
127a75e4-c0ed-40e8-93d5-a67e373b5b7e,149431b4-67b9-452e-aa93-80803e620c0d,0.8296757761757083
127a75e4-c0ed-40e8-93d5-a67e373b5b7e,149666f6-9a93-40cd-9784-c1cd6a015794,0.7766507608765628
127a75e4-c0ed-40e8-93d5-a67e373b5b7e,14981da9-7fd6-4374-b571-f5daa15d7707,0.852444030593124
127a75e4-c0ed-40e8-93d5-a67e373b5b7e,149acc06-8ec4-4420-85cf-521b68536441,0.4739667006816213
127a75e4-c0ed-40e8-93d5-a67e373b5b7e,149d1b7f-5ae1-4b29-a7eb-cde4e054d8bd,0.806098992722799
127a75e4-c0ed-40e8-93d5-a67e373b5b7e,149d8290-0f60-4310-acfd-116c70a1ffb1,0.8769361816700274
127a75e4-c0ed-40e8-93d5-a67e373b5b7e,149fbb47-6834-4dce-b366-f8f5664fd26a,0.8637942899286138
127a75e4-c0ed-40e8-93d5-a67e373b5b7e,149fd893-03a2-4836-9466-d56423b0bbbb,0.7675828018835161
127a75e4-c0ed-40e8-93d5-a67e373b5b7e,14a21519-ac81-4364-8982-5caa996ff383,0.7710781494799939
127a75e4-c0ed-40e8-93d5-a67e373b5b7e,14a4c92b-e4ec-4bfc-b78c-483d54c13c88,0.7354915422026197
127a75e4-c0ed-40e8-93d5-a67e373b5b7e,14a57e36-f12a-4ff4-b9af-ebcfd7374bf3,0.8152602073384801
127a75e4-c0ed-40e8-93d5-a67e373b5b7e,14a6e881-76a9-4a25-97fb-7714ffab7c15,0.6543380954175115
127a75e4-c0ed-40e8-93d5-a67e373b5b7e,14a6f335-33c0-45b8-ac1e-d5305eb1e412,0.5205866493293378
127a75e4-c0ed-40e8-93d5-a67e373b5b7e,14a73df5-edd6-4c87-95dc-bc51fa3646b5,0.718851569290818
127a75e4-c0ed-40e8-93d5-a67e373b5b7e,14a8a2c0-1daa-4e7c-89b3-41fc46486548,0.2261854435006142
127a75e4-c0ed-40e8-93d5-a67e373b5b7e,14a8a8c0-d170-4b18-8097-0411f7f72a35,0.7705691866049811
127a75e4-c0ed-40e8-93d5-a67e373b5b7e,14a98b0b-a15a-43d3-abad-376b973e25bb,0.893837993438109
127a75e4-c0ed-40e8-93d5-a67e373b5b7e,14a9b027-d3ad-41f0-8e70-5d4d2ec877f1,0.7688737510957747
127a75e4-c0ed-40e8-93d5-a67e373b5b7e,14ab43d0-ec29-4d31-ab6c-b3371def4152,0.5655430022340037
127a75e4-c0ed-40e8-93d5-a67e373b5b7e,14ac174f-7117-4a95-9009-8a788959ed05,0.4026696001823069
127a75e4-c0ed-40e8-93d5-a67e373b5b7e,14ac4adf-a904-42b8-aa47-2ed7c34a5b1d,0.5072238092534287
127a75e4-c0ed-40e8-93d5-a67e373b5b7e,14ad3233-2204-40a0-a2ac-8d1117798349,0.8918210652590395
127a75e4-c0ed-40e8-93d5-a67e373b5b7e,14b24319-42dd-4208-87e0-80558a8a014b,0.3121770713671526
127a75e4-c0ed-40e8-93d5-a67e373b5b7e,14b974af-efa5-4126-951b-8da837a31ea6,0.7827026694935696
127a75e4-c0ed-40e8-93d5-a67e373b5b7e,14ba4d6b-4bb5-4d7a-ab4d-2acc21575aba,0.8851847435476039
127a75e4-c0ed-40e8-93d5-a67e373b5b7e,14bb292c-335e-44cd-92ec-318bbb5fd2eb,0.7935923929929264
127a75e4-c0ed-40e8-93d5-a67e373b5b7e,14bba233-a51c-4f7b-bed2-5ce583e290c1,0.7084773439652818
127a75e4-c0ed-40e8-93d5-a67e373b5b7e,14bc934d-ac20-42e5-be61-b9e763156446,0.7544073489392865
127a75e4-c0ed-40e8-93d5-a67e373b5b7e,14bfa8e6-9b4b-407c-844b-9494152d8167,0.9129010295243812
127a75e4-c0ed-40e8-93d5-a67e373b5b7e,14bfc221-c827-4a1d-97f4-8ffff66b5161,0.6901708947670173
127a75e4-c0ed-40e8-93d5-a67e373b5b7e,14c172a4-7a0c-4c98-bcff-85238772b00a,0.896657450856466
127a75e4-c0ed-40e8-93d5-a67e373b5b7e,14c22d00-dfef-4948-a6c5-fa117ba706c6,0.8134975080131256
127a75e4-c0ed-40e8-93d5-a67e373b5b7e,14c455a2-e8a4-4bf5-9165-29b0bc961223,0.709943327153466
127a75e4-c0ed-40e8-93d5-a67e373b5b7e,14c51647-fa3d-40f8-89c6-ef5233cb19c8,0.7293091742752574
127a75e4-c0ed-40e8-93d5-a67e373b5b7e,14c5e96f-701c-430f-8314-68d2970c068b,0.7151098593485
127a75e4-c0ed-40e8-93d5-a67e373b5b7e,14c74d5f-8411-46e4-bd06-e2ade23f28a6,0.7521734965204036
127a75e4-c0ed-40e8-93d5-a67e373b5b7e,14c944aa-b7b5-4fd4-ab7f-c8686696319b,0.6982810834583663
127a75e4-c0ed-40e8-93d5-a67e373b5b7e,14c9b696-01fb-493b-ad1b-30b957af19bf,0.792592776384842
127a75e4-c0ed-40e8-93d5-a67e373b5b7e,14ca4b76-b318-40e5-a20b-df5ec09f3fa2,0.9181173557607252
127a75e4-c0ed-40e8-93d5-a67e373b5b7e,14cb455b-6618-4cb0-8066-b1ea20595835,0.6928457944747671
127a75e4-c0ed-40e8-93d5-a67e373b5b7e,14cbe0d4-0cc2-4565-aa93-0598a3509f03,0.9061427059972352
127a75e4-c0ed-40e8-93d5-a67e373b5b7e,14ce4bc9-5d78-4b00-99a5-3894e80839c2,0.8172236605584203
127a75e4-c0ed-40e8-93d5-a67e373b5b7e,14ceb1e7-e9dc-4f0b-bbb6-ee311c58fa3d,0.7629865761019854
127a75e4-c0ed-40e8-93d5-a67e373b5b7e,14cefcb2-3e6b-4dec-a8a9-b44a74c3fe06,0.8292639520683397
127a75e4-c0ed-40e8-93d5-a67e373b5b7e,14cf0169-1c86-4702-addf-7421604cdc1d,0.6149241880636118
127a75e4-c0ed-40e8-93d5-a67e373b5b7e,14d0d0fd-eb65-4b2d-ba26-cc25b55c19b6,0.8854439567208657
127a75e4-c0ed-40e8-93d5-a67e373b5b7e,14d183fc-8813-4382-b04e-a8cd5d511707,0.778675832471773
127a75e4-c0ed-40e8-93d5-a67e373b5b7e,14d4e61f-58ab-47fe-b255-610fcec852dc,0.9092414560506444
127a75e4-c0ed-40e8-93d5-a67e373b5b7e,14d5e88f-1d73-4320-a032-0516195dedbe,0.4052904516994515
127a75e4-c0ed-40e8-93d5-a67e373b5b7e,14d614c7-051d-4c40-ada1-7d891cdb1ee8,0.7078967921153879
127a75e4-c0ed-40e8-93d5-a67e373b5b7e,14d633f1-c23d-48f8-b713-a1b8bc282e2d,0.7260908522078491
127a75e4-c0ed-40e8-93d5-a67e373b5b7e,14d873be-1b0e-41b3-83a3-54238aa08fa7,0.758142951518723
127a75e4-c0ed-40e8-93d5-a67e373b5b7e,14d94619-db41-45de-984c-24d6f34a4041,0.8198139039353183
127a75e4-c0ed-40e8-93d5-a67e373b5b7e,14da1fc4-960e-4dcd-b700-e3ba07d4ee56,0.4839692256005199
127a75e4-c0ed-40e8-93d5-a67e373b5b7e,14da36d5-e140-4abd-bc91-a1e5aa5db6d8,0.9485608061081018
127a75e4-c0ed-40e8-93d5-a67e373b5b7e,14dc3835-1895-45f4-bf74-dab05120d970,0.7344431989734523
127a75e4-c0ed-40e8-93d5-a67e373b5b7e,14dcf772-7dae-4d6d-806f-a22ad2824455,0.7543705147464912
127a75e4-c0ed-40e8-93d5-a67e373b5b7e,14dd0c4c-346a-42d1-9a41-27b4b5c00f2e,0.944563581524676
127a75e4-c0ed-40e8-93d5-a67e373b5b7e,14df985c-50dd-4ec0-80f4-fda512d359f4,0.8291775309867436
127a75e4-c0ed-40e8-93d5-a67e373b5b7e,14dfe29f-99b1-4393-8886-d55c435ef4d7,0.7642742544696011
127a75e4-c0ed-40e8-93d5-a67e373b5b7e,14e153b6-4fa4-4541-8f63-722139fcf270,0.7074245810012405
127a75e4-c0ed-40e8-93d5-a67e373b5b7e,14e424a3-2ef9-45a5-8a4e-e6587fbae932,0.8064972158353997
127a75e4-c0ed-40e8-93d5-a67e373b5b7e,14e58afc-6361-4ad0-9016-20cbc1282d1c,0.7429794053793606
127a75e4-c0ed-40e8-93d5-a67e373b5b7e,14e65b0e-d6c0-4b7d-b553-88f5c828b8c2,0.732408769726923
127a75e4-c0ed-40e8-93d5-a67e373b5b7e,14e73d66-660d-47c0-9262-aac62d871482,0.4059461096785984
127a75e4-c0ed-40e8-93d5-a67e373b5b7e,14e7dc2c-fcf1-4b4e-ab4c-1da4870bb01c,0.7779576137493511
127a75e4-c0ed-40e8-93d5-a67e373b5b7e,14e91aa9-6c44-495c-84d0-f89825ac8be5,0.6265909207433081
127a75e4-c0ed-40e8-93d5-a67e373b5b7e,14e92fde-45ff-4ffe-9297-c0280abbbf20,0.831841203927942
127a75e4-c0ed-40e8-93d5-a67e373b5b7e,14e94c11-2352-48b0-b7b0-8933149519d2,0.8612510933858103
127a75e4-c0ed-40e8-93d5-a67e373b5b7e,14e97065-54fb-407d-bf60-e373a3ce44a6,0.6320754785892717
127a75e4-c0ed-40e8-93d5-a67e373b5b7e,14eaa3d8-b7ee-4372-82c9-b6e3c9b3dc8b,0.7848484063106175
127a75e4-c0ed-40e8-93d5-a67e373b5b7e,14ebea06-9192-4acf-bc82-b520750efc28,0.7161534577939839
127a75e4-c0ed-40e8-93d5-a67e373b5b7e,14ee0c8c-80a5-4c4d-93fc-3ed11050dec9,0.9065233236774024
127a75e4-c0ed-40e8-93d5-a67e373b5b7e,14f0933e-41a8-4704-a3e1-dac802bd278c,0.7216979454842618
127a75e4-c0ed-40e8-93d5-a67e373b5b7e,14f12923-85eb-4863-85c4-77838e946bb1,0.7788730649338194
127a75e4-c0ed-40e8-93d5-a67e373b5b7e,14f274b9-4d2b-469c-8b1a-09be2647f926,0.7507670608853464
127a75e4-c0ed-40e8-93d5-a67e373b5b7e,14f303d5-5a18-48d1-9ba7-23d1f960c89b,0.7219753593472661
127a75e4-c0ed-40e8-93d5-a67e373b5b7e,14f4fc38-e1fd-4889-89fe-f654928e5d5f,0.8616784239923295
127a75e4-c0ed-40e8-93d5-a67e373b5b7e,14f63053-6054-4cd2-9fee-1a7a3b79bbdb,0.90901276363539
127a75e4-c0ed-40e8-93d5-a67e373b5b7e,14f75712-7089-47b0-9e43-b1d3da6627e2,0.6421408200220351
127a75e4-c0ed-40e8-93d5-a67e373b5b7e,14f7ff12-8d17-4038-8e12-4154a1f4a558,0.7278453091395387
127a75e4-c0ed-40e8-93d5-a67e373b5b7e,14fa1770-bac8-474f-9f33-8fca299d5294,0.7822684031473975
127a75e4-c0ed-40e8-93d5-a67e373b5b7e,14fabfb7-b17e-4621-81f8-57879debaee6,0.8043153658853522
127a75e4-c0ed-40e8-93d5-a67e373b5b7e,14fe243e-9545-4bcb-ae3e-4c469709e45d,0.9348763301167188
127a75e4-c0ed-40e8-93d5-a67e373b5b7e,150307c4-0ba8-4869-be8d-3386cf3dfdbf,0.7175680150413725
127a75e4-c0ed-40e8-93d5-a67e373b5b7e,150542c1-3412-490a-aa59-30b5521205eb,0.8102204527156767
127a75e4-c0ed-40e8-93d5-a67e373b5b7e,150548f9-bac7-487a-9c60-2330e31a341e,0.3377432849913202
127a75e4-c0ed-40e8-93d5-a67e373b5b7e,1505d614-abf2-406c-9e9f-cd2845e434a2,0.9813130197346293
127a75e4-c0ed-40e8-93d5-a67e373b5b7e,150b43fb-3885-4d99-b64d-91ea2b789301,0.7184222443269397
127a75e4-c0ed-40e8-93d5-a67e373b5b7e,150bf315-11d4-44bb-84c9-c76ba8ccf89e,0.7725236943943592
127a75e4-c0ed-40e8-93d5-a67e373b5b7e,150cfba3-bb71-4d60-8f8f-417da931463e,0.7768956090007147
127a75e4-c0ed-40e8-93d5-a67e373b5b7e,150d8e60-4f1b-4507-bee0-b369e151f3a6,0.7211426655850575
127a75e4-c0ed-40e8-93d5-a67e373b5b7e,150dbd37-fd91-4f59-bca3-76b623b75041,0.8161781638618274
127a75e4-c0ed-40e8-93d5-a67e373b5b7e,150e4565-7cea-474b-a632-2a5078b0135b,0.6871205022155451
127a75e4-c0ed-40e8-93d5-a67e373b5b7e,150eb7ce-3c37-4a46-8e6d-09cc5ca58d56,0.5330772766861472
127a75e4-c0ed-40e8-93d5-a67e373b5b7e,15101984-6d0a-4aa3-9eb1-33899145ebe7,0.8932864332733674
127a75e4-c0ed-40e8-93d5-a67e373b5b7e,1511da47-07b9-4450-ae4c-eaaec058152e,0.7265885144497953
127a75e4-c0ed-40e8-93d5-a67e373b5b7e,1513b1f9-6137-4a6a-a48a-63602c8a9e8b,0.6932110626883766
127a75e4-c0ed-40e8-93d5-a67e373b5b7e,1514ede9-5cb9-455d-8210-0668b6f92045,0.6347252433869491
127a75e4-c0ed-40e8-93d5-a67e373b5b7e,1516764c-6044-442e-b14d-dac7c2761386,0.9564012957009886
127a75e4-c0ed-40e8-93d5-a67e373b5b7e,151ac2cc-2f06-4f5b-9835-a86ba97f0a43,0.6205773477067541
127a75e4-c0ed-40e8-93d5-a67e373b5b7e,151b7867-5ab1-40b4-9083-3be100530d18,0.7503552411074559
127a75e4-c0ed-40e8-93d5-a67e373b5b7e,151bb63d-94fe-44c4-9bcc-45efc5654838,0.8498173383754938
127a75e4-c0ed-40e8-93d5-a67e373b5b7e,151bf2e8-0dc9-4844-a51f-0cd76a76bbfe,0.7226792277133416
127a75e4-c0ed-40e8-93d5-a67e373b5b7e,151d3050-8789-402a-a6a9-c0da502499cc,0.7956279629958329
127a75e4-c0ed-40e8-93d5-a67e373b5b7e,1523a4d8-e522-47c5-8ab5-91555df578f9,0.5974645446258472
127a75e4-c0ed-40e8-93d5-a67e373b5b7e,1523f0ea-822d-4024-8bc2-61fc5ebca172,0.7962588113359133
127a75e4-c0ed-40e8-93d5-a67e373b5b7e,152647b9-a7ef-4eb5-8b40-f5b9481e0e93,0.835700492539357
127a75e4-c0ed-40e8-93d5-a67e373b5b7e,1527efe7-7c4c-426a-9124-6999db0519fa,0.739330506521211
127a75e4-c0ed-40e8-93d5-a67e373b5b7e,152894bb-b135-4f4c-b3d9-0cf22a8f7592,0.9793410799077924
127a75e4-c0ed-40e8-93d5-a67e373b5b7e,1529e2f2-8816-45d3-98d3-0d7f21a8f6c5,0.913912444764892
127a75e4-c0ed-40e8-93d5-a67e373b5b7e,152d9009-39f8-4571-b776-d8170ff8e9aa,0.6836318500450482
127a75e4-c0ed-40e8-93d5-a67e373b5b7e,152f6ee9-3f2b-43cb-ba7f-6a79f209c6d0,0.2991604295670617
127a75e4-c0ed-40e8-93d5-a67e373b5b7e,15304c6a-dad6-4ac6-b360-374c96883139,0.7615748971806858
127a75e4-c0ed-40e8-93d5-a67e373b5b7e,1530812f-0ac8-4e7f-9424-a398b01d9637,0.8055492468598471
127a75e4-c0ed-40e8-93d5-a67e373b5b7e,1530b3db-413b-4d10-a571-00999eeab04e,0.7859229749302339
127a75e4-c0ed-40e8-93d5-a67e373b5b7e,1531ac45-4147-4aa4-88d2-589c4dfd094e,0.7548532815622628
127a75e4-c0ed-40e8-93d5-a67e373b5b7e,1533fc43-88d5-4fa1-9f02-6f154a11f654,0.453829697653881
127a75e4-c0ed-40e8-93d5-a67e373b5b7e,1534d778-a342-4eba-bfef-3acf94151ab5,0.6044952593233196
127a75e4-c0ed-40e8-93d5-a67e373b5b7e,15367d5a-ed3e-4e37-b5ef-4c2b2d6e2959,0.8432027802062776
127a75e4-c0ed-40e8-93d5-a67e373b5b7e,15372e57-e9cd-463e-9d1c-e0a397da0d55,0.7359966199720469
127a75e4-c0ed-40e8-93d5-a67e373b5b7e,153737b2-0b2d-4ca1-910e-15495c60889f,0.921757396028918
127a75e4-c0ed-40e8-93d5-a67e373b5b7e,15385104-30e2-4cd0-94c3-b7b2a42649ce,0.8093134182484004
127a75e4-c0ed-40e8-93d5-a67e373b5b7e,153a1422-338b-4dcc-973d-62b9568202ca,0.7193221210135647
127a75e4-c0ed-40e8-93d5-a67e373b5b7e,153ccef2-b3a3-4390-ab11-832506785a50,0.6161135675477505
127a75e4-c0ed-40e8-93d5-a67e373b5b7e,153e9b23-ba7a-4f17-b9d8-c2cee5087bd9,0.3555101506829966
127a75e4-c0ed-40e8-93d5-a67e373b5b7e,153eb38f-5e29-4fda-886f-3dde6885a396,0.5216192807973323
127a75e4-c0ed-40e8-93d5-a67e373b5b7e,153fe66f-53fa-46c6-85e5-dd55b426f263,0.9054793566963024
127a75e4-c0ed-40e8-93d5-a67e373b5b7e,15423134-b33a-4fd2-a419-4d199321b00e,0.6950049721568315
127a75e4-c0ed-40e8-93d5-a67e373b5b7e,15439abf-1e2f-42c2-97bc-efb51169f12e,0.8111396763175449
127a75e4-c0ed-40e8-93d5-a67e373b5b7e,154450e7-cf53-4b0c-a62d-06b88977dd66,0.6188528987372162
127a75e4-c0ed-40e8-93d5-a67e373b5b7e,1544c5d0-7905-42f5-a70a-11dc8c7c2b1a,0.5350804252630764
127a75e4-c0ed-40e8-93d5-a67e373b5b7e,15454c8a-394c-4292-8d31-2891c2621230,0.7254808313071046
127a75e4-c0ed-40e8-93d5-a67e373b5b7e,15458d81-8981-4162-8b15-f08dd0b21693,0.660601348606743
127a75e4-c0ed-40e8-93d5-a67e373b5b7e,1545c200-253d-4d90-a5ce-1631aefcf48b,0.7150694315714395
127a75e4-c0ed-40e8-93d5-a67e373b5b7e,15465e31-b5f4-41a7-9931-7d4bf3198600,0.6524277812446329
127a75e4-c0ed-40e8-93d5-a67e373b5b7e,1546c7bd-383a-4a7a-8ba1-4be8a9affc82,0.7193088406581823
127a75e4-c0ed-40e8-93d5-a67e373b5b7e,154773df-ec03-44e2-8ac9-78f29ee2d384,0.5436614161032772
127a75e4-c0ed-40e8-93d5-a67e373b5b7e,1548d317-3806-4364-827f-bef4fd653502,0.7393264233777432
127a75e4-c0ed-40e8-93d5-a67e373b5b7e,154b4dd4-db27-4b51-a736-0a7adaa85874,0.6740561338636476
127a75e4-c0ed-40e8-93d5-a67e373b5b7e,154be8ed-09eb-45ad-bb88-c02650343b8e,0.2840397368814828
127a75e4-c0ed-40e8-93d5-a67e373b5b7e,154c2dff-0e69-4777-a2ec-1facf4fd5159,0.3292593437725974
127a75e4-c0ed-40e8-93d5-a67e373b5b7e,154da9e0-194f-40e5-ae0d-a5410f1a72d0,0.7078301680120882
127a75e4-c0ed-40e8-93d5-a67e373b5b7e,154e508d-8986-4738-af55-4e1434e87fbd,0.7557146310593709
127a75e4-c0ed-40e8-93d5-a67e373b5b7e,155066d1-fb54-4fad-8fa9-155345ec2815,0.7561247010960808
127a75e4-c0ed-40e8-93d5-a67e373b5b7e,1553ee22-d7a5-4611-9795-ac1246420ef6,0.776403357950803
127a75e4-c0ed-40e8-93d5-a67e373b5b7e,15552103-b8c4-4c77-b50b-cba8826f7692,0.7786937007610938
127a75e4-c0ed-40e8-93d5-a67e373b5b7e,15555a23-c4c1-4430-933f-08d6a1f7cabb,0.8842388084547907
127a75e4-c0ed-40e8-93d5-a67e373b5b7e,1555b3cc-6aaf-474b-a486-438929810ee5,0.7815854556209338
127a75e4-c0ed-40e8-93d5-a67e373b5b7e,155619d6-ef16-4ff5-ad5c-32004ad74f53,0.7430833028234777
127a75e4-c0ed-40e8-93d5-a67e373b5b7e,15566b5c-29fa-4015-b756-238b4a0adece,0.8459289035334717
127a75e4-c0ed-40e8-93d5-a67e373b5b7e,1556814b-1d37-49a2-8da3-a5a2d6b90623,0.3829878793727174
127a75e4-c0ed-40e8-93d5-a67e373b5b7e,15594d11-f62f-4e38-8c91-2d6352314c0a,0.8568717034295269
127a75e4-c0ed-40e8-93d5-a67e373b5b7e,155a2afa-1a15-4be3-b5a8-f03c80defbc7,0.7563604720318613
127a75e4-c0ed-40e8-93d5-a67e373b5b7e,155ac144-e02e-4a08-bd17-462a2684552f,0.7958399814982549
127a75e4-c0ed-40e8-93d5-a67e373b5b7e,155c2c3e-313a-417f-ba5e-188e44601cdc,0.5449937145993551
127a75e4-c0ed-40e8-93d5-a67e373b5b7e,155c6b76-f7a8-4491-a4a6-6caf2635f3c7,0.6990270989279441
127a75e4-c0ed-40e8-93d5-a67e373b5b7e,155c9ed1-7003-466c-87b1-ebe2f5a1655e,0.9135919075431532
127a75e4-c0ed-40e8-93d5-a67e373b5b7e,155f4bb0-2d59-45ed-a4b1-e772c60bc848,0.7752951092182401
127a75e4-c0ed-40e8-93d5-a67e373b5b7e,15605373-1795-47c0-a8c6-11b4370a2b56,0.7561619117873583
127a75e4-c0ed-40e8-93d5-a67e373b5b7e,15607585-ec31-4ad4-ad81-6604bc179592,0.6953200928713564
127a75e4-c0ed-40e8-93d5-a67e373b5b7e,15615f08-0c2a-4009-8c35-88f61f2b764d,0.7901169776005134
127a75e4-c0ed-40e8-93d5-a67e373b5b7e,1561b5fd-c6f8-4dd7-b88e-6d7a4267cf04,0.3643118929604908
127a75e4-c0ed-40e8-93d5-a67e373b5b7e,156299fb-602a-423d-bace-e8ade6cb709f,0.8208317186203183
127a75e4-c0ed-40e8-93d5-a67e373b5b7e,15641094-ebd8-48a0-84c5-78e251d4b315,0.6863439804308679
127a75e4-c0ed-40e8-93d5-a67e373b5b7e,1564697a-eac5-4547-a52b-6bdc84af30dc,0.7178376544731043
127a75e4-c0ed-40e8-93d5-a67e373b5b7e,156547b5-b6c9-4dd7-a128-4b65d29589db,0.550988364425429
127a75e4-c0ed-40e8-93d5-a67e373b5b7e,15667df0-8b6e-4359-b2b6-a547a4a73eeb,0.797118936640954
127a75e4-c0ed-40e8-93d5-a67e373b5b7e,1566fdc3-3332-4fa8-8b1d-6e71174ab7ed,0.7281141299685578
127a75e4-c0ed-40e8-93d5-a67e373b5b7e,156a410b-dac4-4f1e-82d8-9d68227c5447,0.91379748390848
127a75e4-c0ed-40e8-93d5-a67e373b5b7e,156a71c8-c1b4-46b1-94db-fd64f034d129,0.7174979398778768
127a75e4-c0ed-40e8-93d5-a67e373b5b7e,156d9a7e-5d6d-4576-9bed-a7f468eaa85b,0.6582892272456792
127a75e4-c0ed-40e8-93d5-a67e373b5b7e,156f0daf-076c-43b9-b3ca-59f41e7c5271,0.4827403779223309
127a75e4-c0ed-40e8-93d5-a67e373b5b7e,156fea16-8f80-4c61-a0d8-5d7cb1cfdfa5,0.9213300086839225
127a75e4-c0ed-40e8-93d5-a67e373b5b7e,1570f841-f573-49bf-9141-3ac26147a671,0.7963788323097151
127a75e4-c0ed-40e8-93d5-a67e373b5b7e,1571bbf9-228a-4493-822e-3484689bb57c,0.9668706088641128
127a75e4-c0ed-40e8-93d5-a67e373b5b7e,15725ef9-dc44-426f-b5e7-62765a555e1c,0.5564824146093552
127a75e4-c0ed-40e8-93d5-a67e373b5b7e,15762c43-9a21-443e-ac26-98de8ef00e6a,0.8148399856289608
127a75e4-c0ed-40e8-93d5-a67e373b5b7e,15764cc4-a2c4-4523-a3b2-9080cd564262,0.874562252123154
127a75e4-c0ed-40e8-93d5-a67e373b5b7e,15768ae8-ecf0-4e80-b6ae-2e06dcea26fe,0.7745351373851683
127a75e4-c0ed-40e8-93d5-a67e373b5b7e,157854b6-082f-4028-bcc0-6df844d380a5,0.8589624394927381
127a75e4-c0ed-40e8-93d5-a67e373b5b7e,1578bc67-2b97-4b01-9f3d-337c566f4f00,0.8546481532047557
127a75e4-c0ed-40e8-93d5-a67e373b5b7e,15795f8f-b47b-4758-884b-b6fa65f04120,0.7284526419936224
127a75e4-c0ed-40e8-93d5-a67e373b5b7e,1579ca70-9944-4107-81a9-93b8be1fc8a3,0.8413933472799445
127a75e4-c0ed-40e8-93d5-a67e373b5b7e,157af1dc-530d-4b66-af5b-f59e863f3f44,0.7237005352263916
127a75e4-c0ed-40e8-93d5-a67e373b5b7e,157c1432-3e7b-47f0-b8a3-18867d227b29,0.8388816872419589
127a75e4-c0ed-40e8-93d5-a67e373b5b7e,157cbb60-9eb9-4247-a010-9abb61916bc9,0.6272038504433077
127a75e4-c0ed-40e8-93d5-a67e373b5b7e,157d3170-3ccf-4b27-a61c-412bdbaccace,0.7722869623506278
127a75e4-c0ed-40e8-93d5-a67e373b5b7e,157e3dc6-3984-4133-a672-ebbfcbf05bac,0.8570920599879028
127a75e4-c0ed-40e8-93d5-a67e373b5b7e,1580b1e9-a867-422b-a925-3b881db8ec58,0.6373782123107269
127a75e4-c0ed-40e8-93d5-a67e373b5b7e,1580f8dd-946d-411d-88a1-74174098979e,0.91780967171086
127a75e4-c0ed-40e8-93d5-a67e373b5b7e,158305f1-cf27-48f1-af9b-8d997df50f3d,0.7837141855382208
127a75e4-c0ed-40e8-93d5-a67e373b5b7e,158467f0-4a5d-40f1-a4e7-3fbc03778a89,0.8767416520044335
127a75e4-c0ed-40e8-93d5-a67e373b5b7e,15866b9a-371a-4046-ae62-5d9af13e1c37,0.7676560673650424
127a75e4-c0ed-40e8-93d5-a67e373b5b7e,15879bdf-e5ce-4f75-9988-5e3e12757d0d,0.7700737690935763
127a75e4-c0ed-40e8-93d5-a67e373b5b7e,158812b6-2c43-45f9-9b78-77d44be17d83,0.9378282026661784
127a75e4-c0ed-40e8-93d5-a67e373b5b7e,1588234f-b2c2-4386-99df-ca4200ac74e3,0.6161135675477505
127a75e4-c0ed-40e8-93d5-a67e373b5b7e,1588529b-dee3-438c-a55a-c515b45def26,0.6591379333216922
127a75e4-c0ed-40e8-93d5-a67e373b5b7e,158d2bf9-c5db-440f-8c36-0e8925fd2c5a,0.9472614524575071
127a75e4-c0ed-40e8-93d5-a67e373b5b7e,158e177e-6931-48dc-8f0f-95c1927d5e68,0.7637261050685542
127a75e4-c0ed-40e8-93d5-a67e373b5b7e,158e6bf1-ec57-4926-b075-01e1f387fb9d,0.7703643851848907
127a75e4-c0ed-40e8-93d5-a67e373b5b7e,1590c21e-2172-444a-b2b4-c980bfe6f698,0.7998782060476933
127a75e4-c0ed-40e8-93d5-a67e373b5b7e,159288b4-5731-4383-a04b-213839e6580a,0.8235301939288745
127a75e4-c0ed-40e8-93d5-a67e373b5b7e,15936e33-4a1f-4a9a-a827-44dbcd874993,0.6922103854849615
127a75e4-c0ed-40e8-93d5-a67e373b5b7e,15949ecd-6437-4728-b50e-6c4ef1cf4556,0.5001479689436993
127a75e4-c0ed-40e8-93d5-a67e373b5b7e,159523ee-1dd7-4011-81bf-da588bd3d8ff,0.8220272938133303
127a75e4-c0ed-40e8-93d5-a67e373b5b7e,15953e45-7674-4d5f-8e02-9d4bc205bedf,0.6508798008778354
127a75e4-c0ed-40e8-93d5-a67e373b5b7e,1595b29e-8134-4939-9572-605e19513224,0.3832205628952063
127a75e4-c0ed-40e8-93d5-a67e373b5b7e,1595b2d1-0b49-4b53-b362-c0e23e3ea5e2,0.836472589072339
127a75e4-c0ed-40e8-93d5-a67e373b5b7e,1596250e-23f9-4ab4-8f23-1075d093eca4,0.7470979830582184
127a75e4-c0ed-40e8-93d5-a67e373b5b7e,15983e18-f214-4ddf-88ef-f6f30e4131e0,0.6913307533113341
127a75e4-c0ed-40e8-93d5-a67e373b5b7e,159965e7-1499-454d-ada2-78c7c3e78ddc,0.8406855946798374
127a75e4-c0ed-40e8-93d5-a67e373b5b7e,159c033c-28e7-411a-a10c-0dce09bc85eb,0.8501893648135228
127a75e4-c0ed-40e8-93d5-a67e373b5b7e,159da7b1-f9d5-4207-be5e-a78652de3571,0.8551101062006088
127a75e4-c0ed-40e8-93d5-a67e373b5b7e,159e1613-f64e-4a45-adce-65ba12901f1e,0.8103704558220294
127a75e4-c0ed-40e8-93d5-a67e373b5b7e,159f0ea4-5841-4bda-8c78-ef95c824b5ac,0.9065493974862902
127a75e4-c0ed-40e8-93d5-a67e373b5b7e,159fa548-ca60-46f1-93f0-db732c61db3b,0.7367771206736142
127a75e4-c0ed-40e8-93d5-a67e373b5b7e,15a09558-e740-44f0-aba9-47ce24cb334f,0.5485381364573548
127a75e4-c0ed-40e8-93d5-a67e373b5b7e,15a12eee-29b2-411f-a141-2520088d855e,0.7989110835789291
127a75e4-c0ed-40e8-93d5-a67e373b5b7e,15a4ffd4-0873-4d10-8a39-1297ca1d9518,0.7889565858477195
127a75e4-c0ed-40e8-93d5-a67e373b5b7e,15a735f2-4e73-48aa-b782-d64509da84df,0.7037614385331342
127a75e4-c0ed-40e8-93d5-a67e373b5b7e,15a7e384-a129-4919-9688-66992418e65e,0.7867760711167161
127a75e4-c0ed-40e8-93d5-a67e373b5b7e,15a81bba-9b23-49f5-9f3c-82d31fad15ea,0.5596673805751251
127a75e4-c0ed-40e8-93d5-a67e373b5b7e,15a826ca-6613-4fe1-b685-ce9ea59c8f92,0.8500819893346009
127a75e4-c0ed-40e8-93d5-a67e373b5b7e,15a83168-c195-450a-b120-257cae945a04,0.7323739864500854
127a75e4-c0ed-40e8-93d5-a67e373b5b7e,15a96631-a7e6-4f31-8fab-e287f25a2771,0.7990659367851272
127a75e4-c0ed-40e8-93d5-a67e373b5b7e,15aaa692-5e8b-4a43-9b17-8175457f252e,0.8592036586071403
127a75e4-c0ed-40e8-93d5-a67e373b5b7e,15aade2b-730e-4d31-a3d4-5bf3d63b39a7,0.8703448458127317
127a75e4-c0ed-40e8-93d5-a67e373b5b7e,15ae2d87-a5d1-40c9-a893-aaaeba598c7b,0.8777375432688184
127a75e4-c0ed-40e8-93d5-a67e373b5b7e,15aebf62-3184-4e0e-95a3-d0f73074cff6,0.91229726855553
127a75e4-c0ed-40e8-93d5-a67e373b5b7e,15af100e-551f-4f5a-aa06-281db742ab22,0.9494569262718608
127a75e4-c0ed-40e8-93d5-a67e373b5b7e,15af8f41-a4b1-4b44-9f59-3d724bc304fe,0.6763981847967395
127a75e4-c0ed-40e8-93d5-a67e373b5b7e,15af95fb-1ddf-4f96-a78f-f0084404b32b,0.8357494784833313
127a75e4-c0ed-40e8-93d5-a67e373b5b7e,15afd5b2-d6cb-49dd-b7af-2ea24020d92c,0.9366431369385896
127a75e4-c0ed-40e8-93d5-a67e373b5b7e,15b1c924-af54-48bf-af9c-336ba94a03b8,0.6819405941857339
127a75e4-c0ed-40e8-93d5-a67e373b5b7e,15b2f124-45ff-4b8f-8d3c-fdefe7fc3560,0.679395000122819
127a75e4-c0ed-40e8-93d5-a67e373b5b7e,15b50777-1177-47d4-ab56-d0af04a4f091,0.9470446121190612
127a75e4-c0ed-40e8-93d5-a67e373b5b7e,15b51a88-6865-416c-9050-526a9aa67644,0.7980613517368182
127a75e4-c0ed-40e8-93d5-a67e373b5b7e,15b57b75-09f8-4067-b87e-ba46946c8ee9,0.8298811607966377
127a75e4-c0ed-40e8-93d5-a67e373b5b7e,15b5fcf9-a76e-418e-8a36-00a05ae88c3d,0.8944640426893139
127a75e4-c0ed-40e8-93d5-a67e373b5b7e,15b97d37-3a79-4f76-b9a9-2161083c36b1,0.8099301007782802
127a75e4-c0ed-40e8-93d5-a67e373b5b7e,15ba086c-eff7-4c21-974a-4966d25b2a35,0.8619211045839901
127a75e4-c0ed-40e8-93d5-a67e373b5b7e,15bc7f9c-3760-4f92-8138-f28ce3d7afc2,0.7639961666072517
127a75e4-c0ed-40e8-93d5-a67e373b5b7e,15bd7cf2-1039-425e-839c-3fa43c0b8a9f,0.5856155926500854
127a75e4-c0ed-40e8-93d5-a67e373b5b7e,15bdb9de-52d9-42c4-bb04-53669aab9612,0.6922086958084587
127a75e4-c0ed-40e8-93d5-a67e373b5b7e,15be4812-ad40-4975-82ed-e9c07f6c838a,0.4355276366537128
127a75e4-c0ed-40e8-93d5-a67e373b5b7e,15c034a7-b78f-482b-9815-c23dddc06d5d,0.5498264596418901
127a75e4-c0ed-40e8-93d5-a67e373b5b7e,15c43926-5331-4478-b24e-bf67d4e6cde9,0.6891494896058166
127a75e4-c0ed-40e8-93d5-a67e373b5b7e,15c53f85-cd79-4c8c-8405-e02a76bc5a6c,0.7402283308921617
127a75e4-c0ed-40e8-93d5-a67e373b5b7e,15c5a2f8-1862-41f9-b714-ef31072a5c72,0.5962960063551563
127a75e4-c0ed-40e8-93d5-a67e373b5b7e,15c805cc-289b-4313-b0f5-d0edea7a0d4b,0.9365406933033344
127a75e4-c0ed-40e8-93d5-a67e373b5b7e,15cc1c49-839f-490e-9bfa-b1c39db9e8dc,0.8276252520672505
127a75e4-c0ed-40e8-93d5-a67e373b5b7e,15d273b6-b3cc-44dc-995a-642ce394e28e,0.6423631195191237
127a75e4-c0ed-40e8-93d5-a67e373b5b7e,15d35377-b3f5-4a4f-a094-4853ae21b439,0.6192191534213862
127a75e4-c0ed-40e8-93d5-a67e373b5b7e,15d7041f-8ca7-406b-a45b-d3a5c4602b0a,0.7008135120511491
127a75e4-c0ed-40e8-93d5-a67e373b5b7e,15d76b4f-3b1e-4db4-ad17-fe05f77c0fea,0.8339178839510134
127a75e4-c0ed-40e8-93d5-a67e373b5b7e,15d79ce8-0354-42ad-a819-3a954bb2fdf1,0.8384952657803342
127a75e4-c0ed-40e8-93d5-a67e373b5b7e,15d83817-0365-4184-8b7c-94588cda4e72,0.7312455942265471
127a75e4-c0ed-40e8-93d5-a67e373b5b7e,15d8e4f5-e9b8-4684-9799-329a346462df,0.7957241965480109
127a75e4-c0ed-40e8-93d5-a67e373b5b7e,15dabcf2-aa11-4572-9f6d-e9e52ad01f19,0.6834209527390741
127a75e4-c0ed-40e8-93d5-a67e373b5b7e,15db6c07-7270-492a-bfa9-822f8f777513,0.3589851534262963
127a75e4-c0ed-40e8-93d5-a67e373b5b7e,15dbc2a4-303b-4f36-ad11-b3053380d029,0.7220365197006018
127a75e4-c0ed-40e8-93d5-a67e373b5b7e,15e0ccd3-66b6-4479-8394-5be53aa8f825,0.8959869114896399
127a75e4-c0ed-40e8-93d5-a67e373b5b7e,15e45801-4379-4364-b3b2-e5083a96b79a,0.8897439967597975
127a75e4-c0ed-40e8-93d5-a67e373b5b7e,15e59517-4038-4da7-8b53-68d6987d1045,0.916455712615742
127a75e4-c0ed-40e8-93d5-a67e373b5b7e,15e7dbee-a3e2-4fe0-aba1-16cb8caf3d1f,0.7335528359520117
127a75e4-c0ed-40e8-93d5-a67e373b5b7e,15e8251d-09ab-4b26-83c5-c525b3b36e57,0.3145938863583678
127a75e4-c0ed-40e8-93d5-a67e373b5b7e,15e88cb8-6885-48a5-9b6e-5ad81841761f,0.8620052697848152
127a75e4-c0ed-40e8-93d5-a67e373b5b7e,15e8b6fb-cb88-4263-aeec-6c6bec3f37b7,0.8217343502568537
127a75e4-c0ed-40e8-93d5-a67e373b5b7e,15eab392-bd56-4272-a187-9c2471ca8716,0.8590264097005194
127a75e4-c0ed-40e8-93d5-a67e373b5b7e,15ed12b0-246f-4208-9519-4ecb91cef618,0.9480256401522608
127a75e4-c0ed-40e8-93d5-a67e373b5b7e,15ed32b6-d829-46a9-b851-89b5f631002c,0.6091180040644334
127a75e4-c0ed-40e8-93d5-a67e373b5b7e,15eef939-054a-4358-92ed-c485364d01eb,0.9017007842769528
127a75e4-c0ed-40e8-93d5-a67e373b5b7e,15ef73af-eb75-4eba-bb61-993bcad12632,0.8467393238710006
127a75e4-c0ed-40e8-93d5-a67e373b5b7e,15eff749-a1b4-414b-b8e4-9b2f1a307ef9,0.8979720970507515
127a75e4-c0ed-40e8-93d5-a67e373b5b7e,15f0bf68-c540-4ef1-807e-bc03a1e20ccd,0.9350089732378242
127a75e4-c0ed-40e8-93d5-a67e373b5b7e,15f2bbb6-bb9e-4b54-896a-6e4efcbeab21,0.5612561218599368
127a75e4-c0ed-40e8-93d5-a67e373b5b7e,15f4fd61-2136-4718-88c3-8adfaeb80f91,0.7082466044317529
127a75e4-c0ed-40e8-93d5-a67e373b5b7e,15f611ad-5ec3-4a66-809c-14790b11307a,0.6524749894059095
127a75e4-c0ed-40e8-93d5-a67e373b5b7e,15f7244b-ee33-4a15-8834-de89a9d10a0f,0.761301530926922
127a75e4-c0ed-40e8-93d5-a67e373b5b7e,15f78e3b-b76e-44e4-a152-e9d8d5fce324,0.8048243931810053
127a75e4-c0ed-40e8-93d5-a67e373b5b7e,15f7b292-7c25-4ffa-8b9b-1ece8cbe5c92,0.8967791878526981
127a75e4-c0ed-40e8-93d5-a67e373b5b7e,15f7c4e7-a671-4433-8ded-aa4073e0e532,0.7052413053422599
127a75e4-c0ed-40e8-93d5-a67e373b5b7e,15f8d0ce-ed96-48b5-8cc9-779f996e92a5,0.7604542464157487
127a75e4-c0ed-40e8-93d5-a67e373b5b7e,15f9322f-7d43-4e27-b97c-b9b485a05c09,0.6686718352723328
127a75e4-c0ed-40e8-93d5-a67e373b5b7e,15fb1a34-218d-4c53-907d-bee53ec40d2e,0.9808194753907004
127a75e4-c0ed-40e8-93d5-a67e373b5b7e,15fbd161-9fb7-4c66-b060-b13bcb4b3686,0.8104778579117631
127a75e4-c0ed-40e8-93d5-a67e373b5b7e,15fd187b-c757-408c-a256-56fc7d61bc55,0.7699748788832459
127a75e4-c0ed-40e8-93d5-a67e373b5b7e,15fdfb39-88a1-40d5-9888-553dfa3b480f,0.6238594980726712
127a75e4-c0ed-40e8-93d5-a67e373b5b7e,1600d7be-3c8d-4f96-a5dc-053fe5834cc8,0.920005340444715
127a75e4-c0ed-40e8-93d5-a67e373b5b7e,1600e63b-eb07-4d77-9eaa-caaee2c8019a,0.9647929741461116
127a75e4-c0ed-40e8-93d5-a67e373b5b7e,16019a86-3b98-43ab-9495-27c063bef8bc,0.7763202739751037
127a75e4-c0ed-40e8-93d5-a67e373b5b7e,16019d95-815b-4771-9ef5-98745933680c,0.8920043407535506
127a75e4-c0ed-40e8-93d5-a67e373b5b7e,16019e2e-1b75-4308-847a-109ea0b12afd,0.7140370523643816
127a75e4-c0ed-40e8-93d5-a67e373b5b7e,16022952-7924-41ef-af17-f48400f9b51d,0.7759926576749895
127a75e4-c0ed-40e8-93d5-a67e373b5b7e,160234e2-c286-42a2-a9c1-7812a4402346,0.7257259713452918
127a75e4-c0ed-40e8-93d5-a67e373b5b7e,1603057d-c5c8-44f0-9dc6-4920479392c2,0.3910154276619611
127a75e4-c0ed-40e8-93d5-a67e373b5b7e,16036df7-9b55-4115-a78c-b5ecfeb96620,0.7787522941890003
127a75e4-c0ed-40e8-93d5-a67e373b5b7e,16078abe-8dc0-490e-b87c-c892471bd5b5,0.7316310952110763
127a75e4-c0ed-40e8-93d5-a67e373b5b7e,1608124b-e9af-47f9-af6f-7435c3f843f1,0.7567953231864968
127a75e4-c0ed-40e8-93d5-a67e373b5b7e,1609390d-5d28-4864-beb6-b5e9a7bc0919,0.6361368802068782
127a75e4-c0ed-40e8-93d5-a67e373b5b7e,160a4b3a-573b-42bf-b7e0-f18bda90bfd0,0.7823185073555474
127a75e4-c0ed-40e8-93d5-a67e373b5b7e,160c8a16-7052-4617-b3e1-3f4bd5c98651,0.772012025489114
127a75e4-c0ed-40e8-93d5-a67e373b5b7e,160dca32-53a4-43c1-b91d-aa3c0d244c9a,0.8964169909092383
127a75e4-c0ed-40e8-93d5-a67e373b5b7e,160e0dc3-9597-4928-aef7-9b3d744190e4,0.8215551586390062
127a75e4-c0ed-40e8-93d5-a67e373b5b7e,160f0089-56d0-40d0-aea2-3fb3d3a1df04,0.7319206227022428
127a75e4-c0ed-40e8-93d5-a67e373b5b7e,1610661f-b0fd-400c-9f0f-1b638a0c4958,0.7228793577415591
127a75e4-c0ed-40e8-93d5-a67e373b5b7e,161122e1-8804-48af-8040-98c5e0ef1156,0.8887431261315477
127a75e4-c0ed-40e8-93d5-a67e373b5b7e,16135232-1c08-40de-96c3-7fef627c0bcf,0.7862297759315147
127a75e4-c0ed-40e8-93d5-a67e373b5b7e,1613e6bc-82b6-470d-8b73-b3c905891e19,0.8655562221900764
127a75e4-c0ed-40e8-93d5-a67e373b5b7e,16145c95-394d-4c11-8836-f8217b22315f,0.6591164187090496
127a75e4-c0ed-40e8-93d5-a67e373b5b7e,1615bd29-eebc-44da-abb6-15cae09a3ff2,0.5214041908322186
127a75e4-c0ed-40e8-93d5-a67e373b5b7e,1616898f-a604-416b-8ea4-a5a101a30632,0.7251180389479331
127a75e4-c0ed-40e8-93d5-a67e373b5b7e,161689e2-cbdc-414e-a90b-d9076ba06c43,0.6850413074002553
127a75e4-c0ed-40e8-93d5-a67e373b5b7e,16174d84-736f-42be-8f11-374573fb6abc,0.7749803614555945
127a75e4-c0ed-40e8-93d5-a67e373b5b7e,161918cc-f9a5-4f66-873d-c1be529f48c4,0.6830539198672126
127a75e4-c0ed-40e8-93d5-a67e373b5b7e,161927cb-fa7f-415e-9c06-adb7ce1e845d,0.7724974752767751
127a75e4-c0ed-40e8-93d5-a67e373b5b7e,1619f888-c775-4b84-b71b-4c31b2c764a8,0.7324900318443827
127a75e4-c0ed-40e8-93d5-a67e373b5b7e,161afdeb-6994-4aa8-8593-ed1632767c57,0.8109047707280023
127a75e4-c0ed-40e8-93d5-a67e373b5b7e,161b7b26-7474-4d7f-81d9-47a7999d5920,0.8623298702683441
127a75e4-c0ed-40e8-93d5-a67e373b5b7e,161c2f6b-206f-4df1-bea8-694f51b5caa5,0.7289811977997779
127a75e4-c0ed-40e8-93d5-a67e373b5b7e,161c538b-208d-44e5-b72c-81c012b1258f,0.8973830735169647
127a75e4-c0ed-40e8-93d5-a67e373b5b7e,161e80c4-cfc8-4340-b627-4dd1500572c6,0.7336521176973686
127a75e4-c0ed-40e8-93d5-a67e373b5b7e,161ea7bc-9251-4d34-98b0-c07d5b972a1d,0.8253090504551641
127a75e4-c0ed-40e8-93d5-a67e373b5b7e,161eac51-2736-4904-be5f-c06bb2ef6394,0.9460924402248156
127a75e4-c0ed-40e8-93d5-a67e373b5b7e,161f72f1-326a-4992-b37c-f1eba6531948,0.4624393783130756
127a75e4-c0ed-40e8-93d5-a67e373b5b7e,161fdf51-7804-4424-b7a7-1c13bd77aa80,0.8667433527420091
127a75e4-c0ed-40e8-93d5-a67e373b5b7e,1621f139-9715-434d-a0f0-fc1d3bb2c14a,0.8116655788634888
127a75e4-c0ed-40e8-93d5-a67e373b5b7e,1623b86c-fcd9-45c2-bef2-86b927ed759f,0.7405358493585709
127a75e4-c0ed-40e8-93d5-a67e373b5b7e,16245319-dc87-4f0a-b16a-023f42ac5944,0.7967048397363311
127a75e4-c0ed-40e8-93d5-a67e373b5b7e,16250ab9-4647-4e32-ac95-587a47e26c77,0.7555793357494252
127a75e4-c0ed-40e8-93d5-a67e373b5b7e,16252fba-7c5b-46ed-b07b-faa81374f816,0.7520354977494159
127a75e4-c0ed-40e8-93d5-a67e373b5b7e,16268655-b912-4cd7-8209-3b61f3325150,0.8845395131643545
127a75e4-c0ed-40e8-93d5-a67e373b5b7e,1626a668-46e8-43c6-a05a-0900e4c3a4e5,0.6995719206729689
127a75e4-c0ed-40e8-93d5-a67e373b5b7e,1627014f-2654-495b-a554-f1061b766168,0.8221308538556436
127a75e4-c0ed-40e8-93d5-a67e373b5b7e,162a5dcb-89ed-411f-81a7-b65eec71ce08,0.831837763187548
127a75e4-c0ed-40e8-93d5-a67e373b5b7e,162c8781-7bd3-45e5-b19d-ccc4a992911c,0.7589449127152958
127a75e4-c0ed-40e8-93d5-a67e373b5b7e,163184ad-ae3d-4207-9bee-773944bfd219,0.823913294195164
127a75e4-c0ed-40e8-93d5-a67e373b5b7e,1634121b-f120-4ff6-8e3b-52adf6175d34,0.8074057785970676
127a75e4-c0ed-40e8-93d5-a67e373b5b7e,163432f1-2ce6-4472-8cc7-4a292c27fa5e,0.7527676368832559
127a75e4-c0ed-40e8-93d5-a67e373b5b7e,163464a4-9909-490a-a651-88b12f759611,0.7832093944794648
127a75e4-c0ed-40e8-93d5-a67e373b5b7e,163524db-a6ca-4772-9fb4-0d3995e251bc,0.8753141103346935
127a75e4-c0ed-40e8-93d5-a67e373b5b7e,1635e1cd-717e-4739-95ec-50874b8bce11,0.5905595440930407
127a75e4-c0ed-40e8-93d5-a67e373b5b7e,1636726f-a633-4c39-b3e4-09833feac341,0.8832891605168696
127a75e4-c0ed-40e8-93d5-a67e373b5b7e,16370083-d1fa-46a5-b4a9-2a2cf3269580,0.7818737769870456
127a75e4-c0ed-40e8-93d5-a67e373b5b7e,16370e78-5d81-4bb8-b45c-0cde24b2b714,0.832495293312103
127a75e4-c0ed-40e8-93d5-a67e373b5b7e,163730b7-2aae-4d06-b3a0-76071d740b3c,0.8008801893179375
127a75e4-c0ed-40e8-93d5-a67e373b5b7e,16376227-2cd1-4535-b2f8-9a46afe89718,0.61028669827451
127a75e4-c0ed-40e8-93d5-a67e373b5b7e,163ad974-a6af-4077-8917-2c58af391146,0.1675533628884828
127a75e4-c0ed-40e8-93d5-a67e373b5b7e,163b3f1a-6488-43fa-80af-59552da6c685,0.7500168182717355
127a75e4-c0ed-40e8-93d5-a67e373b5b7e,163ba198-525c-43bd-8291-f0e0c5d3fd52,0.9363128756249864
127a75e4-c0ed-40e8-93d5-a67e373b5b7e,163c43d1-7c9e-403b-9e62-b91fc7f6d2e2,0.3523349683222437
127a75e4-c0ed-40e8-93d5-a67e373b5b7e,163caf3d-9c56-42a9-ac71-8415557409d5,0.8599151788405387
127a75e4-c0ed-40e8-93d5-a67e373b5b7e,163d1c3d-ce0a-459d-a7e6-7b976720ad49,0.8526403064351177
127a75e4-c0ed-40e8-93d5-a67e373b5b7e,163e2777-3964-492e-bce5-5d8f787b9754,0.755059169013426
127a75e4-c0ed-40e8-93d5-a67e373b5b7e,163f9e3d-12d5-43f4-99e7-a82ee329d0ec,0.6401101299100871
127a75e4-c0ed-40e8-93d5-a67e373b5b7e,16402029-4b51-4ebf-be84-108ddde00bef,0.9461797385392916
127a75e4-c0ed-40e8-93d5-a67e373b5b7e,16411636-5798-4445-8899-5e8f72e4122c,0.9261338192331708
127a75e4-c0ed-40e8-93d5-a67e373b5b7e,1642fb17-cc16-4727-bdee-4ed66932552e,0.5221668951672914
127a75e4-c0ed-40e8-93d5-a67e373b5b7e,164644d2-2c45-4408-8434-14625ee99332,0.8231306365870598
127a75e4-c0ed-40e8-93d5-a67e373b5b7e,1648bf6b-65a8-433b-9501-2458c0fbd2ad,0.8678226315066977
127a75e4-c0ed-40e8-93d5-a67e373b5b7e,164943eb-78a7-407a-a003-d6f7feb1dc24,0.6552758103931703
127a75e4-c0ed-40e8-93d5-a67e373b5b7e,1649ab19-4336-4ae2-ba8d-a05f754abace,0.8119206319726208
127a75e4-c0ed-40e8-93d5-a67e373b5b7e,164b5710-466b-4efd-be94-47374d006c07,0.842706613533358
127a75e4-c0ed-40e8-93d5-a67e373b5b7e,164b82ae-d43d-41f6-9544-6b527e4edc1a,0.6243641005744329
127a75e4-c0ed-40e8-93d5-a67e373b5b7e,164bbec0-7cea-491a-afec-190fa1732d66,0.8717163008912651
127a75e4-c0ed-40e8-93d5-a67e373b5b7e,164c2558-f519-49f4-a164-a609df195bff,0.4403148627188291
127a75e4-c0ed-40e8-93d5-a67e373b5b7e,164ce14b-238e-424a-a43c-4dbb03410817,0.8138290000307737
127a75e4-c0ed-40e8-93d5-a67e373b5b7e,16506f2f-3cd2-454a-9bb0-21e7573b19da,0.500228215064441
127a75e4-c0ed-40e8-93d5-a67e373b5b7e,165373d0-ee09-4397-9e6c-bbc8590b68b2,0.8067462422767709
127a75e4-c0ed-40e8-93d5-a67e373b5b7e,165426e0-e5b1-4dfc-bd73-991c40ca8336,0.8541510928881821
127a75e4-c0ed-40e8-93d5-a67e373b5b7e,165440a2-9376-4ae8-aa73-990163cdd5d7,0.7097813553840151
127a75e4-c0ed-40e8-93d5-a67e373b5b7e,16554e24-ea94-49d0-9057-b26b31d1d1e4,0.7041594458571747
127a75e4-c0ed-40e8-93d5-a67e373b5b7e,1658054f-2ba3-47ce-adb0-3c6fb8c80829,0.8906318559480378
127a75e4-c0ed-40e8-93d5-a67e373b5b7e,165870a9-15cf-432e-8488-d5e5798aa6cc,0.9527888567639998
127a75e4-c0ed-40e8-93d5-a67e373b5b7e,16596212-5224-4a5c-930f-b16d35f71fa8,0.8695548663919067
127a75e4-c0ed-40e8-93d5-a67e373b5b7e,1659a511-9fff-4784-8b63-364f2c46eaf9,0.8531261789699227
127a75e4-c0ed-40e8-93d5-a67e373b5b7e,165e9327-19c6-46d5-bffd-5a35a41b920d,0.8092109125893087
127a75e4-c0ed-40e8-93d5-a67e373b5b7e,165f0d7b-1368-48b0-8bb3-2cd6ffc82f4a,0.7697649294797337
127a75e4-c0ed-40e8-93d5-a67e373b5b7e,165fe20c-4ac1-4d58-b0b2-e303b8d61249,0.8408362439567874
127a75e4-c0ed-40e8-93d5-a67e373b5b7e,1661b112-bb18-4775-875f-584abdd01d1f,0.8160859412318434
127a75e4-c0ed-40e8-93d5-a67e373b5b7e,166270ba-5fac-4606-bc50-a35d0bce5671,0.9445511636269244
127a75e4-c0ed-40e8-93d5-a67e373b5b7e,166454c8-03ce-4ef9-a833-0951fdfe0e5c,0.5025796976188244
127a75e4-c0ed-40e8-93d5-a67e373b5b7e,166665b0-11f6-43b4-bc38-0365e7c9b35d,0.9639175953784216
127a75e4-c0ed-40e8-93d5-a67e373b5b7e,16684607-c184-4474-93ea-0bf8515db4e9,0.7217830534883706
127a75e4-c0ed-40e8-93d5-a67e373b5b7e,1668fa49-0247-4119-8081-49d5667bfc42,0.7976417762644441
127a75e4-c0ed-40e8-93d5-a67e373b5b7e,1669b3a8-3ea6-4eb6-b11f-20915590f176,0.6642427313474919
127a75e4-c0ed-40e8-93d5-a67e373b5b7e,166aeff0-e96a-460f-b00f-ce3c74586a2e,0.7579558742982188
127a75e4-c0ed-40e8-93d5-a67e373b5b7e,166af057-2a1f-4e26-b567-4ae785604be2,0.779186845426699
127a75e4-c0ed-40e8-93d5-a67e373b5b7e,166c257a-5cb7-454f-9f16-5a205b283a0d,0.6797792011657396
127a75e4-c0ed-40e8-93d5-a67e373b5b7e,166c2af8-77c5-4ae2-ac81-50cbad777246,0.5469533306282731
127a75e4-c0ed-40e8-93d5-a67e373b5b7e,166ef0df-1c26-4ec7-9fed-8ccb5a5b6945,0.8159794638824311
127a75e4-c0ed-40e8-93d5-a67e373b5b7e,166f0dc0-c485-4452-b4e3-2a5225eb18e8,0.7175359315365081
127a75e4-c0ed-40e8-93d5-a67e373b5b7e,16706466-4218-46ce-b720-aefdb5dba600,0.8281031582184554
127a75e4-c0ed-40e8-93d5-a67e373b5b7e,16719eaf-0d3e-43f3-80d0-3251cfd02ec2,0.6937250356369157
127a75e4-c0ed-40e8-93d5-a67e373b5b7e,16723255-3cba-451a-a0fb-ba7f3a14a6b0,0.8497744997436676
127a75e4-c0ed-40e8-93d5-a67e373b5b7e,167252cf-32d3-4b82-b242-27746ca07df3,0.7617966371281746
127a75e4-c0ed-40e8-93d5-a67e373b5b7e,1672857b-9ac5-4f05-ba1d-14287fc9b2c3,0.739555027756375
127a75e4-c0ed-40e8-93d5-a67e373b5b7e,1672b461-c84c-441b-a5d6-9c0ec4ee3f76,0.7499901211438367
127a75e4-c0ed-40e8-93d5-a67e373b5b7e,167367ab-edcf-4ffc-a9d2-e528af222060,0.7830822679666064
127a75e4-c0ed-40e8-93d5-a67e373b5b7e,1673be0d-4084-488b-8ef0-23ca95bc4e2b,0.751048067532928
127a75e4-c0ed-40e8-93d5-a67e373b5b7e,16747e6e-44af-4cda-af74-5f1e1182fbd5,0.7032605464544702
127a75e4-c0ed-40e8-93d5-a67e373b5b7e,1676481a-3458-414f-9e88-21619983da9c,0.7173306223374181
127a75e4-c0ed-40e8-93d5-a67e373b5b7e,16765ce0-942e-4267-ad81-2788c5687b3e,0.8376305993424397
127a75e4-c0ed-40e8-93d5-a67e373b5b7e,1676b05b-3405-40a9-b52e-62e6f085321b,0.5695326891544598
127a75e4-c0ed-40e8-93d5-a67e373b5b7e,167751e2-6b68-4180-9b04-24b54595338d,0.8852208751538363
127a75e4-c0ed-40e8-93d5-a67e373b5b7e,1678a916-000a-48be-ad1d-468bd0b92872,0.7480789294210498
127a75e4-c0ed-40e8-93d5-a67e373b5b7e,167b954a-9637-4ed6-b5be-d5a23ba6589a,0.7421247136589629
127a75e4-c0ed-40e8-93d5-a67e373b5b7e,167e1ad4-bced-42ba-bfe5-96d5a9c87619,0.8978379027900191
127a75e4-c0ed-40e8-93d5-a67e373b5b7e,167e84aa-6f11-406d-9291-3c1b4f12f75d,0.5388629802863519
127a75e4-c0ed-40e8-93d5-a67e373b5b7e,1681d2fd-8ba0-4a06-a121-8ff550d8f72c,0.6894063470468741
127a75e4-c0ed-40e8-93d5-a67e373b5b7e,1682d1c3-e936-4f49-8cb7-074a8fe9342d,0.7185623575175784
127a75e4-c0ed-40e8-93d5-a67e373b5b7e,16845343-a531-464c-9b58-49eaeae44556,0.6088620138377026
127a75e4-c0ed-40e8-93d5-a67e373b5b7e,1684e9e8-1358-4dfb-814e-38c7d985e244,0.2821312128622125
127a75e4-c0ed-40e8-93d5-a67e373b5b7e,16862460-85e1-4718-93ff-e695c46a3bc2,0.8511023765830104
127a75e4-c0ed-40e8-93d5-a67e373b5b7e,16863177-14f3-4fd6-a675-e26b9608dff3,0.9031754064751456
127a75e4-c0ed-40e8-93d5-a67e373b5b7e,168642bd-43ce-45a5-b43f-fcac579ba6a8,0.8506770967625106
127a75e4-c0ed-40e8-93d5-a67e373b5b7e,16868e8a-1f46-43c8-a2b4-4131e1167c83,0.9448190240357628
127a75e4-c0ed-40e8-93d5-a67e373b5b7e,1686da35-4326-457d-ac33-daa81df9d78f,0.8182577626537452
127a75e4-c0ed-40e8-93d5-a67e373b5b7e,16871836-fb6d-48a9-87da-5caa2482f8f2,0.7263823801659105
127a75e4-c0ed-40e8-93d5-a67e373b5b7e,16872c0b-aff5-470b-abd2-9b63b7b96e2e,0.9037923990490092
127a75e4-c0ed-40e8-93d5-a67e373b5b7e,16889f9f-bd83-4348-809a-618fe5534d6e,0.6020926607831025
127a75e4-c0ed-40e8-93d5-a67e373b5b7e,168abdc2-6212-421b-b506-535fdc6c2bb2,0.8867480746874539
127a75e4-c0ed-40e8-93d5-a67e373b5b7e,168de885-f9d0-4331-ba96-aede1c06b61d,0.6652481107813478
127a75e4-c0ed-40e8-93d5-a67e373b5b7e,168eeb8a-344d-4a64-ba62-cd2b136eb73b,0.8865972554411509
127a75e4-c0ed-40e8-93d5-a67e373b5b7e,168efe17-9134-4df4-b65f-64cad4169564,0.9677758498774648
127a75e4-c0ed-40e8-93d5-a67e373b5b7e,168f72cf-65a2-4fbd-8943-65c57274b032,0.6892870288024636
127a75e4-c0ed-40e8-93d5-a67e373b5b7e,1690435c-935f-4a05-afd2-2cd7d35d2591,0.9710468430384496
127a75e4-c0ed-40e8-93d5-a67e373b5b7e,169061ee-a51e-4f38-98d3-51facd487cf9,0.7926720570334796
127a75e4-c0ed-40e8-93d5-a67e373b5b7e,1691066c-b130-4165-b7b9-42c02a52d2d3,0.633807317772354
127a75e4-c0ed-40e8-93d5-a67e373b5b7e,1691a785-82a3-4c1b-ab10-f1cac474401b,0.9171651855784186
127a75e4-c0ed-40e8-93d5-a67e373b5b7e,1691c165-1f01-4fb7-8471-928623923a88,0.8822834209156007
127a75e4-c0ed-40e8-93d5-a67e373b5b7e,16924dc8-137d-4366-aa07-9f958bee1e74,0.7297673886506024
127a75e4-c0ed-40e8-93d5-a67e373b5b7e,1692fdff-674f-434d-aace-fee588413eb0,0.7777413578689043
127a75e4-c0ed-40e8-93d5-a67e373b5b7e,16931f22-f05b-490f-aa30-b54d9f66ec3a,0.743101870187943
127a75e4-c0ed-40e8-93d5-a67e373b5b7e,169376dc-d923-43a0-876f-7678c1431a05,0.9390797067536832
127a75e4-c0ed-40e8-93d5-a67e373b5b7e,1694206e-77c0-4e70-861b-4026fbfef535,0.2912072006207328
127a75e4-c0ed-40e8-93d5-a67e373b5b7e,169589e6-7464-4565-868e-6a9208a1ce2c,0.8047826957831413
127a75e4-c0ed-40e8-93d5-a67e373b5b7e,16961314-3f1f-4150-8978-cb8bf1c38e11,0.7217356643781617
127a75e4-c0ed-40e8-93d5-a67e373b5b7e,169ab1af-78b3-4aab-9066-7f1859eb38ef,0.7900464306709123
127a75e4-c0ed-40e8-93d5-a67e373b5b7e,169abf7f-e7da-49aa-8080-a217e88826cb,0.7932082880172467
127a75e4-c0ed-40e8-93d5-a67e373b5b7e,169b6765-de34-4a15-ab4a-e5ed94606045,0.8919439628987552
127a75e4-c0ed-40e8-93d5-a67e373b5b7e,169de417-43e0-462c-9b98-5f998fa80c52,0.7627742300788698
127a75e4-c0ed-40e8-93d5-a67e373b5b7e,169f4cda-9e5f-4150-b091-f16293f0407f,0.8685505844272196
127a75e4-c0ed-40e8-93d5-a67e373b5b7e,169f6b97-7c13-4d03-952c-fc6bd1882dfc,0.8824617889606976
127a75e4-c0ed-40e8-93d5-a67e373b5b7e,16a07d60-fd51-41f9-b359-a860fb6b5709,0.8466444968348783
127a75e4-c0ed-40e8-93d5-a67e373b5b7e,16a126c3-5b1f-4401-83f3-36c0add88f3f,0.7245632601625838
127a75e4-c0ed-40e8-93d5-a67e373b5b7e,16a13ce7-c786-415f-a895-52dfe9df160f,0.7145950517590273
127a75e4-c0ed-40e8-93d5-a67e373b5b7e,16a30268-41f7-47f6-915a-9405aa87e7bb,0.7658462894427757
127a75e4-c0ed-40e8-93d5-a67e373b5b7e,16a354b7-d097-425c-b260-67213286fccc,0.7648471131031717
127a75e4-c0ed-40e8-93d5-a67e373b5b7e,16a4333c-5f3c-44d4-83bf-de28ff72d8a3,0.5841883102679681
127a75e4-c0ed-40e8-93d5-a67e373b5b7e,16a47192-5976-43cd-a4c7-bd5a7cddefcb,0.6475752795966845
127a75e4-c0ed-40e8-93d5-a67e373b5b7e,16a5439f-9fff-41aa-babb-4a00887e788d,0.6811145631787284
127a75e4-c0ed-40e8-93d5-a67e373b5b7e,16a5bf8e-96bb-4eca-8e13-1f80492f82ba,0.6707121690920204
127a75e4-c0ed-40e8-93d5-a67e373b5b7e,16a6d048-df97-47c6-8b8d-7e64d18525cd,0.5783351316394532
127a75e4-c0ed-40e8-93d5-a67e373b5b7e,16a86a4d-f3f5-45e7-9e7d-cc64af7d2287,0.970800615813054
127a75e4-c0ed-40e8-93d5-a67e373b5b7e,16a94daa-af5f-42ac-a05f-b645886eb8c0,0.7454335081741085
127a75e4-c0ed-40e8-93d5-a67e373b5b7e,16ac933c-20dc-4eb7-8b92-c182a96db6d8,0.7851380596605457
127a75e4-c0ed-40e8-93d5-a67e373b5b7e,16ad4c66-d776-43fa-8f25-f13292808b2f,0.7053374545264881
127a75e4-c0ed-40e8-93d5-a67e373b5b7e,16ae1dc7-fc81-4471-9e36-47e0df216bdc,0.7318182493229648
127a75e4-c0ed-40e8-93d5-a67e373b5b7e,16ae2606-2194-4599-8fcb-c70451342301,0.7609200684357912
127a75e4-c0ed-40e8-93d5-a67e373b5b7e,16ae35a3-551c-41b1-b871-649c715a9a1c,0.8528718275152736
127a75e4-c0ed-40e8-93d5-a67e373b5b7e,16aeaad5-3a82-4f24-94af-a5b9b29b47a0,0.928254100174854
127a75e4-c0ed-40e8-93d5-a67e373b5b7e,16aedc09-a3c2-4c12-bc49-d9eb964f3d35,0.6029706279448984
127a75e4-c0ed-40e8-93d5-a67e373b5b7e,16b02c12-78c2-44e2-8034-176ebd79b4c9,0.7607361507475999
127a75e4-c0ed-40e8-93d5-a67e373b5b7e,16b0658d-2306-4115-a202-11db660ceb84,0.7419052679808809
127a75e4-c0ed-40e8-93d5-a67e373b5b7e,16b10476-2c40-4fd5-9e15-ec616da2f37e,0.705897324016163
127a75e4-c0ed-40e8-93d5-a67e373b5b7e,16b13183-ad73-4464-a915-692c9b685c02,0.7406011771734748
127a75e4-c0ed-40e8-93d5-a67e373b5b7e,16b139e3-e0d9-4366-a37e-2c7b06365abb,0.7677488034890313
127a75e4-c0ed-40e8-93d5-a67e373b5b7e,16b4d20e-81c7-41a3-851e-f85c703c069a,0.6790735586173298
127a75e4-c0ed-40e8-93d5-a67e373b5b7e,16b69d6d-d1c6-4297-b51f-a60ff526b788,0.7631784595697275
127a75e4-c0ed-40e8-93d5-a67e373b5b7e,16b80722-cdec-4546-8fc5-c9b8abcde918,0.9346786908856252
127a75e4-c0ed-40e8-93d5-a67e373b5b7e,16b8a69d-4049-419e-aec7-d5fc1b5812b6,0.5971842001448197
127a75e4-c0ed-40e8-93d5-a67e373b5b7e,16b8fdc9-c30e-4eb1-91c6-18e96610d4d6,0.570346821608236
127a75e4-c0ed-40e8-93d5-a67e373b5b7e,16b94b63-51b8-4375-b01b-a749236e405a,0.6291303408355647
127a75e4-c0ed-40e8-93d5-a67e373b5b7e,16bbd225-7ac8-43e0-af9b-d2facf06c65f,0.7391934938248886
127a75e4-c0ed-40e8-93d5-a67e373b5b7e,16be4750-8d4b-4e0f-8bcd-1f23ead12fc9,0.794395794842305
127a75e4-c0ed-40e8-93d5-a67e373b5b7e,16bf598f-0a1d-4f60-b288-7ddb70ad051c,0.6236231908888955
127a75e4-c0ed-40e8-93d5-a67e373b5b7e,16c1244c-df05-49ef-a05a-62ff2b720f18,0.6512453550685676
127a75e4-c0ed-40e8-93d5-a67e373b5b7e,16c14e7c-193a-4700-b377-d19e0b87fa9d,0.6117487808703499
127a75e4-c0ed-40e8-93d5-a67e373b5b7e,16c16eda-eeed-4319-bdc4-73d025b2ecc2,0.8338843308721867
127a75e4-c0ed-40e8-93d5-a67e373b5b7e,16c22f4b-5f09-4396-8ffa-e5016b0cc3e3,0.6991312445586517
127a75e4-c0ed-40e8-93d5-a67e373b5b7e,16c29b39-ef2d-40c6-ad6a-768fe0e0e55d,0.7061578174112603
127a75e4-c0ed-40e8-93d5-a67e373b5b7e,16c4a1db-2ddb-422f-a304-8d4d2beb2a5a,0.9010255744703558
127a75e4-c0ed-40e8-93d5-a67e373b5b7e,16c7b30f-4dd3-4708-a2bd-e793f653ae94,0.5335860443971873
127a75e4-c0ed-40e8-93d5-a67e373b5b7e,16c82753-806f-4dc0-860f-a13c8fe5d2f5,0.8368866686448596
127a75e4-c0ed-40e8-93d5-a67e373b5b7e,16c896bd-1a2c-4a57-bd58-6cb2df1de2da,0.6229309511694217
127a75e4-c0ed-40e8-93d5-a67e373b5b7e,16c8d9fa-e040-4482-ba3d-1b12d804cd66,0.6825863190418864
127a75e4-c0ed-40e8-93d5-a67e373b5b7e,16c93ad7-8855-4a1a-b418-297d0e298622,0.8323400506717218
127a75e4-c0ed-40e8-93d5-a67e373b5b7e,16cb4681-a1b4-4b31-a34d-79a3a30c60cf,0.9023220886367936
127a75e4-c0ed-40e8-93d5-a67e373b5b7e,16cbda22-0e89-4bed-849a-597f597aecc3,0.7216902698957999
127a75e4-c0ed-40e8-93d5-a67e373b5b7e,16cc6777-c4f8-40b0-9038-789266070c6d,0.9575642221420044
127a75e4-c0ed-40e8-93d5-a67e373b5b7e,16cdb71a-5bed-4261-8bfa-da4f4ee3abcc,0.8854805592578311
127a75e4-c0ed-40e8-93d5-a67e373b5b7e,16cff90a-5002-42fb-ab15-d9acd7c98039,0.707354812269563
127a75e4-c0ed-40e8-93d5-a67e373b5b7e,16d03e39-29b3-4464-9ce3-5fa3d1ddc183,0.6194732253698444
127a75e4-c0ed-40e8-93d5-a67e373b5b7e,16d046b4-1a2e-4c54-83f1-6c78de6b2088,0.7408402089803394
127a75e4-c0ed-40e8-93d5-a67e373b5b7e,16d4a47c-68a4-4dd7-8d1a-f9a82d1a23bf,0.8565549253896397
127a75e4-c0ed-40e8-93d5-a67e373b5b7e,16d575a8-298a-4ee6-8a40-2001a3dd9c12,0.832389195517319
127a75e4-c0ed-40e8-93d5-a67e373b5b7e,16d59396-17b7-45cc-a3bf-791950b68f56,0.558131893691867
127a75e4-c0ed-40e8-93d5-a67e373b5b7e,16d67e80-5bd1-455f-aa1c-58d0f65e5593,0.7756682526724873
127a75e4-c0ed-40e8-93d5-a67e373b5b7e,16d7241c-f59c-49c6-a25a-3b876afa6e26,0.5019426046693061
127a75e4-c0ed-40e8-93d5-a67e373b5b7e,16d9fc93-fa5a-487f-93f3-5f02a1533c04,0.7590384373605743
127a75e4-c0ed-40e8-93d5-a67e373b5b7e,16dc4eb9-9275-4470-8898-10081ea55498,0.9391355390764036
127a75e4-c0ed-40e8-93d5-a67e373b5b7e,16dca853-9297-473c-8778-b96a2f316e71,0.7170879845048989
127a75e4-c0ed-40e8-93d5-a67e373b5b7e,16ddd564-584b-4b34-a3da-dbe04dd0dae5,0.7100349079771086
127a75e4-c0ed-40e8-93d5-a67e373b5b7e,16e16d7f-3dd4-4c72-a615-a119f8f507ed,0.5716639410133029
127a75e4-c0ed-40e8-93d5-a67e373b5b7e,16e5488d-243e-4ac1-ad55-c3c47b706351,0.6325066467618915
127a75e4-c0ed-40e8-93d5-a67e373b5b7e,16e70e22-ad3c-4cd6-9a19-2d003d2cd600,0.7837097054064925
127a75e4-c0ed-40e8-93d5-a67e373b5b7e,16e79ab7-ab1a-4c44-b276-965ddc709122,0.4522502052497541
127a75e4-c0ed-40e8-93d5-a67e373b5b7e,16edaad9-a28c-448b-8bf6-7f241cb3197a,0.6599847362458591
127a75e4-c0ed-40e8-93d5-a67e373b5b7e,16f40e23-02bf-4cc8-92e2-94ee25dfe7aa,0.7759168947335466
127a75e4-c0ed-40e8-93d5-a67e373b5b7e,16f45d73-7c13-4dc0-bb74-643849745719,0.968246653607371
127a75e4-c0ed-40e8-93d5-a67e373b5b7e,16f535b6-e8f3-44c0-8260-92c897f02ced,0.7927098655517089
127a75e4-c0ed-40e8-93d5-a67e373b5b7e,16f67358-1856-4805-980f-85f8fc42e93a,0.8626057081708236
127a75e4-c0ed-40e8-93d5-a67e373b5b7e,17d98a8e-67fc-4af6-83e1-636c8ea5d3a6,0.3445137025144749
127a75e4-c0ed-40e8-93d5-a67e373b5b7e,17dacfb9-28be-4d88-81e4-6a6e0bd8c1a9,0.6326559606866637
127a75e4-c0ed-40e8-93d5-a67e373b5b7e,17dae1da-4c9f-4294-b9ae-b29ec93adb52,0.8400456482788886
127a75e4-c0ed-40e8-93d5-a67e373b5b7e,17db99a2-11d0-4b8a-8b62-9f85ec8ec92b,0.7034094613307093
127a75e4-c0ed-40e8-93d5-a67e373b5b7e,17dcb961-3406-4696-8e97-b9ab7d39ae72,0.7819819380030917
127a75e4-c0ed-40e8-93d5-a67e373b5b7e,17df03b1-747b-4d0c-a066-5294432b3a06,0.8350881592373068
127a75e4-c0ed-40e8-93d5-a67e373b5b7e,17df2985-cf02-4b59-92d4-416a71bf472c,0.8314081049949926
127a75e4-c0ed-40e8-93d5-a67e373b5b7e,17e0ba00-247a-4262-abce-f87f52d62000,0.8017618056620283
127a75e4-c0ed-40e8-93d5-a67e373b5b7e,17e12f9b-ac99-4ea9-a290-076a1c20c8c3,0.7109820955173644
127a75e4-c0ed-40e8-93d5-a67e373b5b7e,17e36480-11e4-45ef-8e3c-89d2d6452bff,0.5961208264383865
127a75e4-c0ed-40e8-93d5-a67e373b5b7e,17e36fe4-d769-4348-8811-ea96e462c5b9,0.7587145248356019
127a75e4-c0ed-40e8-93d5-a67e373b5b7e,17e4b644-e376-468f-8bdb-c8d242dc1b58,0.6767805452776124
127a75e4-c0ed-40e8-93d5-a67e373b5b7e,17e75f0b-5f6e-4425-af0d-08341a42a398,0.7283779396838691
127a75e4-c0ed-40e8-93d5-a67e373b5b7e,17e7aa00-f7b0-4e44-8928-7b918c5b8fca,0.8240887796866078
127a75e4-c0ed-40e8-93d5-a67e373b5b7e,17e7ca6a-d0bf-4a38-8fb8-ce36af201919,0.9202699114350372
127a75e4-c0ed-40e8-93d5-a67e373b5b7e,17e7cfed-67bb-4fc7-b848-096d7f44273b,0.7523286853009725
127a75e4-c0ed-40e8-93d5-a67e373b5b7e,17e8bc89-2355-4e8d-9f74-8145d2362927,0.7681869562551298
127a75e4-c0ed-40e8-93d5-a67e373b5b7e,17e9011e-121d-42b2-9259-fa63e45a8cc4,0.8543453415589173
127a75e4-c0ed-40e8-93d5-a67e373b5b7e,17e95ca0-7669-41c9-b951-30d65f848c5b,0.6788934487783141
127a75e4-c0ed-40e8-93d5-a67e373b5b7e,17e960fb-940e-4bdd-8483-6ae653effe21,0.6810062632029389
127a75e4-c0ed-40e8-93d5-a67e373b5b7e,17e983ef-61a2-45b1-9b51-a7db218bb2c1,0.7064248615655695
127a75e4-c0ed-40e8-93d5-a67e373b5b7e,17e986af-235a-4128-b4cc-7fbfa4e56027,0.941720326619616
127a75e4-c0ed-40e8-93d5-a67e373b5b7e,17ea54ae-e2f7-42f7-8238-f56bd667df03,0.7512446299341722
127a75e4-c0ed-40e8-93d5-a67e373b5b7e,17ea7c67-6b8e-40d8-8c28-76639f0cd21c,0.7994790098319701
127a75e4-c0ed-40e8-93d5-a67e373b5b7e,17ea9a78-2b04-4e53-ad70-0d4c83df9009,0.676597457566342
127a75e4-c0ed-40e8-93d5-a67e373b5b7e,17eb7169-48b4-4c49-b087-5ed208586163,0.6666510468980397
127a75e4-c0ed-40e8-93d5-a67e373b5b7e,17ecf8ad-d34a-4595-944d-254d7218c11a,0.7676678832933527
127a75e4-c0ed-40e8-93d5-a67e373b5b7e,17ee2571-aeb8-496c-b27d-79849cc323c3,0.7362435503925779
127a75e4-c0ed-40e8-93d5-a67e373b5b7e,17ee8e49-6008-4dc7-96e6-d62b8ad9c1f7,0.6622545864114183
127a75e4-c0ed-40e8-93d5-a67e373b5b7e,17f01b5a-f8e9-4246-97a7-626c6af00b59,0.6162549546260273
127a75e4-c0ed-40e8-93d5-a67e373b5b7e,17f07fe8-6bca-40aa-abf9-2b501ff00878,0.8491785042245992
127a75e4-c0ed-40e8-93d5-a67e373b5b7e,17f10f61-9c55-4f9a-9f21-f6a7af59cd2b,0.7514555085418901
127a75e4-c0ed-40e8-93d5-a67e373b5b7e,17f4234a-a1fc-4e39-9b20-58f9d5dcd05e,0.8288716455925426
127a75e4-c0ed-40e8-93d5-a67e373b5b7e,17f64053-3e5f-42ec-b0e9-058c91828aed,0.922486342417754
127a75e4-c0ed-40e8-93d5-a67e373b5b7e,17f6b4b3-0a96-405a-9575-1f353f0a655a,0.7904101291795932
127a75e4-c0ed-40e8-93d5-a67e373b5b7e,17f70cc8-3c33-435e-bb83-59381eeb4672,0.766820903446026
127a75e4-c0ed-40e8-93d5-a67e373b5b7e,17f71d4e-4709-4550-b159-ae31f23157b1,0.8490268769134567
127a75e4-c0ed-40e8-93d5-a67e373b5b7e,17f76766-705f-4f85-b2cf-31c952c06f7d,0.2572366249146092
127a75e4-c0ed-40e8-93d5-a67e373b5b7e,17f8e93f-81e6-4188-aca9-63321eb10e95,0.5299247637366966
127a75e4-c0ed-40e8-93d5-a67e373b5b7e,17fc9496-8110-448a-a7b3-396e122ea845,0.7175055401569593
127a75e4-c0ed-40e8-93d5-a67e373b5b7e,17fd8797-7e18-4549-9bb6-ec42248df3ff,0.7878077943890136
127a75e4-c0ed-40e8-93d5-a67e373b5b7e,17fe1006-ad89-4968-9a92-9fed90d00c94,0.6974037735781703
127a75e4-c0ed-40e8-93d5-a67e373b5b7e,1801a95a-ec0c-4161-baa1-cc86ff1b4694,0.7514007651942902
127a75e4-c0ed-40e8-93d5-a67e373b5b7e,1802166c-db64-4ef5-8601-ffd7aa70f4eb,0.8454907304319975
127a75e4-c0ed-40e8-93d5-a67e373b5b7e,18026140-25b5-407a-9da3-04f6d9a753c3,0.7925527289565287
127a75e4-c0ed-40e8-93d5-a67e373b5b7e,1804be04-08e5-428d-9949-0f86ccfc9045,0.7611688524020713
127a75e4-c0ed-40e8-93d5-a67e373b5b7e,1805e2f5-382b-48ea-b746-3eb38c14cd9a,0.6401383862904431
127a75e4-c0ed-40e8-93d5-a67e373b5b7e,180744a7-0226-4a8c-bab9-edc199c3ae58,0.8743900420781318
127a75e4-c0ed-40e8-93d5-a67e373b5b7e,18079a33-688f-4a74-bfa1-2c69b465e359,0.5359342432551872
127a75e4-c0ed-40e8-93d5-a67e373b5b7e,18092e5c-d5c6-4f4f-b508-a4c141135c6c,0.7897522002484553
127a75e4-c0ed-40e8-93d5-a67e373b5b7e,18094388-9d43-4959-8fe5-ab70e7d3ea04,0.8439860709530813
127a75e4-c0ed-40e8-93d5-a67e373b5b7e,1809f98e-6ecb-460b-a456-3e8ef3ade9ab,0.7693247106569836
127a75e4-c0ed-40e8-93d5-a67e373b5b7e,180b96f7-2dd8-4bf5-bc13-8396733a1b55,0.8733134287094422
127a75e4-c0ed-40e8-93d5-a67e373b5b7e,180bdd9b-f08d-4d89-bca5-6bfc683b18fc,0.7568603989796693
127a75e4-c0ed-40e8-93d5-a67e373b5b7e,180d6fd8-ad11-4cab-984b-3ce96fa11732,0.7006510225796795
127a75e4-c0ed-40e8-93d5-a67e373b5b7e,180ea4cf-5e6b-45a8-9ed2-92476224918e,0.9329184288995273
127a75e4-c0ed-40e8-93d5-a67e373b5b7e,180f0724-b68e-46be-a34a-141519b8a87b,0.8030492597345169
127a75e4-c0ed-40e8-93d5-a67e373b5b7e,1810c5a6-438d-4b5f-9452-ab78be7b4b08,0.7855824599704416
127a75e4-c0ed-40e8-93d5-a67e373b5b7e,18118cdb-a4aa-4075-ba08-2a66d8cb07bc,0.7723632095502747
127a75e4-c0ed-40e8-93d5-a67e373b5b7e,181240a3-1bcc-4bea-9251-28e275503a66,0.4248265228616183
127a75e4-c0ed-40e8-93d5-a67e373b5b7e,18135d1e-f839-423b-b2f3-702ebaaec540,0.8261849625892742
127a75e4-c0ed-40e8-93d5-a67e373b5b7e,18151848-8445-42cd-9e03-a4fdf0ec6df1,0.8497156543611716
127a75e4-c0ed-40e8-93d5-a67e373b5b7e,18152e42-f940-4fc8-951c-c29500aada4f,0.8627627295561228
127a75e4-c0ed-40e8-93d5-a67e373b5b7e,1817df76-5a7a-4f1c-974f-8f0d6af417dc,0.8715693682427075
127a75e4-c0ed-40e8-93d5-a67e373b5b7e,18181332-7c00-4848-b7cd-117026ed66e0,0.6620641286756791
127a75e4-c0ed-40e8-93d5-a67e373b5b7e,18182a9e-8c71-4345-b71e-fc2764e3895c,0.5405741305722391
127a75e4-c0ed-40e8-93d5-a67e373b5b7e,18185584-a086-44e0-be1f-e9f1027c8693,0.6990765980341719
127a75e4-c0ed-40e8-93d5-a67e373b5b7e,1818c641-cb4c-47f2-b652-707972f2564a,0.9698328471287772
127a75e4-c0ed-40e8-93d5-a67e373b5b7e,18190d5c-a102-486a-a414-9d25cc08f25e,0.8351166628279946
127a75e4-c0ed-40e8-93d5-a67e373b5b7e,181abaad-248e-494d-8c45-510cda19c582,0.73285607371775
127a75e4-c0ed-40e8-93d5-a67e373b5b7e,181cc934-3048-4980-9327-5b86d07db121,0.780453363139353
127a75e4-c0ed-40e8-93d5-a67e373b5b7e,181cdfe1-0535-499b-afc4-4511b7af1ab7,0.3828075642198663
127a75e4-c0ed-40e8-93d5-a67e373b5b7e,181ce5f3-0279-4a91-aa3e-57e4d3df90f2,0.8064405524319032
127a75e4-c0ed-40e8-93d5-a67e373b5b7e,181db6b3-0ecc-49f8-8293-5322cfa7d91f,0.8591034408866473
127a75e4-c0ed-40e8-93d5-a67e373b5b7e,181e6b4f-8f68-4c1e-a656-2e3d213142e1,0.7117851385833224
127a75e4-c0ed-40e8-93d5-a67e373b5b7e,181e9427-6a2d-4800-93c3-faf90e090f74,0.7914244230381341
127a75e4-c0ed-40e8-93d5-a67e373b5b7e,18208c5a-50d2-4bbe-bef3-6ae315ebb75a,0.665052742159827
127a75e4-c0ed-40e8-93d5-a67e373b5b7e,1820d557-7990-4725-a09c-ec62fb8aa21e,0.7897755479134255
127a75e4-c0ed-40e8-93d5-a67e373b5b7e,1820e76f-eb91-497b-9245-806970ac0d7d,0.764645988655421
127a75e4-c0ed-40e8-93d5-a67e373b5b7e,18210586-548c-44d7-8d4f-fbe58d82e455,0.889271634995496
127a75e4-c0ed-40e8-93d5-a67e373b5b7e,1821e89c-5016-4b19-b586-ca84dc7bf070,0.6061540597186925
127a75e4-c0ed-40e8-93d5-a67e373b5b7e,1825f131-abc9-4327-802b-1d85db9cbc02,0.936708757191004
127a75e4-c0ed-40e8-93d5-a67e373b5b7e,18282e32-2e2f-4faa-a823-a8a53883f392,0.8366429110273523
127a75e4-c0ed-40e8-93d5-a67e373b5b7e,182a5852-d466-4d4d-bf6d-19132687a7d9,0.7670334577028112
127a75e4-c0ed-40e8-93d5-a67e373b5b7e,182da34b-6654-4bfe-b481-ebaca6cb2fc4,0.7670060545910194
127a75e4-c0ed-40e8-93d5-a67e373b5b7e,182ef9a3-5519-4d9a-b8ca-29ecaa8401a9,0.9280085525852684
127a75e4-c0ed-40e8-93d5-a67e373b5b7e,18318bbd-4b97-491b-b25c-8a23f2bbbcd2,0.8675396731582016
127a75e4-c0ed-40e8-93d5-a67e373b5b7e,1831c911-9fcb-47ad-965a-2af357d41834,0.8258680608318761
127a75e4-c0ed-40e8-93d5-a67e373b5b7e,1834a74e-43c0-4d4c-8d78-98e2389cf80d,0.7661640305206165
127a75e4-c0ed-40e8-93d5-a67e373b5b7e,1835ad88-a2c0-484c-bdda-0ffa33997cf3,0.647167306490417
127a75e4-c0ed-40e8-93d5-a67e373b5b7e,18364c5e-91c1-4309-8589-e3625ac21545,0.7660792295559552
127a75e4-c0ed-40e8-93d5-a67e373b5b7e,1836ad86-5c4e-471c-8b0a-dc79739e0d6a,0.4860040738027624
127a75e4-c0ed-40e8-93d5-a67e373b5b7e,1836afec-9a4b-4534-9c78-338bee5616a7,0.8457942431690972
127a75e4-c0ed-40e8-93d5-a67e373b5b7e,1836d576-8095-4db3-8084-5de191043a22,0.9260616966402202
127a75e4-c0ed-40e8-93d5-a67e373b5b7e,18376c13-f39d-4d88-ab8b-21383c830cb4,0.6038511466705708
127a75e4-c0ed-40e8-93d5-a67e373b5b7e,1837a2aa-e9e5-42a6-bd67-4bd349b9e075,0.8113182576528608
127a75e4-c0ed-40e8-93d5-a67e373b5b7e,183832fa-2799-4832-9b39-bb6bec712493,0.8299152464486692
127a75e4-c0ed-40e8-93d5-a67e373b5b7e,1838dc60-ccfd-434e-afaf-8ae3ee2f4aa8,0.3398475545285387
127a75e4-c0ed-40e8-93d5-a67e373b5b7e,1839b276-3bd4-465d-aa24-c9021100bcfc,0.945871040376337
127a75e4-c0ed-40e8-93d5-a67e373b5b7e,183b1b7a-1da9-4260-9e72-18d7823d051b,0.8695634121733857
127a75e4-c0ed-40e8-93d5-a67e373b5b7e,183b725d-83a0-416f-b41d-c8d400290f88,0.3373459169383909
127a75e4-c0ed-40e8-93d5-a67e373b5b7e,1840ee60-187b-4c1b-b167-86c420f0dddc,0.8229492360702039
127a75e4-c0ed-40e8-93d5-a67e373b5b7e,184240a3-b27d-492e-8a7b-35b7cdb0e8de,0.8751989618430381
127a75e4-c0ed-40e8-93d5-a67e373b5b7e,1842e99d-f6a7-40d7-8090-af48f7e649ca,0.9054112173787304
127a75e4-c0ed-40e8-93d5-a67e373b5b7e,1844f508-9415-4c51-b3fe-d69393400547,0.8430927959521297
127a75e4-c0ed-40e8-93d5-a67e373b5b7e,1ca89d5b-ad75-4924-a309-3480f78197bf,0.794954190742462
127a75e4-c0ed-40e8-93d5-a67e373b5b7e,1cab3abe-fae4-4589-92f8-b8154cc7d813,0.8315363741292126
127a75e4-c0ed-40e8-93d5-a67e373b5b7e,1cac5ea7-3808-4de7-a2b9-1287f6f72a06,0.8315919165244682
127a75e4-c0ed-40e8-93d5-a67e373b5b7e,1cacec30-d39b-46c0-a775-d909ebc44b3f,0.7297770891291783
127a75e4-c0ed-40e8-93d5-a67e373b5b7e,1cadbcff-e9d6-419a-8a96-bb471be8873d,0.8025169945934487
127a75e4-c0ed-40e8-93d5-a67e373b5b7e,1cb13529-91a9-4d31-ad2f-6b57ef8abdc3,0.7673930143094213
127a75e4-c0ed-40e8-93d5-a67e373b5b7e,1cb2524b-4e2b-448b-bc00-79dc06faa382,0.8462728935825917
127a75e4-c0ed-40e8-93d5-a67e373b5b7e,1cb25ecc-80b4-41e7-a61c-84bf7e3cb02f,0.3771104931621108
127a75e4-c0ed-40e8-93d5-a67e373b5b7e,1cb6273e-3784-49d1-a66f-bd7b5589b47d,0.2685251478471651
127a75e4-c0ed-40e8-93d5-a67e373b5b7e,1cb9da05-368f-4e37-9244-86af5f6706e2,0.9208375721116864
127a75e4-c0ed-40e8-93d5-a67e373b5b7e,1cb9dec2-eb5e-4c63-997b-887984853fa6,0.8327772260761064
127a75e4-c0ed-40e8-93d5-a67e373b5b7e,1cbf25e7-f6a3-45d0-97b3-c6952a0abb1a,0.8915307843839576
127a75e4-c0ed-40e8-93d5-a67e373b5b7e,1cbf7eab-3d10-4f1e-96b7-076c89eff64d,0.7000886385507256
127a75e4-c0ed-40e8-93d5-a67e373b5b7e,1cbf86bf-79f2-4716-ba77-fa7e765b3234,0.7819577570480821
127a75e4-c0ed-40e8-93d5-a67e373b5b7e,1cc0579d-5459-4793-9b3e-7a32ac418efb,0.7946913161555282
127a75e4-c0ed-40e8-93d5-a67e373b5b7e,1cc28ff9-dbc9-4113-b6d4-1da5a169d04a,0.7797148353739398
127a75e4-c0ed-40e8-93d5-a67e373b5b7e,1cc29723-7abe-4919-988c-16f2072c8ac3,0.6632165818699207
127a75e4-c0ed-40e8-93d5-a67e373b5b7e,1cc51928-5d8f-41e3-8fc0-846423d110ed,0.8515853415917085
127a75e4-c0ed-40e8-93d5-a67e373b5b7e,1cc595fd-801b-43d6-a83b-738aa9319fce,0.850233692953688
127a75e4-c0ed-40e8-93d5-a67e373b5b7e,1cc65fc2-8106-43a0-8da1-613a61dfdd08,0.6189194485647852
127a75e4-c0ed-40e8-93d5-a67e373b5b7e,1cc68806-e9fa-4e50-89bc-4c73ea6e80ec,0.8075584852765693
127a75e4-c0ed-40e8-93d5-a67e373b5b7e,1cc965a6-408c-4520-bca2-197187b677b1,0.6755291167445248
127a75e4-c0ed-40e8-93d5-a67e373b5b7e,1cca4c3a-e16d-4404-9386-860cf2c51c73,0.3915305540910268
127a75e4-c0ed-40e8-93d5-a67e373b5b7e,1ccacc67-e320-4381-8a25-aac68619bf5a,0.7091026685013792
127a75e4-c0ed-40e8-93d5-a67e373b5b7e,1ccb99e7-59ab-4578-bd34-08973b11b981,0.7083523689448372
127a75e4-c0ed-40e8-93d5-a67e373b5b7e,1ccc21d2-8dbe-47b4-b090-895ae91df386,0.9499174756123298
127a75e4-c0ed-40e8-93d5-a67e373b5b7e,1ccfbb1d-37d4-4b89-87fe-85e11b7a546f,0.5495166009012091
127a75e4-c0ed-40e8-93d5-a67e373b5b7e,1cd135af-e060-4e1d-9db8-6441c4af1e45,0.7953108667788993
127a75e4-c0ed-40e8-93d5-a67e373b5b7e,1cd1391b-7895-48c4-9138-0be2d2f0938e,0.8836264623466201
127a75e4-c0ed-40e8-93d5-a67e373b5b7e,1cd2ffb0-3a38-4942-b71c-59b8d45ebf10,0.2079272996273784
127a75e4-c0ed-40e8-93d5-a67e373b5b7e,1cd39c4e-a7b0-441f-b22c-151543882ac8,0.7432794619128416
127a75e4-c0ed-40e8-93d5-a67e373b5b7e,1cd3cb84-05c1-4eae-b41a-34e7f145fc72,0.8547149055151351
127a75e4-c0ed-40e8-93d5-a67e373b5b7e,1cd4db9c-d663-4302-bc8b-7e9903e0daf9,0.6980479775086099
127a75e4-c0ed-40e8-93d5-a67e373b5b7e,1cd5d45f-cb01-4d4f-9d03-5b2b21b856d7,0.8208470837452745
127a75e4-c0ed-40e8-93d5-a67e373b5b7e,1cd76c97-3db1-4dec-8c4d-e36ba678d1bd,0.7864772934584449
127a75e4-c0ed-40e8-93d5-a67e373b5b7e,1cd81fa0-28b0-4488-b15c-b92f9bcabbf0,0.7512450818233299
127a75e4-c0ed-40e8-93d5-a67e373b5b7e,1cd9f895-1527-4ae1-8d58-db39ac8b32a0,0.7351398665260706
127a75e4-c0ed-40e8-93d5-a67e373b5b7e,1cda7389-110a-4f9a-9536-dca0d4f22718,0.5207509477614902
127a75e4-c0ed-40e8-93d5-a67e373b5b7e,1cdddfb4-ccd9-4106-95d5-0b8353f537e3,0.7568733545073132
127a75e4-c0ed-40e8-93d5-a67e373b5b7e,1cdfb002-28fc-4b64-a160-44b6ba93e349,0.7822030651466313
127a75e4-c0ed-40e8-93d5-a67e373b5b7e,1ce06403-a8e5-4d63-b6d3-2c36902a95ce,0.7771972082213378
127a75e4-c0ed-40e8-93d5-a67e373b5b7e,1ce07f1f-78e2-41a8-9aee-94bb6d39aa97,0.8231537410232048
127a75e4-c0ed-40e8-93d5-a67e373b5b7e,1ce1a020-c764-4668-a20b-65cc96ef53f9,0.755048603275118
127a75e4-c0ed-40e8-93d5-a67e373b5b7e,1ce3af84-532f-4c06-9c3a-651c1cfb3183,0.7357411967630587
127a75e4-c0ed-40e8-93d5-a67e373b5b7e,1ce43167-c104-44c0-9a79-7c01c31d8de6,0.7157759510022594
127a75e4-c0ed-40e8-93d5-a67e373b5b7e,1ce51d46-6884-462e-a1aa-f2ec8bbf677a,0.7945151549583248
127a75e4-c0ed-40e8-93d5-a67e373b5b7e,1ce5e662-f10d-40a9-80cd-4150ecb6da12,0.713321419610703
127a75e4-c0ed-40e8-93d5-a67e373b5b7e,1ce632cf-00a4-411f-8bd7-78655fa4b696,0.7944063254062761
127a75e4-c0ed-40e8-93d5-a67e373b5b7e,1ce7306d-3be8-44c0-bb82-25bb647d3b7f,0.6300652485799211
127a75e4-c0ed-40e8-93d5-a67e373b5b7e,1ce7ac31-6188-4a46-a936-f97945b2a530,0.5709666001164696
127a75e4-c0ed-40e8-93d5-a67e373b5b7e,1cea7bec-bd31-43fa-ba3d-10c11036b295,0.7035179972361233
127a75e4-c0ed-40e8-93d5-a67e373b5b7e,1ceb14a4-2b77-48b0-8d4d-c272a7e86892,0.8028836185582215
127a75e4-c0ed-40e8-93d5-a67e373b5b7e,1cec2a6f-145b-40cb-b2a1-6c68fb85fc00,0.5056038294110858
127a75e4-c0ed-40e8-93d5-a67e373b5b7e,1cecaa87-4807-40c6-8bf1-dbe7f3562d1e,0.7619009189488242
127a75e4-c0ed-40e8-93d5-a67e373b5b7e,1cece80f-2a43-4698-b35e-3390387c2647,0.9107818028331202
127a75e4-c0ed-40e8-93d5-a67e373b5b7e,1cee029c-3232-4f35-a31d-be9016e555a4,0.6767830520132639
127a75e4-c0ed-40e8-93d5-a67e373b5b7e,1cee09a0-204a-481a-9d24-59821f561042,0.8580787651593774
127a75e4-c0ed-40e8-93d5-a67e373b5b7e,1cefc87e-52b9-4235-82fe-a4e5e60bfa20,0.8078357874106726
127a75e4-c0ed-40e8-93d5-a67e373b5b7e,1cefdde4-8606-40d7-ad5c-9cbf0b81a3c1,0.6900560592731246
127a75e4-c0ed-40e8-93d5-a67e373b5b7e,1cf1fcc0-1421-453b-8c57-ceb50f71916d,0.8969875743598317
127a75e4-c0ed-40e8-93d5-a67e373b5b7e,1cf2132c-374f-423d-82d7-60ee082168c2,0.8162164229912652
127a75e4-c0ed-40e8-93d5-a67e373b5b7e,1cf313ed-90d1-4b1a-817f-4f5a7c1bb398,0.7249900653122383
127a75e4-c0ed-40e8-93d5-a67e373b5b7e,1cf3c47f-d81b-47c6-9ca5-ebf6a05505d0,0.72860496308608
127a75e4-c0ed-40e8-93d5-a67e373b5b7e,1cf47c0a-08e5-4abf-9403-082ccfaf24d9,0.8206817404263246
127a75e4-c0ed-40e8-93d5-a67e373b5b7e,1cf5e4a0-fc00-4b06-a4b0-f96f94aac106,0.7310185180413645
127a75e4-c0ed-40e8-93d5-a67e373b5b7e,1cf648ae-58bd-4bb1-b316-bcb24a41d008,0.2952499369249414
127a75e4-c0ed-40e8-93d5-a67e373b5b7e,1cf7b691-0cd5-433e-bf54-d8abdd493363,0.4423835602561505
127a75e4-c0ed-40e8-93d5-a67e373b5b7e,1cf7c61d-fcd8-4133-b628-81e297ad6ddd,0.8711735687842166
127a75e4-c0ed-40e8-93d5-a67e373b5b7e,1cf9ff83-5776-4787-898e-ad0faf49a76f,0.7545819750730475
127a75e4-c0ed-40e8-93d5-a67e373b5b7e,1cfcfef5-5150-4959-b455-a0dd4aaccd46,0.7962232748657838
127a75e4-c0ed-40e8-93d5-a67e373b5b7e,1cfd8e30-5c98-4114-a4f4-aec927083b61,0.878598991190406
127a75e4-c0ed-40e8-93d5-a67e373b5b7e,1d00099c-c778-4ea6-8723-2509d0b2d871,0.6466332244323842
127a75e4-c0ed-40e8-93d5-a67e373b5b7e,1d006310-afda-440a-8203-07b3e1899aaf,0.2510205277682171
127a75e4-c0ed-40e8-93d5-a67e373b5b7e,1d0096b5-f4b7-4217-a654-571b9ecd12b7,0.9064499207965072
127a75e4-c0ed-40e8-93d5-a67e373b5b7e,1d00f434-f30c-4919-9eb9-d9f5984b5c28,0.768334236700898
127a75e4-c0ed-40e8-93d5-a67e373b5b7e,1d01bae3-2749-425f-a45b-b49dc617b1b0,0.8670915734690988
127a75e4-c0ed-40e8-93d5-a67e373b5b7e,1d021dfc-d36e-4f57-9640-807b057ad694,0.8316664929741914
127a75e4-c0ed-40e8-93d5-a67e373b5b7e,1d039158-53c6-4db8-bec7-d3ae37970eb4,0.7273983302986029
127a75e4-c0ed-40e8-93d5-a67e373b5b7e,1d05d341-b3f4-49a7-bf3a-fab6764b23e6,0.7744091878577599
127a75e4-c0ed-40e8-93d5-a67e373b5b7e,1d0900f2-b088-4c68-8297-97a4df486fea,0.9790139572693228
127a75e4-c0ed-40e8-93d5-a67e373b5b7e,1d0908fa-687d-4815-93be-6e5ab21e0516,0.8443277026614157
127a75e4-c0ed-40e8-93d5-a67e373b5b7e,1d09ee61-ec34-49c5-848c-2ff01c01e96a,0.8708885908851463
127a75e4-c0ed-40e8-93d5-a67e373b5b7e,1d0b5360-7660-4dec-a676-87bdbe5b8343,0.748135771733709
127a75e4-c0ed-40e8-93d5-a67e373b5b7e,1d0c8daa-919c-410d-adff-7d6ea207d130,0.8518597669598459
127a75e4-c0ed-40e8-93d5-a67e373b5b7e,1d0d7cb7-7106-44cf-b4eb-64f32e30b130,0.7482415785908095
127a75e4-c0ed-40e8-93d5-a67e373b5b7e,1d0f60bf-53e0-4d0e-96ae-19b6dea28c6d,0.7420019389242017
127a75e4-c0ed-40e8-93d5-a67e373b5b7e,1d0f795e-454f-412b-bea0-b622f30dae3a,0.8363915932224707
127a75e4-c0ed-40e8-93d5-a67e373b5b7e,1d0fb063-4720-45a6-ab6b-ac95ae531d67,0.9435475472424756
127a75e4-c0ed-40e8-93d5-a67e373b5b7e,1d10472c-b3c7-4a2a-b40c-179d22a9d056,0.7555248811252355
127a75e4-c0ed-40e8-93d5-a67e373b5b7e,1d106bd2-6693-4703-882f-6f9bad28cd98,0.3988391763559207
127a75e4-c0ed-40e8-93d5-a67e373b5b7e,1d113cfd-e991-4d3d-a46b-ebe3c8f505de,0.6525465518185375
127a75e4-c0ed-40e8-93d5-a67e373b5b7e,1d129543-05e9-4083-83af-70a6699853cc,0.7428165515439318
127a75e4-c0ed-40e8-93d5-a67e373b5b7e,1d14a30c-775b-4286-9ace-2ecae5de27ac,0.7474257774919333
127a75e4-c0ed-40e8-93d5-a67e373b5b7e,1d15e678-f2ae-45bc-8c17-f027279e9474,0.7238065276100902
127a75e4-c0ed-40e8-93d5-a67e373b5b7e,1d165855-f4ec-467a-b13c-fbc5030b1b0f,0.9327821221719352
127a75e4-c0ed-40e8-93d5-a67e373b5b7e,1d166fb2-f5a7-44f0-b534-f0eb673749b4,0.7698511735757267
14562170-931f-4ba1-925c-932141c3545f,00028a63-2ba8-44fb-96d1-becb542f4a64,0.7998557309371813
14562170-931f-4ba1-925c-932141c3545f,000375be-eeed-442d-b671-028ef6990c4d,0.9291868532289368
14562170-931f-4ba1-925c-932141c3545f,0003b15e-deb6-4189-adb8-eb495f3da2ec,0.9233267399536744
14562170-931f-4ba1-925c-932141c3545f,000487bd-ad15-4607-b5c3-a50c33fd3d64,0.7134217217090489
14562170-931f-4ba1-925c-932141c3545f,00048e37-6f91-438a-8683-7f89c716e72f,0.9327047026821944
14562170-931f-4ba1-925c-932141c3545f,0004fcab-fe30-414b-9943-243df7c0a22e,0.8673713045359529
14562170-931f-4ba1-925c-932141c3545f,00054108-b6f3-43b1-a979-b561eb6ceb35,0.7561016096731835
14562170-931f-4ba1-925c-932141c3545f,0008cab9-ed40-4710-a6cd-ad361ee51c2d,0.9636466101629854
14562170-931f-4ba1-925c-932141c3545f,00094cf1-73e8-4149-bdb6-3f2ae9192d6f,0.907573087461359
14562170-931f-4ba1-925c-932141c3545f,00099237-fd1b-4d94-9469-fa93150e4253,0.9590863989309888
14562170-931f-4ba1-925c-932141c3545f,000a4595-f0e3-422f-b631-b6fadca8b200,0.9282832833214616
14562170-931f-4ba1-925c-932141c3545f,000ae394-c27c-41e7-a886-3f1bc7cd0ecb,0.8790758758205619
14562170-931f-4ba1-925c-932141c3545f,000b196c-8382-4326-9255-02b782a909ac,0.9544531098797262
14562170-931f-4ba1-925c-932141c3545f,000b5a67-d33f-4b66-a858-3993ff4f1ee5,0.8960135622595167
14562170-931f-4ba1-925c-932141c3545f,000cbbec-4b9c-41e3-8bad-d7510501bf09,0.513851238228663
14562170-931f-4ba1-925c-932141c3545f,000f3a2c-3150-4aa7-b1ce-75eb1a268ba3,0.9019237580230084
14562170-931f-4ba1-925c-932141c3545f,000f990e-6cc5-4be4-8afc-bd3c1a206d36,0.7660551847717914
14562170-931f-4ba1-925c-932141c3545f,000fe073-f67d-44b3-9ff3-727d09f682dc,0.7164526367723484
14562170-931f-4ba1-925c-932141c3545f,0010af91-6de9-4470-ac8d-a3c53b873847,0.9492368757526468
14562170-931f-4ba1-925c-932141c3545f,00120104-1ee9-4aed-9361-2e87c8b6d665,0.4837281398759365
14562170-931f-4ba1-925c-932141c3545f,00120af8-fb66-4d46-bbe6-5fce4a888eed,0.8353396140466266
14562170-931f-4ba1-925c-932141c3545f,00145db0-96fe-42a7-9cf4-39b04dce7c22,0.7513658689399911
14562170-931f-4ba1-925c-932141c3545f,001502ea-f45f-4c04-a23e-5237309f5b9a,0.8119816739019597
14562170-931f-4ba1-925c-932141c3545f,001532f7-8e1e-4657-924f-21cbc25d147e,0.7683898993945014
14562170-931f-4ba1-925c-932141c3545f,001697d4-7eb4-458c-a956-188eb9b3a189,0.7777047311154082
14562170-931f-4ba1-925c-932141c3545f,0017009f-398d-43cc-8b1d-9215065208fa,0.6459062780829028
14562170-931f-4ba1-925c-932141c3545f,0018795e-d75e-419e-b05b-a04a43a0d479,0.957559601635224
14562170-931f-4ba1-925c-932141c3545f,0018905b-2c2a-4da2-9330-fda6bd4602f8,0.804062646820079
14562170-931f-4ba1-925c-932141c3545f,001b9a6d-ae81-49c1-be1d-9c63b2b6ade1,0.790267448261602
14562170-931f-4ba1-925c-932141c3545f,001bf4d0-d910-4d2d-a215-c22c002746ce,0.6790571382054305
14562170-931f-4ba1-925c-932141c3545f,001c3e13-545d-430f-855d-7f0d088d7ed0,0.8453158495487048
14562170-931f-4ba1-925c-932141c3545f,001c75ba-a95b-4a33-bbd3-0dd0e245d184,0.9402738124188376
14562170-931f-4ba1-925c-932141c3545f,001d0425-eb84-4494-aa76-cb6f54db700a,0.8114855894303382
14562170-931f-4ba1-925c-932141c3545f,001e5d42-8301-486d-8fbe-a73fca9267ab,0.9002383483162303
14562170-931f-4ba1-925c-932141c3545f,001e7241-c70e-4c85-8d59-a7bd00d68f33,0.8037555387372468
14562170-931f-4ba1-925c-932141c3545f,001f02f2-57e5-43cf-b182-f4bed7d100c3,0.9639601165288988
14562170-931f-4ba1-925c-932141c3545f,001f4f3c-1840-4332-8e42-4814dd882cf6,0.7878674410077028
14562170-931f-4ba1-925c-932141c3545f,00211600-be43-4aea-bb89-4d60eb987b38,0.8792270645377458
14562170-931f-4ba1-925c-932141c3545f,0021b6f3-0798-497f-a9e7-04f9160ed077,0.8394360280636929
14562170-931f-4ba1-925c-932141c3545f,0021dcd6-1a64-4758-a824-b369fc16d278,0.6493223394273787
14562170-931f-4ba1-925c-932141c3545f,002263c6-04b0-470d-92d8-6e934d28e819,0.8741019014098986
14562170-931f-4ba1-925c-932141c3545f,00226639-0081-459b-9aa0-71bd7663f875,0.8670259264879531
14562170-931f-4ba1-925c-932141c3545f,002291f2-e544-4009-8c3b-4e6c04878872,0.689173590646562
14562170-931f-4ba1-925c-932141c3545f,002390d2-d337-40fe-a34c-3543fa55665b,0.9224272173178498
14562170-931f-4ba1-925c-932141c3545f,0024b130-09ab-4239-ac6c-8e51a8baf203,0.8963199962032269
14562170-931f-4ba1-925c-932141c3545f,00279ee1-8822-4f65-95db-5c33174774cc,0.7398448067384995
14562170-931f-4ba1-925c-932141c3545f,002983ac-1c83-4c95-a02b-6bc4b8c260e9,0.8516335449477306
14562170-931f-4ba1-925c-932141c3545f,002c09c8-1167-4f7a-9e33-ccbe83e0ba05,0.8891300910516707
14562170-931f-4ba1-925c-932141c3545f,002dcbb7-3fdb-4acf-92d9-766d7e7cbb3c,0.9707947048244172
14562170-931f-4ba1-925c-932141c3545f,002e1357-89b1-41c5-a168-62b484502a03,0.9082958768583522
14562170-931f-4ba1-925c-932141c3545f,002f426d-5f42-4a44-84b4-10ddba9b72c6,0.8097877588982902
14562170-931f-4ba1-925c-932141c3545f,0030d49a-7b56-42c3-a67f-c21b7dba0029,0.9299627417675462
14562170-931f-4ba1-925c-932141c3545f,0032065b-f23b-4d5c-bc6b-0763196a1cfc,0.6737885035964809
14562170-931f-4ba1-925c-932141c3545f,00334c3c-0fe7-4d25-88f0-196d770f5f73,0.7999167640277033
14562170-931f-4ba1-925c-932141c3545f,00341d6a-3237-4fd5-983f-a4831e93d139,0.8009491812419359
14562170-931f-4ba1-925c-932141c3545f,0035c872-f313-4b83-8b2e-2a49c172689e,0.9186760963145886
14562170-931f-4ba1-925c-932141c3545f,003809b7-634e-4c8b-a1f1-ce9d87e0f9b1,0.653948850097069
14562170-931f-4ba1-925c-932141c3545f,003903f3-772b-4f30-a6e8-ceee1052257d,0.8082231372519796
14562170-931f-4ba1-925c-932141c3545f,003ae699-ec64-4f0d-b934-532c2c364830,0.8510433134739289
14562170-931f-4ba1-925c-932141c3545f,003b32b0-0289-4397-b0dc-d20cc935a063,0.8784493006654371
14562170-931f-4ba1-925c-932141c3545f,003ec167-b08b-4595-ad98-7fb03662e1eb,0.7853879386866539
14562170-931f-4ba1-925c-932141c3545f,003eda4b-9605-488c-afd3-ee983eba54da,0.8190341566320133
14562170-931f-4ba1-925c-932141c3545f,00413710-32b6-4cdb-9cbb-8501f105f4a2,0.7372975407582711
14562170-931f-4ba1-925c-932141c3545f,004469c4-29a4-4283-b946-ccb7606a829e,0.8177990080865472
14562170-931f-4ba1-925c-932141c3545f,004770c0-901a-46a1-b270-9a197b87dc14,0.7825148437901928
14562170-931f-4ba1-925c-932141c3545f,004a66f6-f4b9-4e36-8928-bc1ccdde78fe,0.7920967895408184
14562170-931f-4ba1-925c-932141c3545f,00505682-5ea0-414e-b8ba-cdd94ee1caec,0.7970901918907551
14562170-931f-4ba1-925c-932141c3545f,0050b0a0-e208-478b-99c8-bbc96a0d6ff3,0.6491505927865644
14562170-931f-4ba1-925c-932141c3545f,0050f49b-1ef7-47ca-ab64-702cb8cd81b8,0.9356675477701024
14562170-931f-4ba1-925c-932141c3545f,0053484c-7b92-4b94-a97c-a96c3b56c4f5,0.8036111804519505
14562170-931f-4ba1-925c-932141c3545f,00559641-5d64-47d5-956a-45f61d678a7e,0.777142055912496
14562170-931f-4ba1-925c-932141c3545f,0055e9f2-9661-4a58-857c-2167d80cf15c,0.9017785506269888
14562170-931f-4ba1-925c-932141c3545f,00583b29-4881-4bb2-a91b-cb06317fb86f,0.7865137799844535
14562170-931f-4ba1-925c-932141c3545f,005937d1-7478-4c09-b385-0caaebec5e08,0.9461551332555094
14562170-931f-4ba1-925c-932141c3545f,00599665-51c0-4447-bcce-0b9934db7c06,0.908638886101912
14562170-931f-4ba1-925c-932141c3545f,00599b53-7d8c-40de-a6d9-a79788292a0b,0.7632805805955686
14562170-931f-4ba1-925c-932141c3545f,005bb14e-fbf8-4451-9956-a243db897d68,0.8711525423424064
14562170-931f-4ba1-925c-932141c3545f,005bdc5d-2620-4426-8485-75974b2c70f6,0.7949297192866638
14562170-931f-4ba1-925c-932141c3545f,005dd95f-410e-4d36-8c1f-f1835e17cb0c,0.5628444960071733
14562170-931f-4ba1-925c-932141c3545f,005df39e-dc32-4312-8cf8-daf7f56921ce,0.7513085380700838
14562170-931f-4ba1-925c-932141c3545f,00627220-4be9-44e7-893b-4c97d9759f80,0.5768978778654765
14562170-931f-4ba1-925c-932141c3545f,0062cbd9-5e7c-4add-8475-286270669871,0.8084683593756384
14562170-931f-4ba1-925c-932141c3545f,00643bc4-c3b8-4d43-9b06-a28de81d7df6,0.892741190442195
14562170-931f-4ba1-925c-932141c3545f,006569cb-318a-40b4-b413-58feb47566da,0.8354184847337476
14562170-931f-4ba1-925c-932141c3545f,006583b8-6b11-4a56-abc7-2ae3e7906be3,0.732573789287832
14562170-931f-4ba1-925c-932141c3545f,0067a6ba-3a25-4229-9df4-70e226cfb280,0.9155702048145288
14562170-931f-4ba1-925c-932141c3545f,0067d3c8-be55-43b5-aae8-6d98ddafc7e6,0.9306073514133468
14562170-931f-4ba1-925c-932141c3545f,0068d4b4-05b0-43e6-b7e1-c3f04c218188,0.9594270315564738
14562170-931f-4ba1-925c-932141c3545f,006a3a12-442c-4767-af54-0e5eb8874ab1,0.7265799904389302
14562170-931f-4ba1-925c-932141c3545f,006afd47-ef9c-479c-945b-05cb53fc4f50,0.8667247753422515
14562170-931f-4ba1-925c-932141c3545f,006d3fb3-2ae2-44f6-a11a-de26a958937e,0.6358905228371254
14562170-931f-4ba1-925c-932141c3545f,006ddaac-3415-4c56-9ce8-79c3ce6e96e2,0.8905347778788796
14562170-931f-4ba1-925c-932141c3545f,006eed98-7981-46c5-957a-06e74f3734b6,0.9059094681621692
14562170-931f-4ba1-925c-932141c3545f,007027ba-4e4a-45c7-8b0b-9a5b5f51f620,0.7640600279019801
14562170-931f-4ba1-925c-932141c3545f,0070714a-71c1-4715-af70-b2a17287e004,0.7487227698210005
14562170-931f-4ba1-925c-932141c3545f,00722ea2-376a-448a-bebc-bda0efc0bbcf,0.8570846214671934
14562170-931f-4ba1-925c-932141c3545f,00730054-bc85-4857-945f-363c98333537,0.9699747755776928
14562170-931f-4ba1-925c-932141c3545f,0073b78e-2ef3-41d8-b87b-4d26bdb760da,0.8922640397175917
14562170-931f-4ba1-925c-932141c3545f,0075cab0-f69b-45c1-b2d2-d3cd54d1d27a,0.9208135161765836
14562170-931f-4ba1-925c-932141c3545f,00771b85-da54-4258-a144-2f7e7e1b7c56,0.850324753292186
14562170-931f-4ba1-925c-932141c3545f,007bf010-7aeb-46cd-b6c3-be394d8bc0bb,0.4715421417539788
14562170-931f-4ba1-925c-932141c3545f,007c613a-ce55-400b-ab4f-0d2c210816e7,0.8756230805369772
14562170-931f-4ba1-925c-932141c3545f,007d5910-b4c0-4469-a517-ae6ac48b8fc1,0.9393839432447504
14562170-931f-4ba1-925c-932141c3545f,007de4e5-c896-4623-ac41-7dfe60326e77,0.9557327945298016
14562170-931f-4ba1-925c-932141c3545f,007eadaf-6c19-4171-ab42-b241b395a5cd,0.7309464559407184
14562170-931f-4ba1-925c-932141c3545f,007f0a53-caa6-4d6e-af6e-6f27dad1b4eb,0.7996734339072523
14562170-931f-4ba1-925c-932141c3545f,00805984-8400-47b4-8762-90da5d78b49e,0.8692833745467436
14562170-931f-4ba1-925c-932141c3545f,00805eec-d377-4e02-8bd7-bfff9dd0c9f8,0.8932927622242576
14562170-931f-4ba1-925c-932141c3545f,0080facc-8b5a-4de1-b9e5-9c3cbb470b0b,0.9171588275938574
14562170-931f-4ba1-925c-932141c3545f,00823f2d-1c32-4af3-aa0c-34a2d68c6b79,0.822565462853269
14562170-931f-4ba1-925c-932141c3545f,00843552-ea88-40f2-8127-1d84626ce751,0.966774810256672
14562170-931f-4ba1-925c-932141c3545f,0085ecfe-72e6-43e7-b566-3d635adcbda4,0.7840481613576897
14562170-931f-4ba1-925c-932141c3545f,008abc4b-e688-4621-9782-bcdc2875bc8d,0.8959890116528043
14562170-931f-4ba1-925c-932141c3545f,008bd01f-8cbd-4b86-8b46-83e3846603e4,0.8325055856322371
14562170-931f-4ba1-925c-932141c3545f,008c5c40-a532-4f9a-9142-98bf7f376d0a,0.9092296892119834
14562170-931f-4ba1-925c-932141c3545f,008c5fd3-728d-42c1-be4e-605c5e41e413,0.8575984523849095
14562170-931f-4ba1-925c-932141c3545f,008ca763-4458-45e7-a86a-0d710f187192,0.9221825175120018
14562170-931f-4ba1-925c-932141c3545f,008cf378-b482-4fb6-ba27-680e70425f01,0.8712561556409918
14562170-931f-4ba1-925c-932141c3545f,008dcc57-fb81-4a56-ba5a-0abefce410b2,0.7154090946628447
14562170-931f-4ba1-925c-932141c3545f,008fc273-a878-45b6-8364-ab9a0bab7a4d,0.8531572861213996
14562170-931f-4ba1-925c-932141c3545f,00902d15-b822-494a-94a7-f0068e25ebc4,0.7262651749171909
14562170-931f-4ba1-925c-932141c3545f,00907b3b-07c0-4f2c-940c-75469fcc4448,0.8052200678064203
14562170-931f-4ba1-925c-932141c3545f,00915802-0be5-4b39-b1bc-53a22e2ed927,0.9093176192583048
14562170-931f-4ba1-925c-932141c3545f,00923ba0-7e46-43e6-b7c5-af22cf9076c5,0.9158716228126134
14562170-931f-4ba1-925c-932141c3545f,00938199-0e7c-419a-bf17-cbfde3648d4b,0.931405418766963
14562170-931f-4ba1-925c-932141c3545f,009413e9-4198-4f44-b3e9-6fed10b5506a,0.9368391672760852
14562170-931f-4ba1-925c-932141c3545f,00952a9f-6c35-479d-a422-c7ceda396737,0.5571526800102576
14562170-931f-4ba1-925c-932141c3545f,00952afa-e8e2-4b58-8a49-8e508379afd5,0.7802371164313656
14562170-931f-4ba1-925c-932141c3545f,0095364d-66d2-451a-91d8-fba7d7f02671,0.8610312239764892
14562170-931f-4ba1-925c-932141c3545f,009690e9-79b3-488f-9ab2-cbd5099e8b32,0.8729116983054691
14562170-931f-4ba1-925c-932141c3545f,0097c766-067f-451f-a640-949e3d4c71cc,0.9157458819701272
14562170-931f-4ba1-925c-932141c3545f,0097de4d-29cb-42e1-93d0-9f743223ca03,0.5801409242715482
14562170-931f-4ba1-925c-932141c3545f,00984835-4467-4caa-998e-851d01f3635d,0.8505082901802519
14562170-931f-4ba1-925c-932141c3545f,009b7af4-06de-46a3-b312-155172b07f7a,0.5675488757032386
14562170-931f-4ba1-925c-932141c3545f,009be85d-1460-4d3e-a31c-2240944471ca,0.8716933020508797
14562170-931f-4ba1-925c-932141c3545f,009c7970-256c-4afb-bebf-23223407b552,0.8704447384461317
14562170-931f-4ba1-925c-932141c3545f,009e0e5b-fa3a-407d-8bb9-dfb1f1923569,0.9063097357799388
14562170-931f-4ba1-925c-932141c3545f,009e6906-8174-44a4-b113-71030021dc9e,0.7136406610597801
14562170-931f-4ba1-925c-932141c3545f,00a0941b-1c3f-4ce4-81ac-5a9204f24a46,0.944228131717916
14562170-931f-4ba1-925c-932141c3545f,00a0fd0f-0f04-4598-9b6b-7c160cd24630,0.8759281059871543
14562170-931f-4ba1-925c-932141c3545f,00a13d15-bfdf-48f3-8cd6-c593f83e0b68,0.6635876035012777
14562170-931f-4ba1-925c-932141c3545f,00a28ea6-e419-4acc-b933-21a7baa405ae,0.9290899197047706
14562170-931f-4ba1-925c-932141c3545f,00a4d893-a99f-4644-bbbc-0b3457181e6a,0.8366108949749941
14562170-931f-4ba1-925c-932141c3545f,00a51a39-7699-4861-92ac-56aee6a7cc86,0.901750984388496
14562170-931f-4ba1-925c-932141c3545f,00a6b550-fee5-4d03-901c-d74dcaf36951,0.9517676740668244
14562170-931f-4ba1-925c-932141c3545f,00a6bef2-1a9e-4be8-8638-1b0cf4eafb1a,0.8810378857578454
14562170-931f-4ba1-925c-932141c3545f,00a7abd6-c33b-467d-b763-99940970905d,0.9168945465849232
14562170-931f-4ba1-925c-932141c3545f,00aa9f83-0691-4292-a1ca-aad89ef28467,0.9396903741409544
14562170-931f-4ba1-925c-932141c3545f,00ac5ae2-7702-4110-bb9c-7cfe5c422e11,0.947410668293601
14562170-931f-4ba1-925c-932141c3545f,00ac63e3-452b-4fc2-82cb-9d79414d5d84,0.8527917702356693
14562170-931f-4ba1-925c-932141c3545f,00af5b54-2042-49f2-a887-60b1ab5fdfaa,0.8852642531011704
14562170-931f-4ba1-925c-932141c3545f,00b01628-8570-45a6-84f6-0abb953eb095,0.7989244702461205
14562170-931f-4ba1-925c-932141c3545f,00b35555-d9d9-4e2c-a9ea-89482751ec98,0.8883712787988353
14562170-931f-4ba1-925c-932141c3545f,00b48fe9-68dd-4f05-9669-2ddd2e384c23,0.7625452464399264
14562170-931f-4ba1-925c-932141c3545f,00b5d491-bcb2-4c8a-b4c0-72214a3f7875,0.7509477034877879
14562170-931f-4ba1-925c-932141c3545f,00b606d6-e60a-404c-8e79-086461056538,0.8743047435612287
14562170-931f-4ba1-925c-932141c3545f,00b81ffc-95aa-465d-88a8-a136a0ab6736,0.8537060668401413
14562170-931f-4ba1-925c-932141c3545f,00bac2ca-be37-4c93-830b-9ad3ef8e57b9,0.9304975324385444
14562170-931f-4ba1-925c-932141c3545f,00bb109e-ec6a-4ed0-9ce8-d5aa87f7cd4b,0.8891851435496142
14562170-931f-4ba1-925c-932141c3545f,00bba99e-e2a9-480c-8703-5d7f948f8f27,0.90684996944864
14562170-931f-4ba1-925c-932141c3545f,00bdc483-8275-42a9-8753-843116934bf7,0.8069054926560526
14562170-931f-4ba1-925c-932141c3545f,00bf910e-9030-4467-a997-da6fa89f2d53,0.9602501558123536
14562170-931f-4ba1-925c-932141c3545f,00bf9293-575c-40d8-af38-c763e9d1ca29,0.8727812514908513
14562170-931f-4ba1-925c-932141c3545f,00c3a1ba-cafe-4e3d-8f23-39ae2f07fa40,0.900795664847574
14562170-931f-4ba1-925c-932141c3545f,00c6641a-565c-4618-9b75-f34453594b10,0.9311684430715366
14562170-931f-4ba1-925c-932141c3545f,00c97837-ebb7-4b93-82e6-0f6583a88941,0.8858058684405614
14562170-931f-4ba1-925c-932141c3545f,00ca37ad-865f-470f-a8e8-1a1f60a12737,0.8564847713120729
14562170-931f-4ba1-925c-932141c3545f,00cc031d-3b62-4b75-bf0f-f134a3a6cc5d,0.9293061873058928
14562170-931f-4ba1-925c-932141c3545f,00cc727f-7144-431a-afcf-e95c03b0b429,0.9875401630710005
14562170-931f-4ba1-925c-932141c3545f,00cceeb9-553a-4ab8-b5e8-73942b0dc452,0.964626014177858
14562170-931f-4ba1-925c-932141c3545f,00ccfd6b-104a-4562-9731-5db60ce18943,0.9590807443627254
14562170-931f-4ba1-925c-932141c3545f,00cddd17-8484-4509-a257-28712a70b6ee,0.92313111952715
14562170-931f-4ba1-925c-932141c3545f,00ce8565-2f26-4938-9af8-c61e17c6d3e6,0.9643677613194002
14562170-931f-4ba1-925c-932141c3545f,00ced3ac-29b2-493e-b65d-ac42cab66faf,0.3852617241662008
14562170-931f-4ba1-925c-932141c3545f,00d06bfb-a483-44de-a4fe-f652a3a391cd,0.9174657771493652
14562170-931f-4ba1-925c-932141c3545f,00d0a2e3-b461-4049-8ee6-60d499d2a9c2,0.8374009647560482
14562170-931f-4ba1-925c-932141c3545f,00d1135f-0175-4687-9293-9b1a9f76c135,0.8547723390622884
14562170-931f-4ba1-925c-932141c3545f,00d196c5-d5f7-4cf5-a277-76f59ed59cff,0.8621614449125732
14562170-931f-4ba1-925c-932141c3545f,00d2f116-4c67-4319-84cf-91a2b3e5aa59,0.8794579374206954
14562170-931f-4ba1-925c-932141c3545f,00d41157-5ca9-4aed-8029-8e2fb485fb8c,0.9554606063184236
14562170-931f-4ba1-925c-932141c3545f,00d4c7c0-f93a-4534-a9e1-cbda85636867,0.9196830734802044
14562170-931f-4ba1-925c-932141c3545f,00d548ba-b2fa-42bd-89dc-96d3784eba02,0.9423641155438968
14562170-931f-4ba1-925c-932141c3545f,00d55dfd-32e9-429c-b552-cffa8bf88ff7,0.7054569948300216
14562170-931f-4ba1-925c-932141c3545f,00d5ce89-9aaf-4b28-abda-934fa78e11cc,0.7548641407402176
14562170-931f-4ba1-925c-932141c3545f,00d6d037-b99d-4583-ae17-c0e12916bd40,0.8618193091850705
14562170-931f-4ba1-925c-932141c3545f,00d7295e-1b0e-49c2-8e0c-be834d39132c,0.9139507664937444
14562170-931f-4ba1-925c-932141c3545f,00d7ee5e-6a83-4a34-b580-34b6c22f57b6,0.8868253282361745
14562170-931f-4ba1-925c-932141c3545f,00d84212-853d-47d7-af54-0b0c4238c393,0.8319876083669607
14562170-931f-4ba1-925c-932141c3545f,00d88681-bcbf-4f7f-a5db-f65509fa9257,0.8833581672231491
14562170-931f-4ba1-925c-932141c3545f,00d931a8-240c-4b2d-81cc-29e22fd6a720,0.4731813873860359
14562170-931f-4ba1-925c-932141c3545f,00d94291-ecb1-4492-84f9-d30951c0f65e,0.9650463038094518
14562170-931f-4ba1-925c-932141c3545f,00d94f38-9575-479b-a42a-9f33a1df7835,0.915821119996408
14562170-931f-4ba1-925c-932141c3545f,00d9ebb1-b52b-4109-a187-024c67c28845,0.930002859111452
14562170-931f-4ba1-925c-932141c3545f,00db8ded-2833-495b-bb41-698b0ac0a24f,0.9228418829468628
14562170-931f-4ba1-925c-932141c3545f,00dd1457-2038-4475-b010-e11a7d48cd4a,0.9016342216226548
14562170-931f-4ba1-925c-932141c3545f,00ddb405-35c4-40de-8bb6-de141f855b82,0.8501203074454874
14562170-931f-4ba1-925c-932141c3545f,00de1e10-eb66-4147-bb04-4cc62293706f,0.8990285527437278
14562170-931f-4ba1-925c-932141c3545f,00deb91e-75f1-4c96-9082-aeb869066f21,0.8841462540567242
14562170-931f-4ba1-925c-932141c3545f,00df2c58-ec55-4788-91bb-26525eb44a46,0.8141671904091484
14562170-931f-4ba1-925c-932141c3545f,00df5f60-c1b8-494a-97e3-98a29e7b55de,0.7381604538509919
14562170-931f-4ba1-925c-932141c3545f,00e0445b-6f7a-4c00-ba0d-412400939ed5,0.9167829676561584
14562170-931f-4ba1-925c-932141c3545f,1001304c-79f0-4cad-a78b-1d0836f32bf9,0.950056819956276
14562170-931f-4ba1-925c-932141c3545f,100415d8-2c1a-478f-bbf3-65df443bb45f,0.9540577531078662
14562170-931f-4ba1-925c-932141c3545f,10049b5d-cf44-4b64-b8dd-8aeea432b697,0.7651282830649357
14562170-931f-4ba1-925c-932141c3545f,10049dc8-419c-419c-bf7b-b49067dd0f28,0.9012198155217492
14562170-931f-4ba1-925c-932141c3545f,10062773-8d26-44ee-8779-a3ef35703d22,0.8620573473567675
14562170-931f-4ba1-925c-932141c3545f,10074605-945a-4ea2-9107-0362cb6f66ac,0.9578924997913908
14562170-931f-4ba1-925c-932141c3545f,100865af-6351-4359-8b69-b9421dde368e,0.6938909141571965
14562170-931f-4ba1-925c-932141c3545f,100a937a-2c38-4540-a178-59ff07081469,0.6061505089129433
14562170-931f-4ba1-925c-932141c3545f,100a9e41-a612-444c-84b2-3d30920b9700,0.7411755742937363
14562170-931f-4ba1-925c-932141c3545f,100d46c2-d543-4d4d-a0f0-2c0711ac2441,0.9116951909771216
14562170-931f-4ba1-925c-932141c3545f,100dcbf0-57aa-4033-a51f-13a4c8fe001a,0.8723637217613427
14562170-931f-4ba1-925c-932141c3545f,100de2a1-ae13-421e-99ea-fd17ef1db80b,0.8376954104841019
14562170-931f-4ba1-925c-932141c3545f,100e02eb-466c-4420-b248-7326aeb5cc06,0.9527056806567
14562170-931f-4ba1-925c-932141c3545f,100f97a5-a20d-4766-8871-9c7a8fc5ba8a,0.9318821813458096
14562170-931f-4ba1-925c-932141c3545f,100fcdf0-086e-4778-ba14-d0e3c80da9f5,0.8262731887020023
14562170-931f-4ba1-925c-932141c3545f,10101120-4464-44b3-a225-1a91b20ae8be,0.8901586804393673
14562170-931f-4ba1-925c-932141c3545f,10147852-6a38-43f5-bdf1-71563b39a278,0.9034762652507682
14562170-931f-4ba1-925c-932141c3545f,10155e83-5b96-4fcf-bd70-e8cdcfc48254,0.7969891881914796
14562170-931f-4ba1-925c-932141c3545f,1015db07-baa2-406a-8c87-4b0941a43aed,0.7779498710580811
14562170-931f-4ba1-925c-932141c3545f,10163477-c11b-4b66-b570-b4fecbe45153,0.83440199072515
14562170-931f-4ba1-925c-932141c3545f,101690a5-2f6d-43fb-8ca6-aba41395a090,0.8369362645792853
14562170-931f-4ba1-925c-932141c3545f,101971d7-ad9d-434b-a6c7-11b4c6e5cc6a,0.8957913397861659
14562170-931f-4ba1-925c-932141c3545f,101b5421-3eba-4292-8a06-03983de0e37a,0.936355971259432
14562170-931f-4ba1-925c-932141c3545f,101b8b13-9d6f-4a0b-8b7a-15c63656ddc4,0.5968467424289056
14562170-931f-4ba1-925c-932141c3545f,101c9566-bf7c-4fbd-9b72-6b340445f9e2,0.8202136492860209
14562170-931f-4ba1-925c-932141c3545f,101f1bf0-d48c-4db8-bf8c-f6dfd8ee1040,0.8345689114958008
14562170-931f-4ba1-925c-932141c3545f,101f490e-a14c-4d89-9fcf-92fae34b32c4,0.73554028396165
14562170-931f-4ba1-925c-932141c3545f,1020d125-6388-4b5d-8da1-df1d80e91b6c,0.9260958354632138
14562170-931f-4ba1-925c-932141c3545f,1021df2f-fda2-421f-958c-a5c971abc894,0.7287524609518444
14562170-931f-4ba1-925c-932141c3545f,1021e4d8-7a30-4aaf-a21b-fec78a1b779d,0.8644636742526647
14562170-931f-4ba1-925c-932141c3545f,10223329-79c6-42fb-b870-df6a7e440f5b,0.8045019391285295
14562170-931f-4ba1-925c-932141c3545f,10226a51-fc62-4238-bc56-5125d614f9d3,0.9296269300329634
14562170-931f-4ba1-925c-932141c3545f,1022b5ae-3f46-4c6d-86cd-a3ddeb3598de,0.8663514057287988
14562170-931f-4ba1-925c-932141c3545f,10235aba-ff52-4b78-9cba-547a4938da78,0.8802929341654413
14562170-931f-4ba1-925c-932141c3545f,1023c1f4-08eb-42ec-9d81-952c7267a272,0.9520044156973616
14562170-931f-4ba1-925c-932141c3545f,10242ebd-a03d-44fd-8731-9e6ebcb24642,0.8832156428733551
14562170-931f-4ba1-925c-932141c3545f,10248f5f-e7e9-4438-a3c3-64fc148a0edb,0.9047427196417952
14562170-931f-4ba1-925c-932141c3545f,1024e317-6d26-4043-86bc-b4212c71c3fc,0.713057527619507
14562170-931f-4ba1-925c-932141c3545f,10267418-8229-4f9f-a275-5d24476536bf,0.9358789884090536
14562170-931f-4ba1-925c-932141c3545f,1026eae0-ab77-41d7-ad12-a2238f25fc5c,0.7199222833247898
14562170-931f-4ba1-925c-932141c3545f,102997bb-5ba6-45de-99a0-0f55a3424228,0.9376612111417248
14562170-931f-4ba1-925c-932141c3545f,102a3e2e-26ff-4bef-8bd8-92bee98141fb,0.811838578414532
14562170-931f-4ba1-925c-932141c3545f,102df44e-24de-4a23-bae4-43cdb247c11a,0.9386827355069332
14562170-931f-4ba1-925c-932141c3545f,102e0835-23ee-4ed4-8c6c-701087c6313d,0.8624405018971267
14562170-931f-4ba1-925c-932141c3545f,102ea561-62d9-46c1-bd33-3d3895aa828e,0.8773691441501429
14562170-931f-4ba1-925c-932141c3545f,102f1f3a-dd2b-4190-b167-5016d0d2b2b6,0.7999142400361369
14562170-931f-4ba1-925c-932141c3545f,102fd379-27de-4ef4-af59-3f9989a74aea,0.8441212497517097
14562170-931f-4ba1-925c-932141c3545f,10313064-60cf-4614-99a4-4eb08191290e,0.9590088946157204
14562170-931f-4ba1-925c-932141c3545f,10316979-2639-4f97-901a-cc5718e47c1e,0.9349149586694724
14562170-931f-4ba1-925c-932141c3545f,10331021-96ef-42ff-a49c-aa584feeddfa,0.9507055477893592
14562170-931f-4ba1-925c-932141c3545f,1033b158-1164-44e7-8349-c8ba071f2144,0.6095212480428019
14562170-931f-4ba1-925c-932141c3545f,1034254b-249f-4001-b836-893230a90d9a,0.4539786228111989
14562170-931f-4ba1-925c-932141c3545f,10368956-4bad-45e8-a3e8-d0565e1904ed,0.8430912961768512
14562170-931f-4ba1-925c-932141c3545f,10370652-3421-4f7b-966a-27de7462f690,0.94705422921714
14562170-931f-4ba1-925c-932141c3545f,10389101-b874-4e18-937e-5e994fdbd6f1,0.8822009661059143
14562170-931f-4ba1-925c-932141c3545f,10389637-5c16-4c7b-9f94-240d92b293e7,0.922085053296
14562170-931f-4ba1-925c-932141c3545f,1038f4d0-b6b8-4af6-a289-4da188aed40d,0.932845937015698
14562170-931f-4ba1-925c-932141c3545f,1039b689-0ddc-4696-a050-0f2ee983f1d8,0.8456805667227717
14562170-931f-4ba1-925c-932141c3545f,103b616b-fad8-48cb-98a0-5aab958f4bf7,0.9237800769463784
14562170-931f-4ba1-925c-932141c3545f,103ca67f-e785-4918-87da-d7b74ec2f72b,0.9284764311081414
14562170-931f-4ba1-925c-932141c3545f,103cd6ef-2b26-4f0f-9ee8-61e2cdd13304,0.9778322739529368
14562170-931f-4ba1-925c-932141c3545f,103cebc7-245d-41af-8c24-07cbbf2eac1c,0.7705778692649161
14562170-931f-4ba1-925c-932141c3545f,103ddc6c-7c65-4c07-bdbf-f8359376deac,0.8668337840854138
14562170-931f-4ba1-925c-932141c3545f,103e78f9-5ca8-44ff-a668-7bc59da177de,0.9390254682993218
14562170-931f-4ba1-925c-932141c3545f,103fcbbb-1435-4b21-b2ac-1fd7d9bb650f,0.8230958956508988
14562170-931f-4ba1-925c-932141c3545f,10411d66-6102-413f-a391-8d9cab5cea87,0.9328092430484368
14562170-931f-4ba1-925c-932141c3545f,104152c6-b418-4435-95d7-fc600af71b85,0.5645550826466009
14562170-931f-4ba1-925c-932141c3545f,10415d17-46ae-4ebd-9fe4-4f8f4827cda1,0.8613965387771564
14562170-931f-4ba1-925c-932141c3545f,104200fa-509b-4a9a-8297-ac39daf38b94,0.7309567734029895
14562170-931f-4ba1-925c-932141c3545f,1043ee95-e164-4b80-9f77-d23a0991995d,0.5939454299799661
14562170-931f-4ba1-925c-932141c3545f,10450ee7-e085-4865-b3e1-18a5bc99a436,0.8010275290408667
14562170-931f-4ba1-925c-932141c3545f,10455b39-8b71-4dc0-9c08-cd0f03cdacbe,0.9351471208092602
14562170-931f-4ba1-925c-932141c3545f,10468bd3-b845-4108-81c9-8bedb7af6a24,0.9824773457459468
14562170-931f-4ba1-925c-932141c3545f,1046c6d6-89f6-4fee-a1a8-e5489da6efef,0.7763500259475551
14562170-931f-4ba1-925c-932141c3545f,1046c883-c2a6-4063-9432-f5dd2899db58,0.6792083065775585
14562170-931f-4ba1-925c-932141c3545f,1046e4bb-97ba-4e45-a362-4d6c58f2086f,0.7921056130771214
14562170-931f-4ba1-925c-932141c3545f,104857d4-b662-41b6-b821-2ffdefde9b90,0.565512441321837
14562170-931f-4ba1-925c-932141c3545f,10490b6f-c055-4cd0-bf72-553e50399813,0.8851598396923983
14562170-931f-4ba1-925c-932141c3545f,104b2544-708e-44c9-b044-3b6908c03395,0.9095520730902932
14562170-931f-4ba1-925c-932141c3545f,104b2617-9f8e-49be-b0eb-8dadb2619eab,0.9223667933695188
14562170-931f-4ba1-925c-932141c3545f,104cb2f1-ae02-4ca1-91dc-3108e9ee887e,0.9877658410643628
14562170-931f-4ba1-925c-932141c3545f,104f3ec1-220a-4981-8646-4e6213bf4063,0.9398943682732002
14562170-931f-4ba1-925c-932141c3545f,10509b1c-dc76-4014-8e39-b61e22ebaf62,0.853855834547603
14562170-931f-4ba1-925c-932141c3545f,10517278-3d5a-499e-a64f-f93eea56e956,0.8455432785447792
14562170-931f-4ba1-925c-932141c3545f,1051fc52-5e4f-4a64-a7f6-ef74b866202c,0.7873836000271754
14562170-931f-4ba1-925c-932141c3545f,10532df8-9e76-4d2e-81e2-70936c0b5674,0.9381195563938406
14562170-931f-4ba1-925c-932141c3545f,10539e89-fd45-4bcc-b7af-d244b190a920,0.9041332657522764
14562170-931f-4ba1-925c-932141c3545f,10545c22-56b3-4146-bd66-9d463fc0c946,0.8866891896457434
14562170-931f-4ba1-925c-932141c3545f,1055900e-eec3-4639-9366-751b1f0c0dbd,0.920223304948774
14562170-931f-4ba1-925c-932141c3545f,10565cb3-99f2-4099-8c67-804f79eb4814,0.732321457392902
14562170-931f-4ba1-925c-932141c3545f,105902d8-491d-4ca6-bf36-cd41466ea0f7,0.8674801016432478
14562170-931f-4ba1-925c-932141c3545f,1059ee39-c287-4a9c-8a5f-87570840a7e7,0.8158504187510864
14562170-931f-4ba1-925c-932141c3545f,105a52c4-3ddb-4561-bef5-d0bb8ad4f8d6,0.7601337494233654
14562170-931f-4ba1-925c-932141c3545f,105b4b57-94a2-4caa-8248-6789fdf14771,0.898035314701529
14562170-931f-4ba1-925c-932141c3545f,105be668-64e6-43da-9d09-185fe3ba1e03,0.9358291283543086
14562170-931f-4ba1-925c-932141c3545f,105cb05f-b58e-4f54-ae5f-7ea8bd911768,0.7050890874350396
14562170-931f-4ba1-925c-932141c3545f,105dac11-c9b4-40dc-a7fd-731f52f0a427,0.9203668953523654
14562170-931f-4ba1-925c-932141c3545f,105e8f0d-d447-4346-8103-cda5a3c6e117,0.9732815717671712
14562170-931f-4ba1-925c-932141c3545f,106106a6-bf20-4d52-a139-f22479deec03,0.7104432760837871
14562170-931f-4ba1-925c-932141c3545f,10629c71-4ec7-438e-8601-bd89f9b4542c,0.758349674449699
14562170-931f-4ba1-925c-932141c3545f,1062aa9e-dee5-43c1-90a2-0211465d49d1,0.8120762503186264
14562170-931f-4ba1-925c-932141c3545f,1063cc2f-4a5e-47ab-9347-579488f3ea9d,0.6337602030678365
14562170-931f-4ba1-925c-932141c3545f,1068ebf0-1354-48d7-9425-740861beb9fc,0.867954355767153
14562170-931f-4ba1-925c-932141c3545f,106c9941-7b7e-4c35-b5df-a4bc2fcd5cf3,0.8381242982756236
14562170-931f-4ba1-925c-932141c3545f,106cffaf-a227-4278-9e25-09590c379d23,0.913408498612298
14562170-931f-4ba1-925c-932141c3545f,106d8a0a-0daa-4a7e-b2c0-11762dce6006,0.9466811831255332
14562170-931f-4ba1-925c-932141c3545f,106efaa1-a773-40d3-a2ff-e6a5578bf9d6,0.86663381930729
14562170-931f-4ba1-925c-932141c3545f,106f08fb-ba84-46f8-aac7-9cea94c58e96,0.7801879890270776
14562170-931f-4ba1-925c-932141c3545f,1070b59d-a766-4357-9252-eda5ba56a5d5,0.8898965395062374
14562170-931f-4ba1-925c-932141c3545f,1070b709-7bfa-485d-a4a8-acf5481bbe6e,0.9590395407782591
14562170-931f-4ba1-925c-932141c3545f,1071ba4d-2089-4f20-ac48-f5eb461a9a67,0.907417431364779
14562170-931f-4ba1-925c-932141c3545f,107617d2-4a23-4c5d-8d46-150741fa38e6,0.8047044775763853
14562170-931f-4ba1-925c-932141c3545f,107743b7-422f-4345-84e9-4834a8beccb1,0.929923583125777
14562170-931f-4ba1-925c-932141c3545f,10789052-7639-473e-9ba0-cad9d97eac7c,0.9270901394673466
14562170-931f-4ba1-925c-932141c3545f,10798337-5f1e-4663-a335-32df439e2ea8,0.7357665622881048
14562170-931f-4ba1-925c-932141c3545f,10798e11-e135-46f2-9beb-d8a7bffce89f,0.8632308701156287
14562170-931f-4ba1-925c-932141c3545f,1079ece7-78f2-4fc2-9e71-fb3e635e2982,0.7159644672627495
14562170-931f-4ba1-925c-932141c3545f,107a090f-bc3d-434b-8b69-c7b446ceaafa,0.912302326237761
14562170-931f-4ba1-925c-932141c3545f,107a3d93-9577-4156-90ba-65d0deddb7da,0.9341427439824632
14562170-931f-4ba1-925c-932141c3545f,107bf80c-1232-459d-819e-d9f48b38f639,0.7914555923961208
14562170-931f-4ba1-925c-932141c3545f,107fdf58-d48c-4bc7-bbd4-74041a5e7359,0.9429863520410586
14562170-931f-4ba1-925c-932141c3545f,108005db-0c29-4128-962f-d3abfd4902ac,0.8162554152303908
14562170-931f-4ba1-925c-932141c3545f,1084258a-8c19-4157-8088-b0bde2f44cf5,0.9265484130615176
14562170-931f-4ba1-925c-932141c3545f,10845c5a-db7c-469b-92b0-efe8337017d7,0.974126948156254
14562170-931f-4ba1-925c-932141c3545f,10855b13-2bf7-4d6c-9b9a-d424ecb19b3e,0.7762342865899028
14562170-931f-4ba1-925c-932141c3545f,10894429-192b-4407-85f1-e8750ac20482,0.9135695824445116
14562170-931f-4ba1-925c-932141c3545f,10897de6-37c6-4c7c-83c3-020508078b98,0.8671938845796455
14562170-931f-4ba1-925c-932141c3545f,108a71b1-731a-40da-97f7-8a8f43a86e70,0.9160449256844558
14562170-931f-4ba1-925c-932141c3545f,108bd162-e7b4-476c-a700-33cec76cdf0c,0.9010431070045416
14562170-931f-4ba1-925c-932141c3545f,108c7db9-4393-4e74-85d4-ce9114b08914,0.7372271560931957
14562170-931f-4ba1-925c-932141c3545f,108de0f2-d48d-4b06-9be9-0683cc630a6e,0.8335777891853782
14562170-931f-4ba1-925c-932141c3545f,108e9e65-5635-478c-ab32-e0be92e016a2,0.471449240249518
14562170-931f-4ba1-925c-932141c3545f,108fa917-bb27-4421-9be3-50ed9d931c58,0.20885482708755
14562170-931f-4ba1-925c-932141c3545f,108fc6db-b7f7-4645-904e-5f32f63dab52,0.8594213825984826
14562170-931f-4ba1-925c-932141c3545f,10933ec4-6397-4906-a623-b21e3e4f9177,0.4229353234974083
14562170-931f-4ba1-925c-932141c3545f,10939e0c-6bef-434e-84f6-eea63f0e90ca,0.9443794591403244
14562170-931f-4ba1-925c-932141c3545f,1093e307-cbb9-45d6-895d-a3660635f68f,0.9334152258847392
14562170-931f-4ba1-925c-932141c3545f,1094433b-d8ea-4f4d-9ae9-2a66507ef2f7,0.8938567630149141
14562170-931f-4ba1-925c-932141c3545f,1094c9f2-d6ec-442f-8d6c-c073008b8ad0,0.4779773141471372
14562170-931f-4ba1-925c-932141c3545f,1095e4dc-40e4-4a2a-be74-3a25e3318519,0.9131482699969338
14562170-931f-4ba1-925c-932141c3545f,1096213c-fa3a-4dc1-8f77-fbfd10a7dbc8,0.8851152647640523
14562170-931f-4ba1-925c-932141c3545f,1098a748-6d10-49d4-b3f6-63b9d86496ae,0.856336278938598
14562170-931f-4ba1-925c-932141c3545f,1098ca77-a158-4b9c-86d5-eaeac4c4905b,0.8098223413193695
14562170-931f-4ba1-925c-932141c3545f,10990315-ddb3-4e41-84ff-6928943ec4a4,0.9404067438805738
14562170-931f-4ba1-925c-932141c3545f,109926de-f445-4a30-8d55-dfe66c915453,0.9263751050750744
14562170-931f-4ba1-925c-932141c3545f,109a43fd-19e7-473b-a0fc-035353e77f2c,0.9359841692891134
14562170-931f-4ba1-925c-932141c3545f,109a6141-db08-4e40-bf18-c53098ec3a24,0.9630906581187428
14562170-931f-4ba1-925c-932141c3545f,109d2648-83f6-4ee8-97e7-5c2b6d540679,0.8123207835538028
14562170-931f-4ba1-925c-932141c3545f,109ea567-bd06-42f6-9dce-ed8769fb68af,0.8843040698212511
14562170-931f-4ba1-925c-932141c3545f,10a532c3-c379-429e-a01b-d8fc91cc6368,0.9214144248364984
14562170-931f-4ba1-925c-932141c3545f,10a966f9-477a-4178-a187-c5b3f6aa0291,0.8889106990996644
14562170-931f-4ba1-925c-932141c3545f,10ab68be-bc19-4d16-8a16-1073b1c5dabe,0.8456843990286775
14562170-931f-4ba1-925c-932141c3545f,10ab7957-ef7c-4a2d-980e-844d10a10f41,0.7454335218507797
14562170-931f-4ba1-925c-932141c3545f,10abf249-226f-43e8-b050-a8622ea6747a,0.5002815060499327
14562170-931f-4ba1-925c-932141c3545f,10b0f657-46bc-415d-b8f1-858485642940,0.7799286593231298
14562170-931f-4ba1-925c-932141c3545f,10b371f6-7a97-4963-926f-8656b35a86f7,0.6610776111935674
14562170-931f-4ba1-925c-932141c3545f,10b3d2e8-78f8-4793-abb8-24b9ba3c8ce5,0.9741290822783436
14562170-931f-4ba1-925c-932141c3545f,10b4e3a1-4a98-443f-948e-b0adf6c41118,0.9691242054556132
14562170-931f-4ba1-925c-932141c3545f,10b4f320-d65c-4e28-ba4e-0aa74891d0d0,0.910492918231062
14562170-931f-4ba1-925c-932141c3545f,10b86f68-8706-4830-ac8b-2d6d91c6f233,0.9163290452349296
14562170-931f-4ba1-925c-932141c3545f,10b875e9-2616-45b3-813f-04760310f4c7,0.9076396762164244
14562170-931f-4ba1-925c-932141c3545f,10bbfcd0-32b8-4f88-85a8-883331b46660,0.8441068759204493
14562170-931f-4ba1-925c-932141c3545f,10bc49b3-67fd-41e6-aec0-0354e278ef18,0.8616938806522941
14562170-931f-4ba1-925c-932141c3545f,10be4eb2-8d5e-459c-b6d5-fbf775a44ddf,0.7954494741786536
14562170-931f-4ba1-925c-932141c3545f,10be549b-5292-4ea0-a34f-729487fe1ea8,0.7457945371322858
14562170-931f-4ba1-925c-932141c3545f,10be965e-6cbc-4010-86b4-b629ac59d7ca,0.9403978984756098
14562170-931f-4ba1-925c-932141c3545f,10c0272e-c5c2-4b95-ae2a-d2753df37f7c,0.9195052134454442
14562170-931f-4ba1-925c-932141c3545f,10c11896-ca62-4e72-a29c-acf7b0606ec0,0.8357260258354894
14562170-931f-4ba1-925c-932141c3545f,10c236c7-84a6-4e66-9bfd-b5117ba8b4cf,0.3433588614810279
14562170-931f-4ba1-925c-932141c3545f,10c4f250-8b4c-43d9-91cd-e002da715ba5,0.9238214546486216
14562170-931f-4ba1-925c-932141c3545f,10c56b80-1996-412d-aad3-67da6c0089a5,0.8914219417255128
14562170-931f-4ba1-925c-932141c3545f,10c61809-915f-4721-a957-ed399bf36c9e,0.6462997075589765
14562170-931f-4ba1-925c-932141c3545f,10c64845-4e63-4eab-bc5c-5d7b6c338492,0.8258307035506509
14562170-931f-4ba1-925c-932141c3545f,10c9052a-da15-4568-8c18-d8c67a7287af,0.974716241832157
14562170-931f-4ba1-925c-932141c3545f,10ca797e-4ed5-4a6c-bf90-09012ca39d4f,0.9256033098984756
14562170-931f-4ba1-925c-932141c3545f,10cb8565-7279-41b4-ad7d-18e8a874cd95,0.9420354782965614
14562170-931f-4ba1-925c-932141c3545f,10cc00c7-c662-42f4-a388-1a1c9764e0e2,0.7431575834083342
14562170-931f-4ba1-925c-932141c3545f,10cc21d3-76ec-4b41-8952-5702956b4fa9,0.9512471072380548
14562170-931f-4ba1-925c-932141c3545f,10cea28e-88b8-4acf-abce-4f5ae6e54577,0.5169237653531032
14562170-931f-4ba1-925c-932141c3545f,10d53d41-fb4d-4528-8e58-715031d8fcee,0.7523019597809057
14562170-931f-4ba1-925c-932141c3545f,10d6e8e5-3ea0-4078-aff7-b44f3509dd06,0.5526311083357297
14562170-931f-4ba1-925c-932141c3545f,10d8c953-7d0d-4c51-945e-5d65c055866b,0.951379732381858
14562170-931f-4ba1-925c-932141c3545f,10d916d7-99d3-4728-8ff3-bfada773e0be,0.8605151067678406
14562170-931f-4ba1-925c-932141c3545f,10d95e75-8d87-4846-9b49-99fe1d9487ac,0.9323952665260457
14562170-931f-4ba1-925c-932141c3545f,10d9874c-75b7-4368-a1f0-c52dac828541,0.7828768015351213
14562170-931f-4ba1-925c-932141c3545f,10d9a95a-bd09-432a-b702-ff6a976a58ae,0.7994471616994262
14562170-931f-4ba1-925c-932141c3545f,10d9bc7b-803c-4580-91b1-ad37b4816cff,0.5093889599979482
14562170-931f-4ba1-925c-932141c3545f,10db8da8-a54d-451f-9adf-c46ad1399a6d,0.969960343208063
14562170-931f-4ba1-925c-932141c3545f,10dd4bba-a01d-4f86-8586-872c32efe6f5,0.8916946304813196
14562170-931f-4ba1-925c-932141c3545f,10dde2e9-d0fa-418f-8285-ef0fc1b96656,0.861844815147232
14562170-931f-4ba1-925c-932141c3545f,10e306ce-b18b-4301-824c-5e5d20f21000,0.8733413202423573
14562170-931f-4ba1-925c-932141c3545f,10e390b8-8d6b-4ad2-9d5a-ea95fb1983c2,0.843367400809258
14562170-931f-4ba1-925c-932141c3545f,10e4398d-3acc-4367-800d-c016beb0ba74,0.6349685495046735
14562170-931f-4ba1-925c-932141c3545f,10e687a8-1f9f-47c5-8507-8a4fdb34223b,0.8682810621700022
14562170-931f-4ba1-925c-932141c3545f,10e93caf-bb7e-44ea-91c5-a2a5bb80b1ff,0.8993427076160623
14562170-931f-4ba1-925c-932141c3545f,10e98a82-57cd-4a9b-9928-7f053bf7b680,0.8950932589341491
14562170-931f-4ba1-925c-932141c3545f,10eac019-4abf-4461-abfc-3f38e2fb4fd3,0.5626615705282524
14562170-931f-4ba1-925c-932141c3545f,10ec00a5-a6ce-42d2-bf08-c3e3a114e690,0.8773562445412582
14562170-931f-4ba1-925c-932141c3545f,10ee2557-5202-4070-afbf-4e05bad5eddd,0.9160780936558774
14562170-931f-4ba1-925c-932141c3545f,10eef0db-96ca-40d3-a67d-35342064e804,0.7071548954336546
14562170-931f-4ba1-925c-932141c3545f,10ef2c25-2948-4624-a62e-56dd2eeb7299,0.8333628820534864
14562170-931f-4ba1-925c-932141c3545f,10ef959b-6675-4b27-9f7f-237ba0fc6917,0.900529884144747
14562170-931f-4ba1-925c-932141c3545f,10efa845-35c5-43cf-933f-1b0745143f0a,0.5855015870874417
14562170-931f-4ba1-925c-932141c3545f,10f0ca3b-8011-4c22-9986-a50760b8259f,0.6402776664268062
14562170-931f-4ba1-925c-932141c3545f,10f78a2a-35ee-4fa0-a9cb-cb03294bd2ae,0.9474213138278722
14562170-931f-4ba1-925c-932141c3545f,10fb22e3-0142-48d6-9cfd-980dbb99cff3,0.9393631023392416
14562170-931f-4ba1-925c-932141c3545f,10fb4b6e-fbd8-495e-99dd-38a2cf67a904,0.7916425966499909
14562170-931f-4ba1-925c-932141c3545f,10fec6ec-f5d3-46dd-8396-0a71d950874c,0.7846728404735159
14562170-931f-4ba1-925c-932141c3545f,110019a1-99e4-4e35-9a8e-92e3173dfacc,0.732829296381401
14562170-931f-4ba1-925c-932141c3545f,110026d0-951f-4572-8a95-2d38c4ddb587,0.8660383553308928
14562170-931f-4ba1-925c-932141c3545f,1101f55b-ece6-40a1-89aa-a9246d6fdf3a,0.7178925324488761
14562170-931f-4ba1-925c-932141c3545f,1102c646-abc5-43fe-b59f-01ee9b6d62e2,0.8939932209509165
14562170-931f-4ba1-925c-932141c3545f,11044d09-78f7-4b31-ab2c-bc60dbb7ff74,0.7017271425228513
14562170-931f-4ba1-925c-932141c3545f,11049046-0c08-44b1-82c0-3ae49037b39a,0.9497184508740432
14562170-931f-4ba1-925c-932141c3545f,1104ac6a-1713-4b4f-9559-e19e88abcb6b,0.7499763571955528
14562170-931f-4ba1-925c-932141c3545f,1104ed43-bc53-4b04-92ca-3032fbfc8983,0.7956675610758674
14562170-931f-4ba1-925c-932141c3545f,1105f229-1ae3-45ca-b92a-7d6ebaa32dfd,0.8821403406262932
14562170-931f-4ba1-925c-932141c3545f,11085bc5-5dc3-4ce7-9473-9b4ec3960bd2,0.9687078046487358
14562170-931f-4ba1-925c-932141c3545f,1108b9df-12bd-41f1-883c-ecac7ba31870,0.6028730269861173
14562170-931f-4ba1-925c-932141c3545f,11098393-051f-4848-a5a4-7ff051f364ed,0.7990293401935425
14562170-931f-4ba1-925c-932141c3545f,110e64c9-03e1-4bff-8e15-ce232c50eb38,0.9189924666453176
14562170-931f-4ba1-925c-932141c3545f,110fc9cd-e224-44a5-a874-d1387a153c7c,0.9563986241314848
14562170-931f-4ba1-925c-932141c3545f,111046f1-c6eb-4366-9c62-cc750f9eb7b6,0.9198824611234048
14562170-931f-4ba1-925c-932141c3545f,1110d426-f6c0-4d71-90be-cce1b3b7cf27,0.8117496217173448
14562170-931f-4ba1-925c-932141c3545f,1111d3fc-3ca4-4c7b-aded-a31489198510,0.9632206098082832
14562170-931f-4ba1-925c-932141c3545f,1111d67e-0736-4a1e-91b2-37d8382df513,0.8362941399846675
14562170-931f-4ba1-925c-932141c3545f,1112bd69-557d-4c60-928b-2f561fdcbadf,0.8532427243723868
14562170-931f-4ba1-925c-932141c3545f,1112d397-7e66-4060-b919-3586d3f59947,0.8878906242789825
14562170-931f-4ba1-925c-932141c3545f,1114127f-54e6-407e-8aa2-6ba9b1269499,0.9055228588401892
14562170-931f-4ba1-925c-932141c3545f,1115b2d6-53d4-467d-ac96-066370607b47,0.6612035758022587
14562170-931f-4ba1-925c-932141c3545f,1116157d-2801-471f-b603-1e3be1c2b359,0.6110615001989278
14562170-931f-4ba1-925c-932141c3545f,111620b9-4f7d-49d2-aeb8-e89864d7f6c3,0.8584968059837144
14562170-931f-4ba1-925c-932141c3545f,111744d2-501d-4d1b-b926-f9ffcf8a2b0d,0.8613378147790699
14562170-931f-4ba1-925c-932141c3545f,1118d789-4791-4016-a1a5-a25708a25d60,0.8503742146205572
14562170-931f-4ba1-925c-932141c3545f,1119158e-e908-4b9b-9f95-4529878699d6,0.7576689847147012
14562170-931f-4ba1-925c-932141c3545f,111a12d7-711e-4dce-bab3-c57a76184b0f,0.7780448551132982
14562170-931f-4ba1-925c-932141c3545f,111b0c0c-89ea-45b3-8561-bf21d9db9118,0.9286824096986658
14562170-931f-4ba1-925c-932141c3545f,111b232c-436a-49c4-b31f-e0bb23cfea26,0.6260252449662451
14562170-931f-4ba1-925c-932141c3545f,111b9f39-4933-423d-b104-996e7efefcbb,0.8969811693787128
14562170-931f-4ba1-925c-932141c3545f,111cf89f-3fe6-4c72-819a-b92649b5d5a7,0.9263036486246072
14562170-931f-4ba1-925c-932141c3545f,111f0e20-28d0-467e-a6b5-da5fe5944471,0.9153390780364232
14562170-931f-4ba1-925c-932141c3545f,111fbbfa-5d6a-4ebb-8655-531a65fc2344,0.91777528841453
14562170-931f-4ba1-925c-932141c3545f,111fcb4d-a454-46e6-9fac-812355ab9369,0.916433875790252
14562170-931f-4ba1-925c-932141c3545f,11202a09-9ed1-4e49-8121-fdd40922878e,0.880897810700102
14562170-931f-4ba1-925c-932141c3545f,11232da6-ae2f-4be3-9d98-8b863c744bed,0.8936549201966183
14562170-931f-4ba1-925c-932141c3545f,1123922e-ded9-4f39-ac00-2743a8ca017f,0.8351501732908198
14562170-931f-4ba1-925c-932141c3545f,11249b78-b46f-4c35-8274-61c13c1daa5f,0.9485148524960076
14562170-931f-4ba1-925c-932141c3545f,1124b01c-fee9-42d2-b3b9-12f4f608ce0c,0.8960530808910113
14562170-931f-4ba1-925c-932141c3545f,1124fedd-8ded-4ccd-b17b-3af934a6d299,0.894835265596039
14562170-931f-4ba1-925c-932141c3545f,11250bf8-c2f9-4d5f-8cf8-f1a3fa3f185c,0.9639094554351204
14562170-931f-4ba1-925c-932141c3545f,1125e44e-21e3-4135-8128-cae875790063,0.9178941036373216
14562170-931f-4ba1-925c-932141c3545f,1127cdb2-32a0-4653-9e0c-626d5a86fa2d,0.930231211043645
14562170-931f-4ba1-925c-932141c3545f,1128dfbb-3711-46f9-b80c-31e75247932d,0.9152155424128132
14562170-931f-4ba1-925c-932141c3545f,112c644a-a939-4148-a21c-6a34ffd752af,0.9539829293112068
14562170-931f-4ba1-925c-932141c3545f,112d14ec-58aa-4d8e-8bc4-a4c62eee4bfa,0.8581089950033037
14562170-931f-4ba1-925c-932141c3545f,1133bfb8-d3d6-4714-8977-6055ad71b957,0.7754750209635055
14562170-931f-4ba1-925c-932141c3545f,113408be-da47-445e-8b1d-97187b1b7b4c,0.8616836045721784
14562170-931f-4ba1-925c-932141c3545f,11343a23-9861-45d9-b2e9-1d5c875f6fde,0.8951987294048543
14562170-931f-4ba1-925c-932141c3545f,11349a10-e604-4b2a-9161-ece79b4f2ee2,0.8338774988506221
14562170-931f-4ba1-925c-932141c3545f,1134baf9-a953-4855-b05a-51b7b7123ffa,0.916262109487908
14562170-931f-4ba1-925c-932141c3545f,11354178-c2a8-43fb-aa46-9f654e6306c4,0.5368112895926961
14562170-931f-4ba1-925c-932141c3545f,1135f9e4-fa91-4127-81bf-e4535f50b99b,0.8922995083123845
14562170-931f-4ba1-925c-932141c3545f,11368c8f-b937-4a70-a56d-fed459450412,0.8657243543518389
14562170-931f-4ba1-925c-932141c3545f,11394269-355d-4789-a0fa-f83d5b2a1d63,0.8679205582746947
14562170-931f-4ba1-925c-932141c3545f,113b85bf-a7cb-46b3-8aa5-66285f304f4b,0.8454349889891887
14562170-931f-4ba1-925c-932141c3545f,113c3845-0ca2-438f-90a8-0e929c750535,0.9084599511309392
14562170-931f-4ba1-925c-932141c3545f,113f2b53-f864-4705-af0b-a345a16a767b,0.8880875832028178
14562170-931f-4ba1-925c-932141c3545f,11407ce1-d73b-427e-a9d1-dc99ea0614df,0.6899265448342898
14562170-931f-4ba1-925c-932141c3545f,1140dd36-5512-4385-8413-1fcb4cf30026,0.889326615734765
14562170-931f-4ba1-925c-932141c3545f,1140eec9-e30e-41f3-a0fe-27a87f8ce814,0.9059032209786548
14562170-931f-4ba1-925c-932141c3545f,11437823-8f6e-4a4d-9aa0-77a6783043b9,0.7797160317830285
14562170-931f-4ba1-925c-932141c3545f,11440f9b-9d08-4485-8dd4-f37779dfab83,0.8778579621726295
14562170-931f-4ba1-925c-932141c3545f,114526e9-f465-48ca-83d9-4860e14bf7f8,0.7516971789114706
14562170-931f-4ba1-925c-932141c3545f,1145d4b6-0568-4331-a5c1-870b679ec765,0.8395789639484561
14562170-931f-4ba1-925c-932141c3545f,114601f3-c3ff-4d7f-856b-56946d2bcc5d,0.8603251672110408
14562170-931f-4ba1-925c-932141c3545f,114704c0-18aa-4c55-9fea-d591b1808c81,0.7658568620439348
14562170-931f-4ba1-925c-932141c3545f,11496a93-cf58-41c8-be79-3b79d972b7fa,0.8953611639635215
14562170-931f-4ba1-925c-932141c3545f,114b8056-013d-4678-84d7-6c9898346b27,0.917563919307403
14562170-931f-4ba1-925c-932141c3545f,114c7a36-f293-42e6-966f-510f3411c498,0.8976835100088918
14562170-931f-4ba1-925c-932141c3545f,114e2230-17e4-49b1-815c-5c594832d8d0,0.9373683413349784
14562170-931f-4ba1-925c-932141c3545f,1151003d-ad03-4d06-9452-776bcc640e2a,0.8149017901329199
14562170-931f-4ba1-925c-932141c3545f,11510080-81ca-4828-9ead-d8a148ed76c9,0.9208537225476991
14562170-931f-4ba1-925c-932141c3545f,11519165-f4be-4c5a-90c2-b61124ef4972,0.6530861512946081
14562170-931f-4ba1-925c-932141c3545f,11544e6f-e6e8-4dbd-8bb3-56dee65c6f9b,0.7909240589011275
14562170-931f-4ba1-925c-932141c3545f,1154f9fb-db3c-42bb-9e99-dcf87ba7c2b8,0.8954016814688988
14562170-931f-4ba1-925c-932141c3545f,11551ba5-a19e-4d0d-92fb-3f9c8ad509ed,0.8744281222649269
14562170-931f-4ba1-925c-932141c3545f,115742ab-51ac-44f4-9695-8027a10f4a23,0.8663750769977637
14562170-931f-4ba1-925c-932141c3545f,1157ff52-520b-488c-941c-31db2ed3e8db,0.8843774634820594
14562170-931f-4ba1-925c-932141c3545f,11592f77-218d-4163-b189-74819d7fc78e,0.9659532969114372
14562170-931f-4ba1-925c-932141c3545f,11596857-2821-4ec9-b1d1-8323bf15d9b9,0.9345936057656072
14562170-931f-4ba1-925c-932141c3545f,115a5a80-995a-4d87-8644-1fe3c9143894,0.879826682135878
14562170-931f-4ba1-925c-932141c3545f,115e0fa5-2147-4a84-a034-318d5b18a790,0.8744201288477658
14562170-931f-4ba1-925c-932141c3545f,115eb4e6-b012-41ac-a150-77233419a8b7,0.81157971688616
14562170-931f-4ba1-925c-932141c3545f,115f1f51-0d30-4ba7-a420-21811962c2fa,0.8886067435884567
14562170-931f-4ba1-925c-932141c3545f,115f2408-b596-4865-8b74-fbdd10eaaede,0.8300701466132958
14562170-931f-4ba1-925c-932141c3545f,1162751c-93cb-4969-b323-c31866321a5d,0.9065262491933715
14562170-931f-4ba1-925c-932141c3545f,116289e5-e475-4da0-9fca-e647519a834c,0.8670935558205402
14562170-931f-4ba1-925c-932141c3545f,1163c524-4fc1-4a09-9e09-86ad7c931ed8,0.6569412790422905
14562170-931f-4ba1-925c-932141c3545f,11641b2a-8c69-4d23-8152-d523b380fe32,0.7718277371662409
14562170-931f-4ba1-925c-932141c3545f,116678fc-f121-43a6-abec-636d860bad54,0.926220152832408
14562170-931f-4ba1-925c-932141c3545f,116685a1-3248-419b-8de6-5b477f774427,0.7441762570636803
14562170-931f-4ba1-925c-932141c3545f,116708f9-d774-4f5d-b6d5-35437bb7fdcd,0.834144952598634
14562170-931f-4ba1-925c-932141c3545f,11671110-b4fb-4a7e-80bc-581c20bae519,0.945673590563744
14562170-931f-4ba1-925c-932141c3545f,1168efef-7c5f-4154-a718-1c1959899634,0.5787928853356473
14562170-931f-4ba1-925c-932141c3545f,1169eedc-212c-46b6-abf8-8dad76fa8e10,0.6769370075258526
14562170-931f-4ba1-925c-932141c3545f,116ad5ed-6102-4c34-8f93-269e5d8b55db,0.8902391744275122
14562170-931f-4ba1-925c-932141c3545f,116b6090-af96-4902-b51e-20b167e5c48c,0.9443165320358192
14562170-931f-4ba1-925c-932141c3545f,116c1027-97c2-4c56-b6c2-6bbb084d935e,0.9193124135924272
14562170-931f-4ba1-925c-932141c3545f,116cff91-b691-4957-a036-3182c205a31e,0.8317383077514865
14562170-931f-4ba1-925c-932141c3545f,116d53cf-7ed0-43de-849f-3c24362e821d,0.932806188764574
14562170-931f-4ba1-925c-932141c3545f,116e91e0-bfa6-4c3b-8892-d89adebcba96,0.9830823239788384
14562170-931f-4ba1-925c-932141c3545f,11716939-23b9-4ade-b7cb-042853ba878b,0.9014207779905472
14562170-931f-4ba1-925c-932141c3545f,1171b35d-a9df-434e-b701-f582f1ca365f,0.8517569489539132
14562170-931f-4ba1-925c-932141c3545f,11723bf9-a762-4197-b9d4-3de014c0fa56,0.7368671715950652
14562170-931f-4ba1-925c-932141c3545f,11733da7-cb77-47e5-8c36-f5b2e88890c7,0.9564173991813428
14562170-931f-4ba1-925c-932141c3545f,1173ecae-5fd5-40da-886b-3401bc1ba5df,0.875049790440774
14562170-931f-4ba1-925c-932141c3545f,1174cd9e-d5ef-4dd1-b98e-fad92d8c1fc3,0.8552823925075445
14562170-931f-4ba1-925c-932141c3545f,1175f5ee-44ad-4609-bafb-35da42552402,0.8873406287180453
14562170-931f-4ba1-925c-932141c3545f,117708cc-b822-43b6-b428-4c0939e1b0fd,0.4612956683256473
14562170-931f-4ba1-925c-932141c3545f,11777c5b-dafe-4f40-abf3-9a946084a01c,0.8669657310444155
14562170-931f-4ba1-925c-932141c3545f,117938f7-741a-4764-a9b4-f928d71ca633,0.7131788409423321
14562170-931f-4ba1-925c-932141c3545f,117966ea-9c3e-4d59-9736-1743db657270,0.821301099737496
14562170-931f-4ba1-925c-932141c3545f,117cd820-f685-4780-93d2-a6cacd00f5e2,0.8858446886973188
14562170-931f-4ba1-925c-932141c3545f,118652a4-1058-4f54-828e-b4b5186b600d,0.8571517300842716
14562170-931f-4ba1-925c-932141c3545f,1186b533-c494-418d-9b1b-0f15d1a397d4,0.8998641553246045
14562170-931f-4ba1-925c-932141c3545f,11877969-2853-4b5d-8790-fd2309195e8c,0.8963956308479232
14562170-931f-4ba1-925c-932141c3545f,118a8974-defe-491e-9472-fe06e20bd4ab,0.9111818932885934
14562170-931f-4ba1-925c-932141c3545f,118d2fdc-4a14-4398-aafe-059e35568d6a,0.8288155892914479
14562170-931f-4ba1-925c-932141c3545f,118f7f2a-11cf-4f1c-9836-79086e09c805,0.8182235602770094
14562170-931f-4ba1-925c-932141c3545f,118fc08e-604f-40e2-b8ad-d054c0e2333b,0.9424029692060156
14562170-931f-4ba1-925c-932141c3545f,118ff760-7c42-4fd7-8ea5-a96f1dc76dd7,0.8876792186450004
14562170-931f-4ba1-925c-932141c3545f,1190ac51-3ecc-4f87-881d-3af3237111d4,0.9041583910064308
14562170-931f-4ba1-925c-932141c3545f,11925b7c-3cfb-410b-abf3-4b471d449d18,0.4971202499933209
14562170-931f-4ba1-925c-932141c3545f,1192b665-12a5-48da-bbac-7baa72f18bf8,0.872828010146066
14562170-931f-4ba1-925c-932141c3545f,1192cfe0-2a37-48a1-95b7-686389cbbfc8,0.9316814352274008
14562170-931f-4ba1-925c-932141c3545f,11933e01-9b9a-481f-b8ba-8892b88f44e8,0.9175636887206876
14562170-931f-4ba1-925c-932141c3545f,11934398-bcc5-419a-9c2e-ea9440c3d555,0.8312986902540322
14562170-931f-4ba1-925c-932141c3545f,119366d7-58c0-4ec4-91c2-02d0a9ce025d,0.9401304527439162
14562170-931f-4ba1-925c-932141c3545f,1195df8d-58b1-42ec-87b4-c1c4991e713f,0.585467871256239
14562170-931f-4ba1-925c-932141c3545f,11960eb1-665e-4f69-bbd9-ce8897897263,0.7479274789917081
14562170-931f-4ba1-925c-932141c3545f,1197b0ce-eb66-4646-a5c7-14e4302384f5,0.8552804433679434
14562170-931f-4ba1-925c-932141c3545f,11984a31-d478-49e4-8922-078691a13f86,0.9041425673355444
14562170-931f-4ba1-925c-932141c3545f,11988062-15e9-4482-8940-1bde0a60fb86,0.8900017271745748
14562170-931f-4ba1-925c-932141c3545f,1198831c-428f-474b-8949-efd8e05125c2,0.9559741015377744
14562170-931f-4ba1-925c-932141c3545f,119bc421-2405-49d3-a68e-a813a17888c6,0.6197702442376049
14562170-931f-4ba1-925c-932141c3545f,119d7a1b-b155-45c1-83e3-57ce700330bf,0.8889436176607196
14562170-931f-4ba1-925c-932141c3545f,119dbd2b-2c20-4ece-8e32-31702a892cd2,0.5493339231063759
14562170-931f-4ba1-925c-932141c3545f,119e817c-e928-45ad-94b4-639211e82ef5,0.8900371898593802
14562170-931f-4ba1-925c-932141c3545f,11a0c64b-7eca-4bfe-8458-8ffefe773166,0.811654582332487
14562170-931f-4ba1-925c-932141c3545f,11a44535-ae7b-4725-94c4-d00ab66f6046,0.7339853973244177
14562170-931f-4ba1-925c-932141c3545f,11a51cf2-f423-4f58-97db-737fd455c3bf,0.5689184593516506
14562170-931f-4ba1-925c-932141c3545f,11a61997-6c76-47f1-a2dc-c1199fd74237,0.94561696877455
14562170-931f-4ba1-925c-932141c3545f,11aa0704-daa0-4ca6-a626-6b11053d579d,0.8307692599516235
14562170-931f-4ba1-925c-932141c3545f,11ab810a-00b7-435a-b95d-bd245384c3e0,0.8637462374713035
14562170-931f-4ba1-925c-932141c3545f,11abdab9-f698-48de-bbf6-f8e9ec221547,0.8681570801810156
14562170-931f-4ba1-925c-932141c3545f,11aca594-abdc-47c1-9515-39a37f7dba62,0.8977368802262624
14562170-931f-4ba1-925c-932141c3545f,11ad6f13-f2ab-448b-b0a4-e8821aed5410,0.87616877303348
14562170-931f-4ba1-925c-932141c3545f,11adf5de-46cb-4a16-877f-f4f7472f8338,0.8762328080194911
14562170-931f-4ba1-925c-932141c3545f,11af67e2-aa7d-4e44-a678-61c20c9a6e41,0.5225566272006257
14562170-931f-4ba1-925c-932141c3545f,11afc643-7c83-4cc5-b0bd-5e3ad78eb90c,0.9277091198484494
14562170-931f-4ba1-925c-932141c3545f,11aff0ab-cdee-4b69-a3a2-5f530286a749,0.9530526097699326
14562170-931f-4ba1-925c-932141c3545f,11b01b14-4980-457d-ab41-a11f64a52380,0.6638762704877845
14562170-931f-4ba1-925c-932141c3545f,11b11ebd-f3b9-4c17-8768-cc4b7ad8e910,0.7615763962606313
14562170-931f-4ba1-925c-932141c3545f,11b229c6-a6d9-46a5-8f5b-fcf3ac6f4186,0.858319540780771
14562170-931f-4ba1-925c-932141c3545f,11b26cac-9264-4cb2-851d-e641b9fc63af,0.7994230594527278
14562170-931f-4ba1-925c-932141c3545f,11b3e4b8-8c62-4146-9830-af4a75f1f759,0.9244802533173204
14562170-931f-4ba1-925c-932141c3545f,11b45e1a-cf0f-4db0-964e-b1b4a1269bdc,0.9213976829604466
14562170-931f-4ba1-925c-932141c3545f,11b499ed-b180-4233-a61a-fe912873c0f6,0.9475855900507688
14562170-931f-4ba1-925c-932141c3545f,11b6a530-9f09-41d6-8942-9c1cecf82278,0.9094856053135127
14562170-931f-4ba1-925c-932141c3545f,11b6c4db-b1a0-4233-aa1e-ad44ec262f44,0.7865516795007834
14562170-931f-4ba1-925c-932141c3545f,11b6e56c-200f-4eee-9df1-c0c17015edbf,0.714725567164472
14562170-931f-4ba1-925c-932141c3545f,11b77141-5f53-421a-8109-69e08525f5b1,0.8239772328814539
14562170-931f-4ba1-925c-932141c3545f,11b8ba91-d53a-4d8f-9475-7827b6986040,0.6560140010037774
14562170-931f-4ba1-925c-932141c3545f,11bb8386-8299-43ca-89cf-3532b03aab30,0.8591167515692004
14562170-931f-4ba1-925c-932141c3545f,11bb894b-1be7-4fcc-b0b5-6c6eacdd73aa,0.7753117253757893
14562170-931f-4ba1-925c-932141c3545f,11bd0d90-0a96-4b0e-a493-f2ec846a6cad,0.8989133888781407
14562170-931f-4ba1-925c-932141c3545f,11bd9659-f6ad-409f-9c35-e64a886c0c6c,0.8496856662739041
14562170-931f-4ba1-925c-932141c3545f,11bf4219-5505-4f6c-beee-364244cfa76a,0.8293630202474447
14562170-931f-4ba1-925c-932141c3545f,11bfa239-ced7-4e69-847a-c8a9800d11e1,0.906155772828152
14562170-931f-4ba1-925c-932141c3545f,11c096eb-c39f-4622-b1dd-7efecb7677f8,0.7732554567977543
14562170-931f-4ba1-925c-932141c3545f,11c1fc35-1f30-4e50-a839-8288138c9309,0.7164159260903832
14562170-931f-4ba1-925c-932141c3545f,11c61684-b830-496d-898a-e180029811f4,0.4102578265068308
14562170-931f-4ba1-925c-932141c3545f,11c641a1-5177-4eb6-a8ef-9f4e02e96f9f,0.9050976505946235
14562170-931f-4ba1-925c-932141c3545f,11c656cf-7775-435b-9dae-fde27234c36f,0.8703533756687573
14562170-931f-4ba1-925c-932141c3545f,11c790ab-0f6b-43a5-b864-50e5d76f2c1e,0.8716229130533302
14562170-931f-4ba1-925c-932141c3545f,11c960e7-bef3-478c-bb17-24da52ff0282,0.6652002637593949
14562170-931f-4ba1-925c-932141c3545f,11cc3945-2b8b-4940-a210-8334adb9406c,0.8868858441658761
14562170-931f-4ba1-925c-932141c3545f,11cecde3-e83c-4c99-abb0-a0549cfb46a0,0.9311638281456652
14562170-931f-4ba1-925c-932141c3545f,11cfc1bf-4abe-4077-a943-f505eb34748b,0.8024464996307215
14562170-931f-4ba1-925c-932141c3545f,11d0765b-e489-4182-9e6c-a0f136cb255a,0.9294885961169403
14562170-931f-4ba1-925c-932141c3545f,11d28ef7-46d8-43fb-b468-b99e9627dbfb,0.9259136284742544
14562170-931f-4ba1-925c-932141c3545f,11d2af65-c934-4335-9cd0-fb7065c8c522,0.760490792576738
14562170-931f-4ba1-925c-932141c3545f,11d2ef24-c8d2-4968-a930-2520512242b4,0.7384706188732089
14562170-931f-4ba1-925c-932141c3545f,11d38996-6fea-433a-966f-2604b86dfadd,0.7414298087394392
14562170-931f-4ba1-925c-932141c3545f,11d4deb9-75f1-4f7d-8d51-20e9f52e8172,0.8913547823012845
14562170-931f-4ba1-925c-932141c3545f,11d5090c-de15-492e-849e-6f345173dad9,0.894396211366493
14562170-931f-4ba1-925c-932141c3545f,11d78352-1979-401a-9fe1-7c3b59aa38b8,0.9087466876214156
14562170-931f-4ba1-925c-932141c3545f,11da2d4b-8b11-42f9-9515-8b09e86ff18c,0.9305044981600592
14562170-931f-4ba1-925c-932141c3545f,11dbe731-9b43-41af-86e2-c08083270b53,0.5135183137951841
14562170-931f-4ba1-925c-932141c3545f,11dcbb4b-8c73-4c18-ac78-7b5887c3adcb,0.8859517465825875
14562170-931f-4ba1-925c-932141c3545f,11dd7a45-7384-4452-9cae-f9c358ec3dea,0.8536152933127321
14562170-931f-4ba1-925c-932141c3545f,11de611d-3e2b-4791-93ce-8450fcea669b,0.9197329542895636
14562170-931f-4ba1-925c-932141c3545f,11defa57-560e-4fc8-91be-08b7a8b591bb,0.8362239830222926
14562170-931f-4ba1-925c-932141c3545f,11e166ff-a172-40df-94b8-50867cf39a2c,0.5553527918820065
14562170-931f-4ba1-925c-932141c3545f,11e1d743-f6af-49f1-adf1-f7f4cd2663d1,0.8940513561384833
14562170-931f-4ba1-925c-932141c3545f,11e37c0b-dee9-458d-9066-af484a32bfeb,0.9154252240954222
14562170-931f-4ba1-925c-932141c3545f,11e3d266-ca64-4d7c-8fdc-d7584785bd77,0.4720140828364694
14562170-931f-4ba1-925c-932141c3545f,11e415ad-918e-4c24-a046-36a8d9ac159f,0.8469252060265304
14562170-931f-4ba1-925c-932141c3545f,11e4bdbd-a425-4976-90e0-e25b2e5952ba,0.9221783425356872
14562170-931f-4ba1-925c-932141c3545f,11e4c96d-5162-4d97-9d48-dd7723d84a82,0.9207167967309964
14562170-931f-4ba1-925c-932141c3545f,11e5065a-499a-4da6-b073-daa360c73154,0.9057692706896356
14562170-931f-4ba1-925c-932141c3545f,11e56e73-59c7-4dd6-ac54-859b712e4c8a,0.9511668956670036
14562170-931f-4ba1-925c-932141c3545f,11e6080b-8ec5-48a8-b08b-8010ea10b62e,0.9167550466430108
14562170-931f-4ba1-925c-932141c3545f,11e6a6a0-6551-40e4-8395-ca8ce69ad3a3,0.633916995782294
14562170-931f-4ba1-925c-932141c3545f,11e8096c-0461-4c31-ad33-76eb08202ed7,0.6978308219615308
14562170-931f-4ba1-925c-932141c3545f,11e82047-66be-45c8-8db5-8a071e0b3175,0.8153793576946794
14562170-931f-4ba1-925c-932141c3545f,11e93dcf-812e-4851-9fea-23fead077e5e,0.8394628644662067
14562170-931f-4ba1-925c-932141c3545f,11e9c1c4-1991-49bb-960a-198cf3f9e5a8,0.9433105784207876
14562170-931f-4ba1-925c-932141c3545f,11e9fe4c-17af-4a74-8405-a6398bcbc2c4,0.8945597389223022
14562170-931f-4ba1-925c-932141c3545f,11ebca57-7aef-4552-a5df-79385c5f2f45,0.8814498032346485
14562170-931f-4ba1-925c-932141c3545f,11ede113-7438-4ee8-99c6-dfdd255c4141,0.810730828128853
14562170-931f-4ba1-925c-932141c3545f,11f459c8-4d7e-425f-959d-b8c01f007b2f,0.8452006944969906
14562170-931f-4ba1-925c-932141c3545f,11f59e2b-9446-4864-bfcf-3086c0835b06,0.9055729106308528
14562170-931f-4ba1-925c-932141c3545f,11f7e996-75b8-4f1a-ae97-06d2c9b998db,0.8924273572352786
14562170-931f-4ba1-925c-932141c3545f,11f8c862-dddd-4fa0-8a6e-21215865b5a1,0.8035504618600651
14562170-931f-4ba1-925c-932141c3545f,11fa0ae8-159b-4cfd-a651-f4e64c14ba8a,0.925528385847438
14562170-931f-4ba1-925c-932141c3545f,11fa65b3-35ba-4a43-81c6-5bbbc0b83add,0.5881161216006388
14562170-931f-4ba1-925c-932141c3545f,11fb368b-29c2-456c-939f-b3a7f3747819,0.6386709046078521
14562170-931f-4ba1-925c-932141c3545f,11fbef8f-5767-4489-97ed-1ae60777ddf0,0.787552715563496
14562170-931f-4ba1-925c-932141c3545f,11fd6c99-1623-4459-8213-3110dd3b1396,0.8889479769445104
14562170-931f-4ba1-925c-932141c3545f,11fe843a-b93f-4e5f-bb4c-a955d35bfa12,0.8639248627556758
14562170-931f-4ba1-925c-932141c3545f,11ffd146-9952-4769-9cb1-57d3fbbffa5a,0.7641609907060327
14562170-931f-4ba1-925c-932141c3545f,12051052-bf21-4b48-a00f-292ee3f7c9b4,0.8816733345292279
14562170-931f-4ba1-925c-932141c3545f,1205b4d0-bc64-430e-863c-720b630d27c1,0.8584918252407201
14562170-931f-4ba1-925c-932141c3545f,12060f08-ecca-445c-91a3-45169c4f4b1d,0.6825724353179584
14562170-931f-4ba1-925c-932141c3545f,1207460f-19e6-4a64-897f-421ed3d11cee,0.9369947838035464
14562170-931f-4ba1-925c-932141c3545f,12079f4b-fba4-407b-8d57-dbedb6aae1a1,0.9303629416154888
14562170-931f-4ba1-925c-932141c3545f,120a54b1-b121-476e-ab42-9c67f0a56f14,0.915796533483089
14562170-931f-4ba1-925c-932141c3545f,120adebd-3540-46e6-923b-3da25706fc2f,0.1383164120627611
14562170-931f-4ba1-925c-932141c3545f,120faa84-40d6-4f2d-8ea7-2d56082f07d7,0.5043001605808691
14562170-931f-4ba1-925c-932141c3545f,1210d7d4-3bfb-4764-881c-40cc05aef85d,0.9311171443838434
14562170-931f-4ba1-925c-932141c3545f,12161235-44c9-4220-96bb-02eeb8cb8f2c,0.4649012056924587
14562170-931f-4ba1-925c-932141c3545f,1216c212-8a49-4b85-8907-09bde5db8e89,0.8431363275529012
14562170-931f-4ba1-925c-932141c3545f,1217060e-54bf-4783-aeba-7d209051793f,0.487391544061015
14562170-931f-4ba1-925c-932141c3545f,12176565-a98f-4f6c-ab28-6b07f4fa090d,0.9677221540589324
14562170-931f-4ba1-925c-932141c3545f,1218ad8d-3553-41b8-835e-0e0a611357b5,0.885657076698381
14562170-931f-4ba1-925c-932141c3545f,1218e0b0-e4ad-40a4-915f-7b69ab5e2a36,0.9080099933741348
14562170-931f-4ba1-925c-932141c3545f,121982ce-1c9d-4257-8025-f8944ddbf79e,0.9252164831569264
14562170-931f-4ba1-925c-932141c3545f,121a6d5f-6f5d-4eb6-9848-98545d5ed92e,0.897552435965729
14562170-931f-4ba1-925c-932141c3545f,121bc247-e0f0-43c7-b6bd-271279fd3e42,0.5440746975374401
14562170-931f-4ba1-925c-932141c3545f,121be10d-6e55-49be-91d3-6c464feee1aa,0.8883443625718317
14562170-931f-4ba1-925c-932141c3545f,121d7f22-5172-4d4a-a88d-d397274ec6d9,0.8543657203846088
14562170-931f-4ba1-925c-932141c3545f,12206672-f02b-47ae-8b22-f1e7b97af189,0.9090006588855516
14562170-931f-4ba1-925c-932141c3545f,1225979f-1a69-4bc9-9775-8e6033568172,0.799165854046116
14562170-931f-4ba1-925c-932141c3545f,1225d9a0-10e3-4666-8f99-d42f7f31de71,0.8904071691139985
14562170-931f-4ba1-925c-932141c3545f,1226263a-2e70-4972-a3e8-1044ff135d44,0.7826856000270581
14562170-931f-4ba1-925c-932141c3545f,122720c3-eba0-432d-8f34-1b1ddf76d184,0.7729220028891239
14562170-931f-4ba1-925c-932141c3545f,1228d803-4926-4eb7-95c9-0418ce6b7b7f,0.2873943093450815
14562170-931f-4ba1-925c-932141c3545f,1229c84c-a996-4ea1-a696-819441e2ed97,0.6897891865084481
14562170-931f-4ba1-925c-932141c3545f,122c75d9-0df4-4a3a-84b3-58236f4f6a6f,0.8487211252710031
14562170-931f-4ba1-925c-932141c3545f,122d64dd-9ee2-4954-bf53-1f30648fa7ae,0.9444088362266786
14562170-931f-4ba1-925c-932141c3545f,122fcf0b-ef99-497d-b8b8-41ebaaf5f33b,0.8012847684440952
14562170-931f-4ba1-925c-932141c3545f,12308608-e3af-4f47-ab14-f6be8be7bfd8,0.8782638101053916
14562170-931f-4ba1-925c-932141c3545f,12334d7e-7fbd-4c59-ba2b-48afcf221f12,0.9489049699018904
14562170-931f-4ba1-925c-932141c3545f,12359200-2ce8-4aa9-bcab-cde00210cc18,0.7327228690145411
14562170-931f-4ba1-925c-932141c3545f,1235e75a-3c12-4ab7-94ac-ec31b11dd06b,0.9519268718321
14562170-931f-4ba1-925c-932141c3545f,12378c24-5470-4001-a2a4-1b09a5b8c78f,0.9096882520049548
14562170-931f-4ba1-925c-932141c3545f,1237b6b7-97d2-4fa1-9eb2-69473c54f611,0.9075628318789696
14562170-931f-4ba1-925c-932141c3545f,1237f086-dbdb-4826-b6ec-46b1e8057b0c,0.9116273521846802
14562170-931f-4ba1-925c-932141c3545f,123851f6-4269-4b88-8816-2fcd85a665eb,0.5942306282282865
14562170-931f-4ba1-925c-932141c3545f,1238b3f8-e03a-42a4-a71d-ffc51e68ec35,0.6548458280096161
14562170-931f-4ba1-925c-932141c3545f,1239065a-b981-43a3-bc95-2fa1632bbcc9,0.933589172122709
14562170-931f-4ba1-925c-932141c3545f,123eda7a-0588-4ef2-8ff4-5d9be08b2b8d,0.9080897218011064
14562170-931f-4ba1-925c-932141c3545f,12414c91-a226-42d5-88a5-188d52a4ca07,0.9227095329191144
14562170-931f-4ba1-925c-932141c3545f,1241a9bc-69cc-4ea3-a2ed-a669f9967854,0.8864839418227964
14562170-931f-4ba1-925c-932141c3545f,1247950d-f216-4965-8871-5fbce8be605e,0.83810294482721
14562170-931f-4ba1-925c-932141c3545f,1247afff-c133-4f28-9cb0-ccde59d5f38e,0.9108375794300552
14562170-931f-4ba1-925c-932141c3545f,1248df10-e86f-4819-9068-03b60cfae90d,0.7691545409065229
14562170-931f-4ba1-925c-932141c3545f,12490ca4-963c-4039-a983-b37f6428ae9d,0.8912292065329889
14562170-931f-4ba1-925c-932141c3545f,12491099-9712-4de3-973a-08e141c46fa7,0.7399451836027209
14562170-931f-4ba1-925c-932141c3545f,124a137b-fd55-4dec-8f46-79a867725aa4,0.9758901727543484
14562170-931f-4ba1-925c-932141c3545f,124bf6c8-d923-452b-a4d4-ff12eed3f63b,0.7229486393132659
14562170-931f-4ba1-925c-932141c3545f,1251ab99-8ecd-422e-b55d-0926a60b4965,0.924046481060266
14562170-931f-4ba1-925c-932141c3545f,12524b6e-fc27-496c-b6aa-3d781fa24003,0.9744579702369022
14562170-931f-4ba1-925c-932141c3545f,12533298-dd5c-4258-8d08-52f5ab4da0dc,0.7773823720813987
14562170-931f-4ba1-925c-932141c3545f,12537266-2758-4cec-834f-ff42e7012e68,0.8186734483912464
14562170-931f-4ba1-925c-932141c3545f,1254408f-0598-495e-a763-9e0bcb36de15,0.7138734148071734
14562170-931f-4ba1-925c-932141c3545f,12568745-ce64-40c5-905c-5c25be631204,0.8387455020059633
14562170-931f-4ba1-925c-932141c3545f,12573a60-c039-4e27-9035-701d04d2f104,0.810748162261732
14562170-931f-4ba1-925c-932141c3545f,1257c3ed-a429-4bdc-8544-d82aa318c5fe,0.925548436161792
14562170-931f-4ba1-925c-932141c3545f,125968db-d42d-405b-9bc9-c8ff9148d6a8,0.7055576278787455
14562170-931f-4ba1-925c-932141c3545f,125b2e43-4423-4533-a10c-dcdf6b67e717,0.8061465507292295
14562170-931f-4ba1-925c-932141c3545f,125be7f1-96ad-4a4f-93af-193aa7013ad0,0.9031051378856744
14562170-931f-4ba1-925c-932141c3545f,125bfba7-aac3-4001-8f5b-612f8f6160d0,0.9007250156143094
14562170-931f-4ba1-925c-932141c3545f,125c93ee-d25e-49be-9495-df2f33e37b71,0.9717221874183968
14562170-931f-4ba1-925c-932141c3545f,125e66bb-4101-4851-a4d9-a17ed860e521,0.8876149707942242
14562170-931f-4ba1-925c-932141c3545f,12619343-dfb3-40f3-82e2-34fdd9b97324,0.9218994834105374
14562170-931f-4ba1-925c-932141c3545f,12631f09-2fad-4c8c-96e9-342e50d3f9f4,0.7836744336124213
14562170-931f-4ba1-925c-932141c3545f,12637cad-4c09-49cf-8abb-2abe69b92df1,0.8367297232611722
14562170-931f-4ba1-925c-932141c3545f,126452bb-5c29-4950-bf60-27f1ae5ac574,0.86052094485145
14562170-931f-4ba1-925c-932141c3545f,1264a10b-499c-4c22-bc85-f02876682726,0.782022682463014
14562170-931f-4ba1-925c-932141c3545f,1264ade9-fa16-42bd-94c4-2abbd26ed703,0.6527679311776596
14562170-931f-4ba1-925c-932141c3545f,1264b2f2-f3cf-418f-a990-4e8f5b97e434,0.9130816483725748
14562170-931f-4ba1-925c-932141c3545f,1268b260-8569-4744-bc66-f447ee388a97,0.887754707151277
14562170-931f-4ba1-925c-932141c3545f,1269a471-cd6c-44bb-a109-4a1f17714a49,0.9172233212788372
14562170-931f-4ba1-925c-932141c3545f,126a6ece-4bd7-4cf1-8355-f47035f7d50a,0.8747284940966278
14562170-931f-4ba1-925c-932141c3545f,126c9d99-4ca6-4b03-8bde-ed897b632068,0.8118963820083626
14562170-931f-4ba1-925c-932141c3545f,126ea82d-5784-48d3-9765-67876d7ebde8,0.8918643571756669
14562170-931f-4ba1-925c-932141c3545f,127136c1-d779-48d3-b624-ea0c81c81387,0.8209318729504516
14562170-931f-4ba1-925c-932141c3545f,12715bc9-293e-47d7-a57c-b891629be22f,0.845673289571303
14562170-931f-4ba1-925c-932141c3545f,1271e19b-0624-4178-81d4-48f000443add,0.9170000765835772
14562170-931f-4ba1-925c-932141c3545f,12749786-405d-4ee9-a5cd-f87374e2e656,0.8650331414350709
14562170-931f-4ba1-925c-932141c3545f,12755990-9cd4-4f3b-b39e-426b8cdf734f,0.3431040914271936
14562170-931f-4ba1-925c-932141c3545f,12768af0-ab6f-4c19-8a8f-e179c9774791,0.7082689000145571
14562170-931f-4ba1-925c-932141c3545f,1276a709-b0d8-448f-a1df-113ce099eff0,0.8698881392741616
14562170-931f-4ba1-925c-932141c3545f,1276c070-3a92-4a22-9d2d-3f0c6d83c620,0.8711912243028109
14562170-931f-4ba1-925c-932141c3545f,127717d5-872d-48bb-951a-1e3f2bff7266,0.7483773385550543
14562170-931f-4ba1-925c-932141c3545f,1278c2d4-8044-49ad-93b1-2935cfa4418d,0.7898801974081952
14562170-931f-4ba1-925c-932141c3545f,127a75e4-c0ed-40e8-93d5-a67e373b5b7e,0.7953367003805693
14562170-931f-4ba1-925c-932141c3545f,127f83df-ba88-47b6-b8b7-1cdf2ba1f9a9,0.8640232183209496
14562170-931f-4ba1-925c-932141c3545f,1282784d-0120-4522-a026-65361938eb2e,0.8452660140106805
14562170-931f-4ba1-925c-932141c3545f,1283ef91-a05b-4ae6-9450-8acbfe78f8e3,0.884204273200622
14562170-931f-4ba1-925c-932141c3545f,1286a4f7-41fe-42e7-8330-3c9a31827052,0.8990670479609111
14562170-931f-4ba1-925c-932141c3545f,12877e0e-4614-4074-97d0-f1fe13ed16b2,0.8679189819745173
14562170-931f-4ba1-925c-932141c3545f,1287a9a4-3b14-4546-b866-d109d58db147,0.9018192762512562
14562170-931f-4ba1-925c-932141c3545f,1288556e-f0d6-460a-a2c8-d240ad364831,0.8911797490371987
14562170-931f-4ba1-925c-932141c3545f,12886a45-1ccc-41cd-83a9-6c6ece319c77,0.5307226277330074
14562170-931f-4ba1-925c-932141c3545f,12895fd0-b923-4fbb-b294-7e2b2095b8ca,0.5325247611208908
14562170-931f-4ba1-925c-932141c3545f,128bfc89-b4f8-45ec-88ad-dac960704082,0.8465204641256985
14562170-931f-4ba1-925c-932141c3545f,128dab38-d1b1-473e-b2d1-be3f613ef2c9,0.8277337409560638
14562170-931f-4ba1-925c-932141c3545f,128e20f7-10dc-4668-925e-ec4580d7f291,0.9403889972650116
14562170-931f-4ba1-925c-932141c3545f,128fd100-c765-41df-b676-2f47870d79d9,0.939154704912745
14562170-931f-4ba1-925c-932141c3545f,12900a73-0772-43f3-af24-8a56afad47ca,0.8473527741963038
14562170-931f-4ba1-925c-932141c3545f,12903bc9-f63e-430f-afe0-9298a0fc94f3,0.8693624728355899
14562170-931f-4ba1-925c-932141c3545f,1290b408-df8c-4a55-8aaa-74cc31743171,0.9449108625854072
14562170-931f-4ba1-925c-932141c3545f,1290d366-3b35-4f30-8e4b-781acaa2c69a,0.9133842875801934
14562170-931f-4ba1-925c-932141c3545f,12921519-4e42-4b1b-aec0-0fd3211c4591,0.8309141947471603
14562170-931f-4ba1-925c-932141c3545f,12921521-04e1-46bf-a50f-437670d418d0,0.7822762034658509
14562170-931f-4ba1-925c-932141c3545f,129569df-25ac-4eea-830b-c7fc91d46e8f,0.8172027694068824
14562170-931f-4ba1-925c-932141c3545f,1296b5e4-f964-47c4-8b85-c5e7e8db7469,0.8837734889459753
14562170-931f-4ba1-925c-932141c3545f,1296c4a3-baff-49de-9723-d907488015a7,0.944363449156813
14562170-931f-4ba1-925c-932141c3545f,1296dd4b-152b-415b-9831-516fb9c5be7a,0.9299064528700256
14562170-931f-4ba1-925c-932141c3545f,1298eb82-b75f-49ca-a3c6-3b56c3cc4441,0.789557588420216
14562170-931f-4ba1-925c-932141c3545f,129a0a70-c9c1-480f-ad31-2729ae4bb07a,0.9064886229791124
14562170-931f-4ba1-925c-932141c3545f,129a0dee-a9c5-4c3e-9bbd-cdd7eee052b0,0.9354971667740036
14562170-931f-4ba1-925c-932141c3545f,129a46b4-6a4e-4f4b-b6bb-05a63268a69f,0.9009779237973112
14562170-931f-4ba1-925c-932141c3545f,129a771b-41ea-40a3-a571-0157a7e25f62,0.9801751521192982
14562170-931f-4ba1-925c-932141c3545f,129a7b9b-f29c-4bf5-9c10-2e42776f1e95,0.8796134984299129
14562170-931f-4ba1-925c-932141c3545f,129ab199-1780-423b-8e1f-8f3776ac0258,0.8602058264398557
14562170-931f-4ba1-925c-932141c3545f,129c0d13-bb4b-4a86-a298-2f6c74c7513a,0.8733971967247608
14562170-931f-4ba1-925c-932141c3545f,129d28a8-35b5-441b-9497-b91022de2b05,0.884039755580032
14562170-931f-4ba1-925c-932141c3545f,129e54dd-9182-4b9a-8208-216ec6862775,0.8925551521780556
14562170-931f-4ba1-925c-932141c3545f,12a38e0c-a757-49a5-90bb-327afc06f3a8,0.8543018507027411
14562170-931f-4ba1-925c-932141c3545f,12a4c133-374b-48b8-944f-5a7fbc63d94e,0.5143150532824049
14562170-931f-4ba1-925c-932141c3545f,12a5708e-5b3b-4a28-b60d-50448df7cd75,0.9150837972858024
14562170-931f-4ba1-925c-932141c3545f,12a78e99-e6bc-4c74-b365-81b9410b439e,0.6677969387080559
14562170-931f-4ba1-925c-932141c3545f,12a8afd7-a123-4168-aaac-005b0633a90c,0.5521816516602945
14562170-931f-4ba1-925c-932141c3545f,12a9d8c5-66c7-447b-bc77-300f6db62269,0.955551579165818
14562170-931f-4ba1-925c-932141c3545f,12abe5ed-6145-4be8-b4f7-46dbc8c2db9d,0.924073592723682
14562170-931f-4ba1-925c-932141c3545f,12ad6f24-6f5b-4461-b81e-5431ee0fde81,0.7663578596594034
14562170-931f-4ba1-925c-932141c3545f,12ada7dd-04fb-4750-af49-7bde8a938901,0.8841350898323201
14562170-931f-4ba1-925c-932141c3545f,12adb9b6-d332-45d7-9c7c-3e225c04c698,0.6897662121582234
14562170-931f-4ba1-925c-932141c3545f,12af1a69-6064-49a6-8d14-320b9c0a2d53,0.7495522086277218
14562170-931f-4ba1-925c-932141c3545f,12b07678-e91e-40bf-a114-c59f53ec2573,0.9896899699834304
14562170-931f-4ba1-925c-932141c3545f,12b6764b-326b-4ab8-92b7-aa2822f3dc94,0.9400530300544774
14562170-931f-4ba1-925c-932141c3545f,12b8b248-19bd-41dd-a46c-2c988bb63c3f,0.8149487169835268
14562170-931f-4ba1-925c-932141c3545f,12b8f001-b15e-48d0-9b57-530ad524984f,0.889580331813641
14562170-931f-4ba1-925c-932141c3545f,12b98501-398a-469f-aad4-cecee6debf1e,0.6901629200200999
14562170-931f-4ba1-925c-932141c3545f,12bc1d32-b9e1-4d7b-a9c8-be09abecbd6b,0.7951800793114666
14562170-931f-4ba1-925c-932141c3545f,12bc3d1a-aa2c-495b-a771-ebbc9a9fe1df,0.8941513126950353
14562170-931f-4ba1-925c-932141c3545f,12bcdebb-a16e-4d14-8b53-3ca77f4cf77f,0.6566256984976945
14562170-931f-4ba1-925c-932141c3545f,12bd1e30-3efe-41a0-8b54-ead71108a7b7,0.9041235346096236
14562170-931f-4ba1-925c-932141c3545f,12bd98eb-543d-4aca-b928-40a3136b1960,0.9274817317142754
14562170-931f-4ba1-925c-932141c3545f,12bf0950-7892-42c0-983c-e8a78a00dc73,0.8163446505099122
14562170-931f-4ba1-925c-932141c3545f,12c04997-06cb-4232-a3eb-d378992c4a56,0.9249570598921744
14562170-931f-4ba1-925c-932141c3545f,12c0da59-6c87-43d1-850e-a5f24cd699de,0.8887711407668613
14562170-931f-4ba1-925c-932141c3545f,12c201e7-abc1-47c6-a716-9ee905266d0e,0.9544660819419544
14562170-931f-4ba1-925c-932141c3545f,12c24dd3-cff4-4d5f-9106-78c0cca7a377,0.753278780483367
14562170-931f-4ba1-925c-932141c3545f,12c279de-769e-45c5-aa62-6cfa5199a222,0.8910519442117532
14562170-931f-4ba1-925c-932141c3545f,12c2f061-d519-4d3c-b0f7-6b38d750fdef,0.8346441650372348
14562170-931f-4ba1-925c-932141c3545f,12c3376d-5d38-4c91-932e-e21c8010954c,0.8284302052941761
14562170-931f-4ba1-925c-932141c3545f,12c3651b-d243-48cf-b31e-ba2901acb496,0.9090885881068724
14562170-931f-4ba1-925c-932141c3545f,12c468b0-e79e-49ff-ada6-7ad9e3cf8329,0.9459563500160376
14562170-931f-4ba1-925c-932141c3545f,12c626dc-f97e-4488-b0ba-01dc70151165,0.4691181214557945
14562170-931f-4ba1-925c-932141c3545f,12c6610a-3029-45b0-88c6-cd79dbcdc0c6,0.9751194512586996
14562170-931f-4ba1-925c-932141c3545f,12c80e94-2e3d-4e01-8309-ab7278d4c99a,0.9254544858762352
14562170-931f-4ba1-925c-932141c3545f,12c96544-4761-4a39-877a-b865bac24c98,0.8822965670579583
14562170-931f-4ba1-925c-932141c3545f,12c99f4d-c793-4a1f-8e74-359e528e580a,0.8736736370084531
14562170-931f-4ba1-925c-932141c3545f,12c9d9ee-aac1-4454-8a24-0f2e01e8ee75,0.9567834776610162
14562170-931f-4ba1-925c-932141c3545f,12ca9311-4497-456a-99d1-5f6edf4376a8,0.4190400648927539
14562170-931f-4ba1-925c-932141c3545f,12cb69cf-bac2-4f7b-a320-bf2033221dcc,0.7795647375186833
14562170-931f-4ba1-925c-932141c3545f,12cfe4c1-b1a8-43ca-89f5-e46213e33d1b,0.8329936043348394
14562170-931f-4ba1-925c-932141c3545f,12d03bd8-6ecb-4384-b2ea-5fa8529375ae,0.6210753400594806
14562170-931f-4ba1-925c-932141c3545f,12d23003-f0ba-4d96-a0a8-243020f2fd11,0.6823087142831196
14562170-931f-4ba1-925c-932141c3545f,12d2654a-6340-4628-a4d8-09da2fe8e146,0.927438884841462
14562170-931f-4ba1-925c-932141c3545f,12d5ccaa-a27f-49b8-a6d2-ae9353774a37,0.6706549713383118
14562170-931f-4ba1-925c-932141c3545f,12d7d0d6-e33a-45fc-b368-4ae5925d2737,0.9174660262280306
14562170-931f-4ba1-925c-932141c3545f,12d85e12-d3ce-47b2-bf72-ae80edfa51b1,0.9188407948108456
14562170-931f-4ba1-925c-932141c3545f,12d8849b-e887-4ca5-9387-b0832ecb38a6,0.904852326005325
14562170-931f-4ba1-925c-932141c3545f,12d9a048-4b76-4f52-a952-fdc6e30d7931,0.8941349054434358
14562170-931f-4ba1-925c-932141c3545f,12da938c-cbe0-47f0-b28b-67c11de3f466,0.8025928041153583
14562170-931f-4ba1-925c-932141c3545f,12dc75fd-8e4d-4f0d-98d0-806f4bf4f59f,0.8062444165147996
14562170-931f-4ba1-925c-932141c3545f,12dc906a-38f8-4a3d-955a-e0d820e06f5a,0.9409647330824648
14562170-931f-4ba1-925c-932141c3545f,12de243e-fa03-4134-b3b8-9a2bcf501115,0.8705964684018589
14562170-931f-4ba1-925c-932141c3545f,12df83c3-c92d-42c8-ab54-37d951393b13,0.8813362465329584
14562170-931f-4ba1-925c-932141c3545f,12e0195c-909f-4ef4-803a-032955e5aaa2,0.9185057005697892
14562170-931f-4ba1-925c-932141c3545f,12e0d37a-043f-49e0-a0f3-847c65da0c2b,0.950887021082742
14562170-931f-4ba1-925c-932141c3545f,12e18802-5cf3-4b60-9693-425b441ee7fa,0.9736641064307652
14562170-931f-4ba1-925c-932141c3545f,12e1c99e-ef6e-4673-b020-bebd7d8736c3,0.9629999667799742
14562170-931f-4ba1-925c-932141c3545f,12e21939-8027-4686-84be-3451c6ac9227,0.8945241852562092
14562170-931f-4ba1-925c-932141c3545f,12e367e9-281d-472e-9cf3-78014cec0ba4,0.9166548278437278
14562170-931f-4ba1-925c-932141c3545f,12e36b0a-df38-4576-8121-95494c16d7a2,0.9112198481628104
14562170-931f-4ba1-925c-932141c3545f,12e567cd-9242-4b34-ab5d-555d6123d7c4,0.9204435213819168
14562170-931f-4ba1-925c-932141c3545f,12e5c4b1-c89c-45e6-b266-30166afb0b14,0.7086666252351784
14562170-931f-4ba1-925c-932141c3545f,12e5e462-53a4-43db-8164-acf483a25e97,0.9359411619186137
14562170-931f-4ba1-925c-932141c3545f,12e74252-bb7c-411c-8bdd-52bcae3edb20,0.9777340837659048
14562170-931f-4ba1-925c-932141c3545f,12e78a95-f784-43ca-86fd-1bf97ec3548f,0.9257167339815514
14562170-931f-4ba1-925c-932141c3545f,12ea7a5c-65d2-493a-b23e-499709d1f327,0.9060304395864218
14562170-931f-4ba1-925c-932141c3545f,12ed8c8a-204a-48f9-8e80-83b2841d0f53,0.964453191708338
14562170-931f-4ba1-925c-932141c3545f,12ede251-50ec-43d0-b94d-9b6528a1b9c6,0.9066032577421408
14562170-931f-4ba1-925c-932141c3545f,12f1bde3-0253-4a60-aa2e-5fb118691f96,0.9080788689252394
14562170-931f-4ba1-925c-932141c3545f,12f20e15-82b1-4279-8ace-ef5797157438,0.9806254594626878
14562170-931f-4ba1-925c-932141c3545f,12f69727-48e5-4e15-9211-212f3cc8e3e8,0.9801437862586366
14562170-931f-4ba1-925c-932141c3545f,12f6ee69-8b02-4ae9-ab25-8e2f28ea5225,0.8644597358172159
14562170-931f-4ba1-925c-932141c3545f,12f7933f-e4b3-4ec6-b57d-789cf036add7,0.9270230849922388
14562170-931f-4ba1-925c-932141c3545f,12f8fed0-88e3-47df-a856-dca3b0068eda,0.8318161046661992
14562170-931f-4ba1-925c-932141c3545f,12f97e42-c99d-46c4-bf20-5b06b97e5881,0.5034463445156292
14562170-931f-4ba1-925c-932141c3545f,12f9cbd5-b5b8-453f-9fdb-05050cc0c5a8,0.7306436006739555
14562170-931f-4ba1-925c-932141c3545f,12faf890-6788-478f-bc85-14f06a8d44f0,0.8931467576934046
14562170-931f-4ba1-925c-932141c3545f,12fc1dbe-410a-4383-824d-bbe47fb6c613,0.9683853057090932
14562170-931f-4ba1-925c-932141c3545f,12fd7726-c3a3-427b-8045-1ed5dba428f4,0.9552510395634368
14562170-931f-4ba1-925c-932141c3545f,12fdc1b4-cf91-4cb1-8106-c4597e0a87e5,0.8578395128340286
14562170-931f-4ba1-925c-932141c3545f,12fe24a3-439a-49f9-afc8-1ea56e3d7a6f,0.8462430469763143
14562170-931f-4ba1-925c-932141c3545f,12fe9f4d-f551-4266-87da-4fe47134a27f,0.888066904958968
14562170-931f-4ba1-925c-932141c3545f,12ff6ed1-edb4-4968-8710-3801ca6d3275,0.864496723845928
14562170-931f-4ba1-925c-932141c3545f,1300009f-f42a-4372-ad93-3f072d21e901,0.5941196244224564
14562170-931f-4ba1-925c-932141c3545f,130136bc-0d47-428a-86b5-3bab0ea4d216,0.6531214287707732
14562170-931f-4ba1-925c-932141c3545f,13059984-0ae5-438b-97d2-d6a48e902563,0.6627829671445646
14562170-931f-4ba1-925c-932141c3545f,1305e9e7-0d0a-49e5-8163-1d1fed353e06,0.749613257675797
14562170-931f-4ba1-925c-932141c3545f,130a001f-1c51-4aed-a22d-0cbafbf136b6,0.8823920508737187
14562170-931f-4ba1-925c-932141c3545f,130a613c-c7f0-407c-ac15-47548ccea2b7,0.6948496657573449
14562170-931f-4ba1-925c-932141c3545f,130a6522-4af1-4210-bfa3-79412a4f9612,0.8413368365390693
14562170-931f-4ba1-925c-932141c3545f,130c1771-6ce6-48ed-a15f-a7afa7e11f41,0.8434957008397759
14562170-931f-4ba1-925c-932141c3545f,130c9266-6fe9-40c1-9461-6e9d1bb84095,0.8810614789725059
14562170-931f-4ba1-925c-932141c3545f,130cbe44-d223-4b4f-a8e2-6df48b4b64f0,0.903727660274465
14562170-931f-4ba1-925c-932141c3545f,130d4992-4553-4fda-9007-db72fb0ea7df,0.9364707237260466
14562170-931f-4ba1-925c-932141c3545f,130e5c1a-ccde-4fb1-8f47-7815b7e60009,0.4039487916966802
14562170-931f-4ba1-925c-932141c3545f,130edd0d-9de0-44a5-bf61-a4c64a7563bd,0.8783450866123285
14562170-931f-4ba1-925c-932141c3545f,130f04c0-3dbb-407f-b5a7-d23f92111107,0.9723244547811276
14562170-931f-4ba1-925c-932141c3545f,130f4510-48e9-48ec-9e4d-9438965d4ba3,0.8553946573776207
14562170-931f-4ba1-925c-932141c3545f,13101dfd-93d0-4b13-a63a-741154e985bb,0.9816867507803168
14562170-931f-4ba1-925c-932141c3545f,131050ea-3b4f-48e6-883b-4f31af1546e5,0.8295708242672428
14562170-931f-4ba1-925c-932141c3545f,131111f3-03b0-4b46-b248-7cc1d15b474f,0.7323978037238759
14562170-931f-4ba1-925c-932141c3545f,1311967f-62ea-4b50-9362-d4cc7fc9a0e3,0.8911359241201613
14562170-931f-4ba1-925c-932141c3545f,13124892-16c8-458d-8c31-85e9a208aa76,0.7598264347674789
14562170-931f-4ba1-925c-932141c3545f,13132c8c-6335-4fe0-92b3-21b5dca116ab,0.8472686560239534
14562170-931f-4ba1-925c-932141c3545f,1314aafa-408f-4621-81de-5ac63f67bdc1,0.9047929423726708
14562170-931f-4ba1-925c-932141c3545f,1315117a-e003-4b37-9e69-f96f2d85baeb,0.8913683974969275
14562170-931f-4ba1-925c-932141c3545f,131655c2-ccee-459a-a31c-5c6a67189e9d,0.8019205029928035
14562170-931f-4ba1-925c-932141c3545f,1317e17e-1d6c-49d1-932c-38682471167d,0.93014248228442
14562170-931f-4ba1-925c-932141c3545f,1318982e-02c1-4c79-b47b-d94b0c130197,0.9757907334700328
14562170-931f-4ba1-925c-932141c3545f,1319f517-3734-4f7b-bd0d-9a1edee9cbbf,0.9030861092142168
14562170-931f-4ba1-925c-932141c3545f,131d8621-7880-427a-b782-a9d1eb0d0a98,0.8967982141865842
14562170-931f-4ba1-925c-932141c3545f,131da1e9-e9ea-4cbb-b7f2-f85d7729a20c,0.8618871648798149
14562170-931f-4ba1-925c-932141c3545f,131df061-6e78-4a5b-b569-b30f1c9e3332,0.963454106139306
14562170-931f-4ba1-925c-932141c3545f,131f1224-e634-4c9f-b736-d00ff3d4d439,0.8849570447520159
14562170-931f-4ba1-925c-932141c3545f,131f754b-a9c8-4614-9c3e-af93ba19c3b7,0.6030270385025492
14562170-931f-4ba1-925c-932141c3545f,1321cf79-4a0a-458b-bce9-f7be135e0e95,0.9030004072473574
14562170-931f-4ba1-925c-932141c3545f,13226969-a1c2-44f6-84b0-aea7938d03eb,0.9426748884573628
14562170-931f-4ba1-925c-932141c3545f,1323755e-7c8c-414e-a532-f9e4815fcbdb,0.5870935727400369
14562170-931f-4ba1-925c-932141c3545f,1323d4d9-da36-4eb4-86bc-683b526e43ce,0.9120259383689608
14562170-931f-4ba1-925c-932141c3545f,1324b882-b93c-4e9d-a429-962810a85dec,0.833347756338239
14562170-931f-4ba1-925c-932141c3545f,1325308d-b14d-46ca-b7a4-575690eb0cff,0.8856002975786696
14562170-931f-4ba1-925c-932141c3545f,1327c829-c8c1-44a3-9da2-c3dbbb541919,0.8641128319860334
14562170-931f-4ba1-925c-932141c3545f,13292bbf-0d4e-4d3b-ba14-e00a43205a61,0.915437708472132
14562170-931f-4ba1-925c-932141c3545f,132bdb0c-5f2d-4579-94fb-e029fa1a0593,0.9261108684782386
14562170-931f-4ba1-925c-932141c3545f,132cb007-080f-4c59-ba9b-d434c22fc3a9,0.8541769716069226
14562170-931f-4ba1-925c-932141c3545f,132f28f3-730b-4e2f-afaf-e76d319220d3,0.4823428379501189
14562170-931f-4ba1-925c-932141c3545f,132f54b6-9f32-4640-a429-2fa9cbe206b1,0.9645509900248692
14562170-931f-4ba1-925c-932141c3545f,132f5792-d1ff-425b-b2ad-3c24f728dfdf,0.939621417348088
14562170-931f-4ba1-925c-932141c3545f,13306363-6ebf-4992-b479-0b3e55fa5ad9,0.844730262326446
14562170-931f-4ba1-925c-932141c3545f,1331607f-7eab-4761-acd6-371b442014da,0.9249787018266696
14562170-931f-4ba1-925c-932141c3545f,13342d2b-bc47-4f13-9b68-1fa8e824f11a,0.9274797008088628
14562170-931f-4ba1-925c-932141c3545f,1334a27a-0649-433f-8643-de2685c78c40,0.8477509883440373
14562170-931f-4ba1-925c-932141c3545f,1337255a-0abb-4a65-a69f-821b53f43b33,0.9044252833199292
14562170-931f-4ba1-925c-932141c3545f,1338e2ae-4884-4967-a536-f208b8aa279c,0.8921283621612226
14562170-931f-4ba1-925c-932141c3545f,1339b015-56d1-4f4e-b051-6f114064078a,0.9037370070359434
14562170-931f-4ba1-925c-932141c3545f,133a5fef-0208-44b5-a101-20d3f904b9cc,0.8949195784083009
14562170-931f-4ba1-925c-932141c3545f,133a9bc1-e6fb-4488-baef-36d1e42e747b,0.9524006256981752
14562170-931f-4ba1-925c-932141c3545f,133b46cf-bd56-4a38-991d-1ba1ea4ad9de,0.9054090552407508
14562170-931f-4ba1-925c-932141c3545f,133c3e43-df85-44b5-ac05-d0cb16bbbde3,0.8857385589100201
14562170-931f-4ba1-925c-932141c3545f,133cdb26-48f6-4eb1-bdb7-80758810f71e,0.9577963658801312
14562170-931f-4ba1-925c-932141c3545f,133fdea7-cb97-4cdb-badb-3ae056a91442,0.841330847395693
14562170-931f-4ba1-925c-932141c3545f,1340ae93-ca9a-432a-894b-07f3fa8b0b62,0.879383376288393
14562170-931f-4ba1-925c-932141c3545f,13413b3a-ef12-45f6-932b-bafea50580dc,0.9762004957144972
14562170-931f-4ba1-925c-932141c3545f,1341e5c8-f16b-448f-8263-d4efc364153b,0.7570357226675498
14562170-931f-4ba1-925c-932141c3545f,1342c711-458b-4549-9ab7-a6b3ef895010,0.8670725158238559
14562170-931f-4ba1-925c-932141c3545f,13456227-7034-431e-978e-819a1242865d,0.8443675526161374
14562170-931f-4ba1-925c-932141c3545f,13461487-396c-4d6b-9936-b2e1ad60c42f,0.8855136178418925
14562170-931f-4ba1-925c-932141c3545f,134943d9-f6e3-4377-a401-0e3277e04d7a,0.9470779522046556
14562170-931f-4ba1-925c-932141c3545f,1349b5ae-e641-4a32-8da2-90d18f31277e,0.7973095625698963
14562170-931f-4ba1-925c-932141c3545f,134a5db8-6504-491f-ae17-b9a0f9c3e019,0.9287822755626428
14562170-931f-4ba1-925c-932141c3545f,134b9d8f-67d1-47eb-9510-dac3ec3950d5,0.7175627019424284
14562170-931f-4ba1-925c-932141c3545f,134d20f6-a5aa-4123-b629-41de9d18b6bf,0.9195626724025372
14562170-931f-4ba1-925c-932141c3545f,134e270a-2124-4a6e-bf49-084a989f47fb,0.8443461010837555
14562170-931f-4ba1-925c-932141c3545f,134e38fc-9f11-4fd3-8a60-81f88f6b6c4a,0.6607867382863426
14562170-931f-4ba1-925c-932141c3545f,134ebf8b-ccc2-4911-9c73-4d7e7ada6983,0.8698719361867903
14562170-931f-4ba1-925c-932141c3545f,134f220c-93cd-4125-acff-d3fe6044f411,0.8989315419859684
14562170-931f-4ba1-925c-932141c3545f,1350c7b8-d64e-4c6d-8cce-0f72590f109b,0.9442231244464204
14562170-931f-4ba1-925c-932141c3545f,1351f399-5e22-4259-8a36-54db17ca37b9,0.9143730469679072
14562170-931f-4ba1-925c-932141c3545f,135298f0-c032-46ce-ad86-52be38a31fd3,0.8735145997732886
14562170-931f-4ba1-925c-932141c3545f,13533b8f-8cdb-4edf-9619-5a8ecb3b9ed6,0.8624647100970848
14562170-931f-4ba1-925c-932141c3545f,1353edd0-209f-4de1-9db3-c8d65e992f36,0.8956562032413911
14562170-931f-4ba1-925c-932141c3545f,13545c55-3619-4c4c-8e7a-bf103f450aae,0.2690874178585634
14562170-931f-4ba1-925c-932141c3545f,13556a69-d4b7-41f4-9f78-70cff89a6305,0.7995380021018013
14562170-931f-4ba1-925c-932141c3545f,1355cd0c-8905-4918-ac0b-171a75c6e66b,0.9454317731382256
14562170-931f-4ba1-925c-932141c3545f,1356a62e-a6e0-45a5-8972-615b88ae9ebd,0.7819095575445615
14562170-931f-4ba1-925c-932141c3545f,1357763a-f0dc-4734-b7f4-2d727e0ef4b2,0.1588402005024033
14562170-931f-4ba1-925c-932141c3545f,1357da8c-5e32-4d6b-b7e7-f0fdc52aacc5,0.8104159513392444
14562170-931f-4ba1-925c-932141c3545f,1359569f-96c1-4d4a-ac30-f5195ee83255,0.7872478076604695
14562170-931f-4ba1-925c-932141c3545f,135a65eb-5ad6-46f3-be3e-e41fb4036c06,0.9282807549952894
14562170-931f-4ba1-925c-932141c3545f,135adfed-c4b5-45e7-a48a-d58c915d0f99,0.6892313389490214
14562170-931f-4ba1-925c-932141c3545f,135ce619-118a-4d11-a5fa-7e062e43fc9b,0.4598081335027592
14562170-931f-4ba1-925c-932141c3545f,135d35d5-4963-4b48-a5c6-1aeac88bf0d1,0.817096845249959
14562170-931f-4ba1-925c-932141c3545f,135d8781-d9eb-4205-ae6b-527db5ba59d8,0.7736343870736199
14562170-931f-4ba1-925c-932141c3545f,135f8acd-28a6-4373-89ee-a75dc842ad31,0.8317426397886138
14562170-931f-4ba1-925c-932141c3545f,135fb38e-505c-4742-9c6f-5b90f45d67a3,0.9112399727989005
14562170-931f-4ba1-925c-932141c3545f,13616814-2fbd-4f7b-b37b-5fc90acf8df4,0.7696182122716108
14562170-931f-4ba1-925c-932141c3545f,13617054-5a98-450c-a288-fa741a8578de,0.7479891391113419
14562170-931f-4ba1-925c-932141c3545f,13621322-929e-4534-b83a-61a78098b22d,0.7250805310688431
14562170-931f-4ba1-925c-932141c3545f,1366b0f9-64f8-4bb2-9825-a478f020398c,0.8943695988684407
14562170-931f-4ba1-925c-932141c3545f,1367987f-164c-4b8b-a03a-87e7b8003191,0.8714582144255395
14562170-931f-4ba1-925c-932141c3545f,13688456-f513-4857-8b18-27eae7245dec,0.888505750315032
14562170-931f-4ba1-925c-932141c3545f,136a323b-499a-4787-b112-d8d3dd8f10a5,0.7778056963287793
14562170-931f-4ba1-925c-932141c3545f,136aa9c9-9d69-42e1-8e2a-99027ac77335,0.8969945605355951
14562170-931f-4ba1-925c-932141c3545f,136aaf0a-c474-410d-a374-15156bde4886,0.8249692343097161
14562170-931f-4ba1-925c-932141c3545f,136b4080-0c88-4dc9-bf28-cc8ef4197b12,0.9630465980540476
14562170-931f-4ba1-925c-932141c3545f,136bdf74-0e69-4412-a8fa-ec783d7ededf,0.8978713218091583
14562170-931f-4ba1-925c-932141c3545f,136c32fb-4037-4ae6-a199-cc33eb174e96,0.5345763351559238
14562170-931f-4ba1-925c-932141c3545f,136d620a-acbe-44a0-a7d1-62f597f7d239,0.8781821853996775
14562170-931f-4ba1-925c-932141c3545f,13702432-b6d3-47f9-bb27-b4783ee948b6,0.86697710156343
14562170-931f-4ba1-925c-932141c3545f,1370c313-83a0-4fa2-87dc-cfbc67c4e507,0.8893821549329224
14562170-931f-4ba1-925c-932141c3545f,13724088-9be4-4e2e-b2e4-dfa2cffba6ce,0.9552124333411428
14562170-931f-4ba1-925c-932141c3545f,13725e56-77a9-48af-94c5-f0f4ab3358b1,0.9253426625873163
14562170-931f-4ba1-925c-932141c3545f,13729d16-7f6b-4e39-9415-b8c9d9dd6c3f,0.8935343147978267
14562170-931f-4ba1-925c-932141c3545f,1374ebc9-3c33-430f-b7c5-d80163e47eba,0.8068247894129441
14562170-931f-4ba1-925c-932141c3545f,13752b7c-8f06-46b6-9127-229b3fdf41d1,0.9096033204997112
14562170-931f-4ba1-925c-932141c3545f,1375ccd5-4d0d-4414-b480-0705e164befa,0.9150417079265862
14562170-931f-4ba1-925c-932141c3545f,13796a8e-c3f7-4d92-a261-f39ba1bb766b,0.8938840850003509
14562170-931f-4ba1-925c-932141c3545f,1379b6ab-1d7b-47e4-97fc-d059017b708a,0.8909695224085006
14562170-931f-4ba1-925c-932141c3545f,137b9ab7-1ac9-4e26-8f67-8565b48f943a,0.8934675788654075
14562170-931f-4ba1-925c-932141c3545f,137bd55e-9e67-4277-8208-b5c3475e8aca,0.5577892868916358
14562170-931f-4ba1-925c-932141c3545f,137c5857-6daf-4137-b6f6-b6d24eb2d87f,0.8223611719417294
14562170-931f-4ba1-925c-932141c3545f,137de57d-83cb-4f33-921c-e3ba65f9a6a1,0.8532325004620773
14562170-931f-4ba1-925c-932141c3545f,137e29a3-e193-4886-8dba-c2694b392950,0.946541428917732
14562170-931f-4ba1-925c-932141c3545f,13812e6b-0163-43de-a6ac-f7f58c063257,0.8682359331844343
14562170-931f-4ba1-925c-932141c3545f,1381a61e-a697-4360-9916-07fa26015d76,0.7994452138142851
14562170-931f-4ba1-925c-932141c3545f,1381c625-9353-4a99-abda-6774d14b7f06,0.8498712562182812
14562170-931f-4ba1-925c-932141c3545f,13824bcb-6134-4b2c-8179-92882cafd60f,0.9111689702376288
14562170-931f-4ba1-925c-932141c3545f,138539ab-a9c2-4fc1-8bd7-daa69a11255f,0.8030688892274477
14562170-931f-4ba1-925c-932141c3545f,13870d67-87ea-4022-8baa-505d63b72786,0.8422949614618835
14562170-931f-4ba1-925c-932141c3545f,13872d9b-0a1e-4d2f-ab44-363bca356068,0.871038756514826
14562170-931f-4ba1-925c-932141c3545f,13891363-f155-4b08-b4c3-4ca1a64e071a,0.878634995061679
14562170-931f-4ba1-925c-932141c3545f,13895ccb-824b-409f-8e4d-64f74a08f5e8,0.658710142583799
14562170-931f-4ba1-925c-932141c3545f,1389dbcc-53b2-4dab-af52-a907fe4c1f70,0.7443662394350301
14562170-931f-4ba1-925c-932141c3545f,138a3adc-07f6-49a6-acf9-75f31c833c0b,0.6572864385543112
14562170-931f-4ba1-925c-932141c3545f,138bf8ab-37db-4ae4-9fcc-20fe7a6c2e31,0.5842566883927002
14562170-931f-4ba1-925c-932141c3545f,138cb4e0-b2ac-4eb5-be18-61574592d352,0.6232721932417334
14562170-931f-4ba1-925c-932141c3545f,138cf99c-7ef6-43b9-ad32-0b8e9c56b48c,0.849543556792332
14562170-931f-4ba1-925c-932141c3545f,138d2d8b-6c6c-4b3e-9654-68dc421fb328,0.4173353797931908
14562170-931f-4ba1-925c-932141c3545f,138d72b1-2786-4869-93de-59ae04453a56,0.8688712696932673
14562170-931f-4ba1-925c-932141c3545f,138d8531-703e-4ca4-a2e3-e0f27709dd2c,0.8978984472796177
14562170-931f-4ba1-925c-932141c3545f,138f4d0b-5e08-4095-9e6e-2bc2fd5afad4,0.700741161234912
14562170-931f-4ba1-925c-932141c3545f,13902431-862a-44ef-9306-63c01765ab50,0.7738613416132042
14562170-931f-4ba1-925c-932141c3545f,1391c54e-1739-49eb-bdf6-39a821c20630,0.8045229132463876
14562170-931f-4ba1-925c-932141c3545f,1391e83a-9581-4a24-8752-73b3cea63900,0.9502919402782392
14562170-931f-4ba1-925c-932141c3545f,1392fb73-cc5c-4f10-92fd-207bb95c1346,0.9349285629921744
14562170-931f-4ba1-925c-932141c3545f,1392fedf-a128-4d90-910e-754f7b70a70d,0.9282251887339554
14562170-931f-4ba1-925c-932141c3545f,1394003e-5cd9-4033-925e-e72a5054d5c2,0.8043871757300012
14562170-931f-4ba1-925c-932141c3545f,13949377-510c-4179-9dbd-1159fcf64c4f,0.2679629201780817
14562170-931f-4ba1-925c-932141c3545f,1395effc-38b9-42c8-8a87-db7b413d69ec,0.907426297788404
14562170-931f-4ba1-925c-932141c3545f,13978047-5ff6-4234-a616-6f7331912e58,0.7153494651653096
14562170-931f-4ba1-925c-932141c3545f,1397e71d-23d0-4359-a3d1-abf6d07906d0,0.9274341726390846
14562170-931f-4ba1-925c-932141c3545f,1398217e-1b45-4d2f-8378-8dcf5907f17f,0.9704807641840064
14562170-931f-4ba1-925c-932141c3545f,13988dc5-329d-4092-bb49-eab214db078c,0.9358390508053206
14562170-931f-4ba1-925c-932141c3545f,139a3d8e-6b7d-47f7-93da-ff424e62397e,0.9298633864422344
14562170-931f-4ba1-925c-932141c3545f,139ac373-2790-4664-90af-341f10e0db5b,0.9170600287322108
14562170-931f-4ba1-925c-932141c3545f,139e2e28-ccc1-45ee-b080-52e2e1e7ea8e,0.8652332904854725
14562170-931f-4ba1-925c-932141c3545f,13a3add3-f956-4275-a1d6-79acfbc331ba,0.8449058028434222
14562170-931f-4ba1-925c-932141c3545f,13a3ce93-555b-44a6-89e1-a439b1503463,0.8396953176260903
14562170-931f-4ba1-925c-932141c3545f,13a519c6-f433-456c-bcbd-9213aaa9e2fb,0.8410348136792234
14562170-931f-4ba1-925c-932141c3545f,13a6a7cf-e7b4-406e-a75e-7789c574f8fb,0.8539142568136184
14562170-931f-4ba1-925c-932141c3545f,13a743c4-96c2-469a-b5d6-b9d54c067faa,0.8254108041269468
14562170-931f-4ba1-925c-932141c3545f,13a7b649-058a-4b08-80c4-0e0483308ce6,0.8962775070353136
14562170-931f-4ba1-925c-932141c3545f,13a90bbe-712a-4d57-9b18-03a9e7e62390,0.6552085212574601
14562170-931f-4ba1-925c-932141c3545f,13a955f7-24a2-444b-a3f8-f0112462133e,0.8772814433996806
14562170-931f-4ba1-925c-932141c3545f,13afeba0-42e5-48de-86e6-044e2a6152aa,0.9295380655717324
14562170-931f-4ba1-925c-932141c3545f,13b015b5-0687-4a6c-aea2-fd30613db966,0.7185322483447278
14562170-931f-4ba1-925c-932141c3545f,13b2ab30-dd25-45d1-901f-9788fb71b234,0.8891865206803988
14562170-931f-4ba1-925c-932141c3545f,13b2d945-7ab4-4d5a-98de-0d2359ed4510,0.6862022831068751
14562170-931f-4ba1-925c-932141c3545f,13b33c97-6cd9-46ba-9170-40b9ad96f01e,0.8932136758309746
14562170-931f-4ba1-925c-932141c3545f,13b41543-03e2-4061-9977-a09b65b65b3f,0.8652493101643374
14562170-931f-4ba1-925c-932141c3545f,13b49d9c-e241-4eb6-a657-b829f28f6ab3,0.751541960015747
14562170-931f-4ba1-925c-932141c3545f,13b52cb0-6f38-4447-b1ab-dbc6ea29660b,0.8325232771374719
14562170-931f-4ba1-925c-932141c3545f,13b6079a-35c6-4574-af33-aac4903d23bc,0.6172208717739045
14562170-931f-4ba1-925c-932141c3545f,13b71166-4b15-49e2-ad06-b807ab56726e,0.8962705079382258
14562170-931f-4ba1-925c-932141c3545f,13b87027-c096-4120-8561-335f522ce5e6,0.5374108744437344
14562170-931f-4ba1-925c-932141c3545f,13ba1abf-8847-4d27-bf68-85fbd858e075,0.9050635420152496
14562170-931f-4ba1-925c-932141c3545f,13ba653d-6257-43bd-97a2-a4df608ea06a,0.9338306374482254
14562170-931f-4ba1-925c-932141c3545f,13ba7c49-8af4-4b27-9d4a-fd2e4a2d18b4,0.8807885765992464
14562170-931f-4ba1-925c-932141c3545f,13bb595c-6251-4a9d-bf59-2c0a00b3d3e6,0.8256958790048914
14562170-931f-4ba1-925c-932141c3545f,13be8c7f-7523-4def-acd7-708314994227,0.8344594334603516
14562170-931f-4ba1-925c-932141c3545f,13bf95a7-a9d5-4abc-a928-e8a12d500138,0.7938621806533493
14562170-931f-4ba1-925c-932141c3545f,13bf98ad-86a0-4e9d-a691-eeb12796fcaf,0.8863763176076078
14562170-931f-4ba1-925c-932141c3545f,13c0a819-2055-42db-ba0f-b8218ec59e63,0.9455510916023776
14562170-931f-4ba1-925c-932141c3545f,13c0f3b0-ba85-4222-99bd-665f52f81b7c,0.7544756208964333
14562170-931f-4ba1-925c-932141c3545f,13c1dcab-3f61-4853-b1c4-ef56ab65602e,0.9669024019297888
14562170-931f-4ba1-925c-932141c3545f,13c1e845-775c-4451-b883-be1cca858f18,0.8580336519291228
14562170-931f-4ba1-925c-932141c3545f,13c25014-04c3-421e-b2a5-53dc11c48cc5,0.896233485234334
14562170-931f-4ba1-925c-932141c3545f,13c398ab-4229-4b25-9ad5-a6a434937a69,0.7584508315275661
14562170-931f-4ba1-925c-932141c3545f,13c635e7-57a8-4822-9a55-de2d8b9d1c75,0.7394354146362401
14562170-931f-4ba1-925c-932141c3545f,13c8414a-a885-4578-be15-666465c94e3c,0.9669620765152664
14562170-931f-4ba1-925c-932141c3545f,13c869b2-0ad6-4a54-b3bb-a00f82d40a7b,0.575888510778357
14562170-931f-4ba1-925c-932141c3545f,13cae3c7-de87-4afb-ac17-ae7948b24e4e,0.9198072032027949
14562170-931f-4ba1-925c-932141c3545f,13cafa7f-4cc5-4bbe-ad5f-55d61d6cc664,0.8485003548226229
14562170-931f-4ba1-925c-932141c3545f,13cb8463-2643-492e-ba61-b551085bf1e3,0.7758552151625396
14562170-931f-4ba1-925c-932141c3545f,13cc5fa4-e398-4bde-9109-6d701c211e97,0.9238697695833952
14562170-931f-4ba1-925c-932141c3545f,13cc8382-1d2a-47f3-992f-a121c75cb93a,0.930799657630187
14562170-931f-4ba1-925c-932141c3545f,13ccc8ad-2475-402a-9eae-24734ea41f2c,0.4595817526517328
14562170-931f-4ba1-925c-932141c3545f,13ccf20e-084a-49ae-b457-859555d21bcf,0.9199254999045248
14562170-931f-4ba1-925c-932141c3545f,13cd027d-86c3-4d05-8165-648708c9bcb5,0.7759662146981062
14562170-931f-4ba1-925c-932141c3545f,13cd2c3a-507d-491e-836d-3d7682d12668,0.977505130668233
14562170-931f-4ba1-925c-932141c3545f,13cf5cb7-e99f-4c76-9b4a-60de491cf816,0.5306488504564801
14562170-931f-4ba1-925c-932141c3545f,13d24598-b597-4766-a052-a1eae667aa8e,0.8089814918260686
14562170-931f-4ba1-925c-932141c3545f,13d28506-289c-4e75-9169-4dc3b4b08028,0.881300604396216
14562170-931f-4ba1-925c-932141c3545f,13d32a47-8e31-4592-8655-3860b233d4fb,0.783623747100939
14562170-931f-4ba1-925c-932141c3545f,13d3301b-3c14-48bd-a35e-ff6d113a96f3,0.9405302360152124
14562170-931f-4ba1-925c-932141c3545f,13d37775-c657-4ebe-a9bd-cf08797369ab,0.4254293685179985
14562170-931f-4ba1-925c-932141c3545f,13d37b66-f2b5-46aa-9827-0a2a21186419,0.4942198010367336
14562170-931f-4ba1-925c-932141c3545f,13d3c7e4-1564-4cab-9465-c78d6b2d0437,0.9226845235037184
14562170-931f-4ba1-925c-932141c3545f,13d3c8e0-d9b8-4248-9b72-ab3e049c763c,0.8926438081448113
14562170-931f-4ba1-925c-932141c3545f,13d5415b-93e3-47b4-9043-4b1563eeab7d,0.8529731030706132
14562170-931f-4ba1-925c-932141c3545f,13d74128-6608-45a7-b725-1475d1c26f9b,0.9240986024009792
14562170-931f-4ba1-925c-932141c3545f,13d7d29b-b200-4dd0-9499-daa16cda5459,0.8697948652633352
14562170-931f-4ba1-925c-932141c3545f,13d8276a-c71c-4f56-a052-2d8ae55ec5a6,0.9382186884882048
14562170-931f-4ba1-925c-932141c3545f,13d84586-9a63-4d84-a2a0-ecaa71b4ee18,0.929811817055726
14562170-931f-4ba1-925c-932141c3545f,13d97a5e-7fd2-4976-b3f0-b0901f6d149a,0.719984917144563
14562170-931f-4ba1-925c-932141c3545f,13d9d162-29a2-4741-b930-ff4fadd49b2a,0.825831518877883
14562170-931f-4ba1-925c-932141c3545f,13dce4ea-532a-476a-b107-077dc6ca4148,0.963448956221672
14562170-931f-4ba1-925c-932141c3545f,13dd3410-c1b4-4458-abab-125e30f1a601,0.9122830855265824
14562170-931f-4ba1-925c-932141c3545f,13dd6014-a9f1-4848-b5be-338f45dd64d2,0.920192915953742
14562170-931f-4ba1-925c-932141c3545f,13df06fc-7cee-4f3d-8064-e787ee937e5d,0.7630479296110996
14562170-931f-4ba1-925c-932141c3545f,13df532d-6079-4086-9c0a-523b6170ac2a,0.301821109004227
14562170-931f-4ba1-925c-932141c3545f,13dfdeae-6155-4f65-ade3-01ccd6df5169,0.7559700001409412
14562170-931f-4ba1-925c-932141c3545f,13e0fbb1-2a84-4881-a2ed-4c3a44ddc91a,0.9237562464245904
14562170-931f-4ba1-925c-932141c3545f,13e30a11-ec5a-4e3d-ab7d-454c5ae1806a,0.4503455954769345
14562170-931f-4ba1-925c-932141c3545f,13e35b13-4ffd-4f29-8322-e392b9581613,0.7676981489709072
14562170-931f-4ba1-925c-932141c3545f,13e4390b-e7ee-4792-8deb-ec4990e8f36d,0.5918426657715793
14562170-931f-4ba1-925c-932141c3545f,13e5a4d5-09df-4b28-bdea-674f0bb3b7ff,0.9007167750653484
14562170-931f-4ba1-925c-932141c3545f,13e66b89-3421-4d99-a533-7efc8a79c020,0.895133160877926
14562170-931f-4ba1-925c-932141c3545f,13e69e09-b093-4983-b115-4fde8f4ba396,0.837164072402604
14562170-931f-4ba1-925c-932141c3545f,13e6bf13-eb09-4726-91f7-92a1c42157ca,0.8922631351218909
14562170-931f-4ba1-925c-932141c3545f,13e6ecf1-950a-4abf-a6af-1ce972ee066f,0.4819816531272448
14562170-931f-4ba1-925c-932141c3545f,13e756f3-94de-4a42-92d6-670b0122eccc,0.9210281753867436
14562170-931f-4ba1-925c-932141c3545f,13e8feee-b96b-4c36-a266-a91bce36c072,0.8968197996175374
14562170-931f-4ba1-925c-932141c3545f,13ea27c7-215b-4573-a439-70a9a68a1f0f,0.7930305748541074
14562170-931f-4ba1-925c-932141c3545f,13eb15ee-19a3-49d2-a539-11697c19d835,0.9207663362662196
14562170-931f-4ba1-925c-932141c3545f,13eb9396-05d7-4924-adc2-2abfdd1721f7,0.8931935152432965
14562170-931f-4ba1-925c-932141c3545f,13eda2bf-5128-4fe3-97a7-ac2de08b26a3,0.9381547699623912
14562170-931f-4ba1-925c-932141c3545f,13eda8d4-cc6c-4cc5-a0fe-f8b7787399b2,0.8757791815198591
14562170-931f-4ba1-925c-932141c3545f,13ef2bbd-d2d5-4320-8955-fb79ea51bca0,0.8549070948449108
14562170-931f-4ba1-925c-932141c3545f,13efaed3-a468-4f43-982b-0c4d75df2849,0.9341728384547394
14562170-931f-4ba1-925c-932141c3545f,13f0b4f1-8c8a-40da-83a2-5fdd5b4ec064,0.8540746924343345
14562170-931f-4ba1-925c-932141c3545f,13f2c297-53cf-460b-9857-aae656dd68bf,0.936352079441378
14562170-931f-4ba1-925c-932141c3545f,13f3bc2d-d391-43ab-b477-c712741450ae,0.9185269242724468
14562170-931f-4ba1-925c-932141c3545f,13f5905a-2b22-40cd-89e9-8abf75cc84c0,0.8788555561432816
14562170-931f-4ba1-925c-932141c3545f,13f6137c-4e93-4232-95bc-2a15639afd35,0.8852918663115875
14562170-931f-4ba1-925c-932141c3545f,13f69140-3513-4b44-b946-a73714884943,0.8821896981783197
14562170-931f-4ba1-925c-932141c3545f,13f73ce3-8e0f-4120-83a7-6f1b4d83faee,0.4302234816854478
14562170-931f-4ba1-925c-932141c3545f,13f73d0b-f7de-4eeb-858e-ea35df1b9b2a,0.7990553729897828
14562170-931f-4ba1-925c-932141c3545f,13f7f9ed-4f45-4be1-aef5-27a17c20dc87,0.8011451033801438
14562170-931f-4ba1-925c-932141c3545f,13f93928-b516-47ea-922d-cc077230b487,0.3612698589261923
14562170-931f-4ba1-925c-932141c3545f,13f98af9-0441-41c7-991c-021eaf548b1e,0.8970278128611122
14562170-931f-4ba1-925c-932141c3545f,13fa8875-1c1f-41c3-bbc8-2464c3564d62,0.9082851938611368
14562170-931f-4ba1-925c-932141c3545f,13fb2375-836d-44f9-9558-cedd8715527c,0.6161046572889015
14562170-931f-4ba1-925c-932141c3545f,13fb66ec-a4ff-47f6-a648-41a8fee5f22c,0.7887973997637588
14562170-931f-4ba1-925c-932141c3545f,1400f56b-9a28-490b-a19d-acba7498cbe3,0.9371030869182078
14562170-931f-4ba1-925c-932141c3545f,14015c64-461c-44d5-b8f7-c99a8aadead6,0.8528753192685081
14562170-931f-4ba1-925c-932141c3545f,14021318-f564-4e7e-8be2-df7a728e2d91,0.9821943109589384
14562170-931f-4ba1-925c-932141c3545f,14029a34-eb57-4c81-b435-c396f7f8b7d5,0.9186854739727776
14562170-931f-4ba1-925c-932141c3545f,1406ffff-7f98-4333-abe2-2b4cdbbf6801,0.8940135575499
14562170-931f-4ba1-925c-932141c3545f,1407ab9d-61e3-436b-96a7-55e8acdabc5d,0.8419894618006152
14562170-931f-4ba1-925c-932141c3545f,1407c057-7654-4879-a234-c941b9d56cc5,0.8970172189726928
14562170-931f-4ba1-925c-932141c3545f,14096095-0ab2-4b9c-be2f-e5d77a998424,0.8026331652505844
14562170-931f-4ba1-925c-932141c3545f,140bc61c-2a71-463a-b35e-95be4203f3ab,0.7049237996245032
14562170-931f-4ba1-925c-932141c3545f,140beb1e-e4d8-48d9-9332-02ade21b9722,0.861142286793788
14562170-931f-4ba1-925c-932141c3545f,140c3fd9-3c98-4de5-95c7-8d7855879bec,0.8892352554361852
14562170-931f-4ba1-925c-932141c3545f,140c6f02-cbc0-402a-ada1-853e6de9f8be,0.922219835927752
14562170-931f-4ba1-925c-932141c3545f,140e5185-6f17-4cd7-b710-5b7a04a24241,0.3379531875574901
14562170-931f-4ba1-925c-932141c3545f,14103fd5-0783-4ee8-bd46-db49a085ab99,0.8706890321603338
14562170-931f-4ba1-925c-932141c3545f,1411062d-0a48-42b6-8cfa-8a2dec8c5585,0.8349932615059783
14562170-931f-4ba1-925c-932141c3545f,1411062e-85da-4234-8ad8-1256d2e94161,0.9741791579446626
14562170-931f-4ba1-925c-932141c3545f,1412412f-3084-4571-81e6-6a78962d4ae3,0.8512594781470638
14562170-931f-4ba1-925c-932141c3545f,1412c3cd-0e00-4e5e-8fc6-9601b6e0f234,0.8735593301408039
14562170-931f-4ba1-925c-932141c3545f,1412f7a2-b73b-4b15-9f7f-5901e35b8e9a,0.9427331998681364
14562170-931f-4ba1-925c-932141c3545f,141341e8-105e-4873-a975-fa0a961c47d7,0.7600437301070154
14562170-931f-4ba1-925c-932141c3545f,1413e3c4-72dd-40b8-a413-3a0e0fdf6371,0.9476970153680112
14562170-931f-4ba1-925c-932141c3545f,1415403c-9032-4be0-948c-71b752a1dceb,0.8996139230501472
14562170-931f-4ba1-925c-932141c3545f,141560a7-ec7d-4109-8f42-8b1e0076cc91,0.6400495336526157
14562170-931f-4ba1-925c-932141c3545f,1415fc4f-276c-457f-85b9-f35f18915374,0.7832579194737079
14562170-931f-4ba1-925c-932141c3545f,1415fda3-3d5f-49c5-a50e-371de6c30ce0,0.921067779897081
14562170-931f-4ba1-925c-932141c3545f,1418def6-f6a8-492b-b63c-b3b69c342f75,0.9503221917633976
14562170-931f-4ba1-925c-932141c3545f,14191831-ee58-4ee3-a08d-89dcb4db31bb,0.8631099524479185
14562170-931f-4ba1-925c-932141c3545f,141b17a4-9393-4910-a801-718cbef74a49,0.7155188821595664
14562170-931f-4ba1-925c-932141c3545f,141c4dd5-c94a-48ba-93a9-dd7c86817527,0.8980374613222596
14562170-931f-4ba1-925c-932141c3545f,141d1840-d2ba-404c-a5e9-8ec483e513b8,0.9524699495447764
14562170-931f-4ba1-925c-932141c3545f,141e5623-700a-4eb2-9e65-b3e5ff41f70a,0.9140904678116876
14562170-931f-4ba1-925c-932141c3545f,141e773b-29e9-451c-bdf8-d08db0974795,0.903008501431627
14562170-931f-4ba1-925c-932141c3545f,141f7d19-00f7-4390-9501-6f6e05888097,0.5185726852072294
14562170-931f-4ba1-925c-932141c3545f,141fbe6b-e981-48b7-a372-211ce2e57641,0.6647839312270024
14562170-931f-4ba1-925c-932141c3545f,141ff68e-7c89-4ef2-8ae3-c0bee4408e38,0.8126404865623905
14562170-931f-4ba1-925c-932141c3545f,14201296-2364-4a21-b857-c544cbab346e,0.8864610450315128
14562170-931f-4ba1-925c-932141c3545f,1420b4fc-03ce-40c8-a7ad-5ab63697f17f,0.6704345925614624
14562170-931f-4ba1-925c-932141c3545f,1422a85f-674e-4a82-8061-297fefe2bba1,0.9596989344467208
14562170-931f-4ba1-925c-932141c3545f,1423b3b3-3a28-4d9d-8eb9-0d768acf8829,0.9672313142267076
14562170-931f-4ba1-925c-932141c3545f,1424062c-d91a-40fd-9d63-7f6fda508665,0.6967763666387252
14562170-931f-4ba1-925c-932141c3545f,142407ba-496c-4037-b45c-28e1e4844974,0.8418976020190546
14562170-931f-4ba1-925c-932141c3545f,14265755-7d77-4614-bd61-74860c566bb8,0.8560972089272526
14562170-931f-4ba1-925c-932141c3545f,14266167-2ef1-48d8-84aa-0f371b90fb0f,0.5338435328307416
14562170-931f-4ba1-925c-932141c3545f,14270a90-09e7-44b0-b081-a040df60bfaf,0.9172714494741728
14562170-931f-4ba1-925c-932141c3545f,142848c0-7fba-4bf4-9c1d-3f058b5eb611,0.9509618176384432
14562170-931f-4ba1-925c-932141c3545f,14287c23-cff5-4a9b-9040-d4bfcef84ccc,0.8918612768895046
14562170-931f-4ba1-925c-932141c3545f,142913db-a437-4209-ac7b-ccd554a047f8,0.7925866744206211
14562170-931f-4ba1-925c-932141c3545f,14291a78-0540-4087-ad19-58c8c9e8762f,0.9079863711215332
14562170-931f-4ba1-925c-932141c3545f,14293336-fc98-4421-8a3a-f21d875e072e,0.9574046070648796
14562170-931f-4ba1-925c-932141c3545f,1429c8f9-b605-450a-859e-e058fc26c57e,0.9033677765046084
14562170-931f-4ba1-925c-932141c3545f,142a6cb2-ca23-400d-b61c-546d8c86b115,0.7958954332618059
14562170-931f-4ba1-925c-932141c3545f,142c5fd6-04f3-4e76-9b11-39b29c5d0e1e,0.8468150403894654
14562170-931f-4ba1-925c-932141c3545f,142cacc0-0553-4f2c-a0d7-460eaf46e8ff,0.85391289630109
14562170-931f-4ba1-925c-932141c3545f,142ce647-32ec-4176-88cc-7b19d0848caf,0.839648508798282
14562170-931f-4ba1-925c-932141c3545f,142ef286-d762-45da-8c37-a723867875ce,0.9055375548702156
14562170-931f-4ba1-925c-932141c3545f,1431271e-d275-4117-bb76-5f88d57f7caa,0.817302100471409
14562170-931f-4ba1-925c-932141c3545f,14321adc-9ff5-4008-8993-121e98590515,0.793975624887836
14562170-931f-4ba1-925c-932141c3545f,1433612d-c066-4be0-91ee-385cd4fc0090,0.6513288415396833
14562170-931f-4ba1-925c-932141c3545f,143481b7-06cf-413b-b731-27cd18286c68,0.724294391840485
14562170-931f-4ba1-925c-932141c3545f,1434c37e-196e-45fd-9d19-46ab68ff602c,0.835385761640505
14562170-931f-4ba1-925c-932141c3545f,14360274-e0f4-4033-bc8c-8686baaeca82,0.9647141657311568
14562170-931f-4ba1-925c-932141c3545f,1436e79b-e7e9-42a5-84a2-77380bb1dbf4,0.6247174540178637
14562170-931f-4ba1-925c-932141c3545f,1437388d-6c61-48fe-9e5f-03c0c3f978ce,0.6489719117742127
14562170-931f-4ba1-925c-932141c3545f,143778ba-4c8a-4800-85a9-c125a12bd372,0.9134516675119386
14562170-931f-4ba1-925c-932141c3545f,1437b93d-2c61-43a3-ab8b-8e939a4e99b3,0.6644248045376328
14562170-931f-4ba1-925c-932141c3545f,143a3bcb-6bea-4757-be3a-9a00df78e842,0.9299835032043612
14562170-931f-4ba1-925c-932141c3545f,143b1f0f-1e2b-4a54-b063-285ad271978f,0.936819107789801
14562170-931f-4ba1-925c-932141c3545f,1440f800-eab3-42bb-bc08-c23ee860f15f,0.931524504083228
14562170-931f-4ba1-925c-932141c3545f,1441aa8e-b02b-4d49-a2d9-f9b720f828be,0.9394357380572
14562170-931f-4ba1-925c-932141c3545f,14439778-b75d-4af1-aa0e-0de55991448c,0.7861322979973433
14562170-931f-4ba1-925c-932141c3545f,1443c800-a03a-452b-acd3-adc660f2ce36,0.645848419508549
14562170-931f-4ba1-925c-932141c3545f,1443f03b-4ffd-43bb-9038-e5e6761b1b83,0.9107199369498712
14562170-931f-4ba1-925c-932141c3545f,14445a45-710f-4e31-abfa-88e179469135,0.8705673266850866
14562170-931f-4ba1-925c-932141c3545f,14465102-1237-46c4-ad7c-debf0d00cba8,0.8801690668548836
14562170-931f-4ba1-925c-932141c3545f,1447c2c2-282e-4741-a171-d88a3e81957c,0.6264637434191416
14562170-931f-4ba1-925c-932141c3545f,144a201f-b51e-4046-84c0-e58ce85406eb,0.5194307481217075
14562170-931f-4ba1-925c-932141c3545f,144b1ec9-5d0e-46d5-b147-e2af23c5a6e9,0.8646669733555368
14562170-931f-4ba1-925c-932141c3545f,14523337-7159-4999-8aaf-504f92805604,0.4728364524106943
14562170-931f-4ba1-925c-932141c3545f,14534464-557e-4763-9220-09f761e50766,0.9160469538199096
14562170-931f-4ba1-925c-932141c3545f,1453a2f3-a28a-484d-a473-2cc5215986e3,0.6626329720893259
14562170-931f-4ba1-925c-932141c3545f,14576f7e-1baf-4e86-9af4-9e79dfd7afc5,0.9380969872713156
14562170-931f-4ba1-925c-932141c3545f,14578c46-37a0-433f-b0e4-782886a95773,0.8914157807100592
14562170-931f-4ba1-925c-932141c3545f,14585bca-38fd-4421-8fca-63bb5709dd36,0.8084766719639118
14562170-931f-4ba1-925c-932141c3545f,1459318b-a831-4dba-92ed-9f61c6f13f47,0.8717304645516747
14562170-931f-4ba1-925c-932141c3545f,145b78f9-1b8d-4371-ae03-5b7758bff99b,0.8658350508770113
14562170-931f-4ba1-925c-932141c3545f,145c88cc-31b4-453c-a51c-dc649a262717,0.8631489402713958
14562170-931f-4ba1-925c-932141c3545f,145d8fc5-8c1e-4466-b0be-f32d68e9c2dc,0.8920762666260548
14562170-931f-4ba1-925c-932141c3545f,145e1fef-83ec-45d6-9a26-fdb47b52f2ee,0.3897570449601921
14562170-931f-4ba1-925c-932141c3545f,145ef585-58c0-4847-a0f0-fbbee95d5986,0.9215591118465136
14562170-931f-4ba1-925c-932141c3545f,145f4984-b6d8-4b54-bae3-bba90019fca9,0.7264838301403148
14562170-931f-4ba1-925c-932141c3545f,146377d2-e556-4eeb-a03a-34bed9d4e05d,0.8450127097765202
14562170-931f-4ba1-925c-932141c3545f,1463b341-fd9e-4b15-832c-b30b7de9773d,0.9544112293420176
14562170-931f-4ba1-925c-932141c3545f,1464791a-c185-499c-a4bd-73622ee61b43,0.7083727544059015
14562170-931f-4ba1-925c-932141c3545f,1464bc55-49b4-420f-8614-902cf2e6ac41,0.903374639125188
14562170-931f-4ba1-925c-932141c3545f,1464e3fa-a8ed-4c11-9d12-e7418e70b6a5,0.9596009591516828
14562170-931f-4ba1-925c-932141c3545f,146521d3-39c3-468e-9433-6e502da631c6,0.9089274546778542
14562170-931f-4ba1-925c-932141c3545f,14664212-fff8-4778-ad6f-69410024f32b,0.8100490543013359
14562170-931f-4ba1-925c-932141c3545f,14676802-bb70-4215-a622-9b9ba78853ce,0.7795052021404235
14562170-931f-4ba1-925c-932141c3545f,14683258-59ba-492d-b1d7-6d4e84a5c1ec,0.8704077324247033
14562170-931f-4ba1-925c-932141c3545f,146891d3-ca20-4acb-a345-48a3b65f8aab,0.9399441237542604
14562170-931f-4ba1-925c-932141c3545f,14699630-ff85-493a-9baa-98fbdfefa707,0.873235646254444
14562170-931f-4ba1-925c-932141c3545f,146a718f-edee-4370-a1cc-8800f34f2781,0.9263847821192772
14562170-931f-4ba1-925c-932141c3545f,146c5540-75bf-4358-94c7-80f58a69fb85,0.8139972894733916
14562170-931f-4ba1-925c-932141c3545f,146cd3d4-3b35-44a7-8ac7-f7d5787233e5,0.8511734965588307
14562170-931f-4ba1-925c-932141c3545f,146ebd38-61ea-4fa9-8781-d30e666c2e1e,0.8653307307058616
14562170-931f-4ba1-925c-932141c3545f,146fef5a-8e6b-4d41-a8c5-da8d0b22c771,0.6330557166979364
14562170-931f-4ba1-925c-932141c3545f,14709ad1-defe-46b7-8feb-eebdd0e8d2db,0.8986462300282008
14562170-931f-4ba1-925c-932141c3545f,1472e4fb-75d0-4705-9596-5d9a0ccefe56,0.8217542148309366
14562170-931f-4ba1-925c-932141c3545f,147352e5-7f56-4b1a-8983-36f73a6a852b,0.8098107645207504
14562170-931f-4ba1-925c-932141c3545f,1473bd20-83ff-49f5-85c1-801a3d3b01c1,0.8360970895901558
14562170-931f-4ba1-925c-932141c3545f,147421a1-b76a-480b-bc8c-672b7f40e0c1,0.8018964302022364
14562170-931f-4ba1-925c-932141c3545f,14749eb2-25e9-4180-832c-3273642aa54b,0.485948337472344
14562170-931f-4ba1-925c-932141c3545f,14764ecd-9443-481e-b0cc-77420a26892b,0.7578287295836081
14562170-931f-4ba1-925c-932141c3545f,1477abb7-fd1e-44f1-a977-286bee129639,0.9241705860997678
14562170-931f-4ba1-925c-932141c3545f,147827e7-5201-455b-9b7d-a3993a5a8b7f,0.9213317154282736
14562170-931f-4ba1-925c-932141c3545f,147a1ee4-5be2-4b04-b833-25bc88922ddb,0.9132224045622228
14562170-931f-4ba1-925c-932141c3545f,147b2967-1d48-495f-8b1f-4b90c5dd2e0f,0.7165649842057754
14562170-931f-4ba1-925c-932141c3545f,147cd15f-2ee1-470a-9721-789583621909,0.8688612435367348
14562170-931f-4ba1-925c-932141c3545f,147d823c-2c76-4900-8944-ae77a295c3d9,0.9164997186934152
14562170-931f-4ba1-925c-932141c3545f,147db0af-297c-422d-a1bc-cd31e3c920d0,0.6033888600074787
14562170-931f-4ba1-925c-932141c3545f,1480d064-6e6f-414a-8ae2-cfdc557956b4,0.9205582629304614
14562170-931f-4ba1-925c-932141c3545f,14831ff2-8bc8-48f5-a42d-cdfee25c7440,0.9427811538469506
14562170-931f-4ba1-925c-932141c3545f,14863eb3-5acd-48e4-978d-eb173e13ccc5,0.8866364772772117
14562170-931f-4ba1-925c-932141c3545f,14875e8c-9aec-4406-94f8-fb1ede34213a,0.931939912156826
14562170-931f-4ba1-925c-932141c3545f,1487aabd-4721-4ce4-8332-a160531398cb,0.8833665570819837
14562170-931f-4ba1-925c-932141c3545f,148ab0a8-0cb6-4bd1-a41b-4bd9eb6f7a2d,0.5576317811163777
14562170-931f-4ba1-925c-932141c3545f,148c81da-2894-4978-9381-456cb50bf1d8,0.8485039505022464
14562170-931f-4ba1-925c-932141c3545f,148ca9b3-edc3-480e-b5b9-07c6479ca1df,0.895068810050468
14562170-931f-4ba1-925c-932141c3545f,14915241-0e02-48a6-9917-980952f47731,0.6918799458867972
14562170-931f-4ba1-925c-932141c3545f,149431b4-67b9-452e-aa93-80803e620c0d,0.9309704212882468
14562170-931f-4ba1-925c-932141c3545f,149666f6-9a93-40cd-9784-c1cd6a015794,0.9696264471963544
14562170-931f-4ba1-925c-932141c3545f,14981da9-7fd6-4374-b571-f5daa15d7707,0.7192022479329014
14562170-931f-4ba1-925c-932141c3545f,149acc06-8ec4-4420-85cf-521b68536441,0.6242760756298849
14562170-931f-4ba1-925c-932141c3545f,149d1b7f-5ae1-4b29-a7eb-cde4e054d8bd,0.9257474500567708
14562170-931f-4ba1-925c-932141c3545f,149d8290-0f60-4310-acfd-116c70a1ffb1,0.978861005155774
14562170-931f-4ba1-925c-932141c3545f,149fbb47-6834-4dce-b366-f8f5664fd26a,0.8928889604004584
14562170-931f-4ba1-925c-932141c3545f,149fd893-03a2-4836-9466-d56423b0bbbb,0.9230702285427194
14562170-931f-4ba1-925c-932141c3545f,14a21519-ac81-4364-8982-5caa996ff383,0.9145295057972114
14562170-931f-4ba1-925c-932141c3545f,14a4c92b-e4ec-4bfc-b78c-483d54c13c88,0.930495655673297
14562170-931f-4ba1-925c-932141c3545f,14a57e36-f12a-4ff4-b9af-ebcfd7374bf3,0.931245112560154
14562170-931f-4ba1-925c-932141c3545f,14a6e881-76a9-4a25-97fb-7714ffab7c15,0.8202798726930423
14562170-931f-4ba1-925c-932141c3545f,14a6f335-33c0-45b8-ac1e-d5305eb1e412,0.7360195806338965
14562170-931f-4ba1-925c-932141c3545f,14a73df5-edd6-4c87-95dc-bc51fa3646b5,0.8772976861956352
14562170-931f-4ba1-925c-932141c3545f,14a8a2c0-1daa-4e7c-89b3-41fc46486548,0.4316891217690957
14562170-931f-4ba1-925c-932141c3545f,14a8a8c0-d170-4b18-8097-0411f7f72a35,0.9341925804185064
14562170-931f-4ba1-925c-932141c3545f,14a98b0b-a15a-43d3-abad-376b973e25bb,0.8740985459081437
14562170-931f-4ba1-925c-932141c3545f,14a9b027-d3ad-41f0-8e70-5d4d2ec877f1,0.9544156755482086
14562170-931f-4ba1-925c-932141c3545f,14ab43d0-ec29-4d31-ab6c-b3371def4152,0.7600081675384532
14562170-931f-4ba1-925c-932141c3545f,14ac174f-7117-4a95-9009-8a788959ed05,0.5381411304575884
14562170-931f-4ba1-925c-932141c3545f,14ac4adf-a904-42b8-aa47-2ed7c34a5b1d,0.7944743916554816
14562170-931f-4ba1-925c-932141c3545f,14ad3233-2204-40a0-a2ac-8d1117798349,0.8581438649506715
14562170-931f-4ba1-925c-932141c3545f,14b24319-42dd-4208-87e0-80558a8a014b,0.5208421243169171
14562170-931f-4ba1-925c-932141c3545f,14b974af-efa5-4126-951b-8da837a31ea6,0.9117746150914792
14562170-931f-4ba1-925c-932141c3545f,14ba4d6b-4bb5-4d7a-ab4d-2acc21575aba,0.949786921273423
14562170-931f-4ba1-925c-932141c3545f,14bb292c-335e-44cd-92ec-318bbb5fd2eb,0.9486446477542764
14562170-931f-4ba1-925c-932141c3545f,14bba233-a51c-4f7b-bed2-5ce583e290c1,0.9394996915032436
14562170-931f-4ba1-925c-932141c3545f,14bc934d-ac20-42e5-be61-b9e763156446,0.9574586514541265
14562170-931f-4ba1-925c-932141c3545f,14bfa8e6-9b4b-407c-844b-9494152d8167,0.866857742227648
14562170-931f-4ba1-925c-932141c3545f,14bfc221-c827-4a1d-97f4-8ffff66b5161,0.8603722941732566
14562170-931f-4ba1-925c-932141c3545f,14c172a4-7a0c-4c98-bcff-85238772b00a,0.7921718689430038
14562170-931f-4ba1-925c-932141c3545f,14c22d00-dfef-4948-a6c5-fa117ba706c6,0.8879056408888195
14562170-931f-4ba1-925c-932141c3545f,14c455a2-e8a4-4bf5-9165-29b0bc961223,0.8927509963873062
14562170-931f-4ba1-925c-932141c3545f,14c51647-fa3d-40f8-89c6-ef5233cb19c8,0.8795248525481407
14562170-931f-4ba1-925c-932141c3545f,14c5e96f-701c-430f-8314-68d2970c068b,0.7756672148549464
14562170-931f-4ba1-925c-932141c3545f,14c74d5f-8411-46e4-bd06-e2ade23f28a6,0.8606853199129246
14562170-931f-4ba1-925c-932141c3545f,14c944aa-b7b5-4fd4-ab7f-c8686696319b,0.9137283771874064
14562170-931f-4ba1-925c-932141c3545f,14c9b696-01fb-493b-ad1b-30b957af19bf,0.9115829758939408
14562170-931f-4ba1-925c-932141c3545f,14ca4b76-b318-40e5-a20b-df5ec09f3fa2,0.8633616962421481
14562170-931f-4ba1-925c-932141c3545f,14cb455b-6618-4cb0-8066-b1ea20595835,0.9478248203191744
14562170-931f-4ba1-925c-932141c3545f,14cbe0d4-0cc2-4565-aa93-0598a3509f03,0.9003747361520956
14562170-931f-4ba1-925c-932141c3545f,14ce4bc9-5d78-4b00-99a5-3894e80839c2,0.9075068749068058
14562170-931f-4ba1-925c-932141c3545f,14ceb1e7-e9dc-4f0b-bbb6-ee311c58fa3d,0.8807204499928847
14562170-931f-4ba1-925c-932141c3545f,14cefcb2-3e6b-4dec-a8a9-b44a74c3fe06,0.9608584657176208
14562170-931f-4ba1-925c-932141c3545f,14cf0169-1c86-4702-addf-7421604cdc1d,0.8065357430368539
14562170-931f-4ba1-925c-932141c3545f,14d0d0fd-eb65-4b2d-ba26-cc25b55c19b6,0.908459693912927
14562170-931f-4ba1-925c-932141c3545f,14d183fc-8813-4382-b04e-a8cd5d511707,0.9142366515377348
14562170-931f-4ba1-925c-932141c3545f,14d4e61f-58ab-47fe-b255-610fcec852dc,0.8856477622683023
14562170-931f-4ba1-925c-932141c3545f,14d5e88f-1d73-4320-a032-0516195dedbe,0.5607115396643239
14562170-931f-4ba1-925c-932141c3545f,14d614c7-051d-4c40-ada1-7d891cdb1ee8,0.4758446341258041
14562170-931f-4ba1-925c-932141c3545f,14d633f1-c23d-48f8-b713-a1b8bc282e2d,0.9134959600913864
14562170-931f-4ba1-925c-932141c3545f,14d873be-1b0e-41b3-83a3-54238aa08fa7,0.9353240753229588
14562170-931f-4ba1-925c-932141c3545f,14d94619-db41-45de-984c-24d6f34a4041,0.8748519848526788
14562170-931f-4ba1-925c-932141c3545f,14da1fc4-960e-4dcd-b700-e3ba07d4ee56,0.5677788043696284
14562170-931f-4ba1-925c-932141c3545f,14da36d5-e140-4abd-bc91-a1e5aa5db6d8,0.8066115980901216
14562170-931f-4ba1-925c-932141c3545f,14dc3835-1895-45f4-bf74-dab05120d970,0.9415410685187332
14562170-931f-4ba1-925c-932141c3545f,14dcf772-7dae-4d6d-806f-a22ad2824455,0.8624419201741694
14562170-931f-4ba1-925c-932141c3545f,14dd0c4c-346a-42d1-9a41-27b4b5c00f2e,0.8150239112914754
14562170-931f-4ba1-925c-932141c3545f,14df985c-50dd-4ec0-80f4-fda512d359f4,0.8856725465422175
14562170-931f-4ba1-925c-932141c3545f,14dfe29f-99b1-4393-8886-d55c435ef4d7,0.9461727508349668
14562170-931f-4ba1-925c-932141c3545f,14e153b6-4fa4-4541-8f63-722139fcf270,0.9515360867226036
14562170-931f-4ba1-925c-932141c3545f,14e424a3-2ef9-45a5-8a4e-e6587fbae932,0.8801473666455273
14562170-931f-4ba1-925c-932141c3545f,14e58afc-6361-4ad0-9016-20cbc1282d1c,0.9627478335190998
14562170-931f-4ba1-925c-932141c3545f,14e65b0e-d6c0-4b7d-b553-88f5c828b8c2,0.8659528661270516
14562170-931f-4ba1-925c-932141c3545f,14e73d66-660d-47c0-9262-aac62d871482,0.6406993743296019
14562170-931f-4ba1-925c-932141c3545f,14e7dc2c-fcf1-4b4e-ab4c-1da4870bb01c,0.9188486553306926
14562170-931f-4ba1-925c-932141c3545f,14e91aa9-6c44-495c-84d0-f89825ac8be5,0.8290472740506276
14562170-931f-4ba1-925c-932141c3545f,14e92fde-45ff-4ffe-9297-c0280abbbf20,0.9039672068449016
14562170-931f-4ba1-925c-932141c3545f,14e94c11-2352-48b0-b7b0-8933149519d2,0.9077527340236876
14562170-931f-4ba1-925c-932141c3545f,14e97065-54fb-407d-bf60-e373a3ce44a6,0.8538906952479407
14562170-931f-4ba1-925c-932141c3545f,14eaa3d8-b7ee-4372-82c9-b6e3c9b3dc8b,0.9689081426414108
14562170-931f-4ba1-925c-932141c3545f,14ebea06-9192-4acf-bc82-b520750efc28,0.959009636938781
14562170-931f-4ba1-925c-932141c3545f,14ee0c8c-80a5-4c4d-93fc-3ed11050dec9,0.7831603972664553
14562170-931f-4ba1-925c-932141c3545f,14f0933e-41a8-4704-a3e1-dac802bd278c,0.8133132335073984
14562170-931f-4ba1-925c-932141c3545f,14f12923-85eb-4863-85c4-77838e946bb1,0.9760298256786688
14562170-931f-4ba1-925c-932141c3545f,14f274b9-4d2b-469c-8b1a-09be2647f926,0.9661911680338644
14562170-931f-4ba1-925c-932141c3545f,14f303d5-5a18-48d1-9ba7-23d1f960c89b,0.8173994445279267
14562170-931f-4ba1-925c-932141c3545f,14f4fc38-e1fd-4889-89fe-f654928e5d5f,0.9642673036370132
14562170-931f-4ba1-925c-932141c3545f,14f63053-6054-4cd2-9fee-1a7a3b79bbdb,0.7084577948251533
14562170-931f-4ba1-925c-932141c3545f,14f75712-7089-47b0-9e43-b1d3da6627e2,0.8659626968398766
14562170-931f-4ba1-925c-932141c3545f,14f7ff12-8d17-4038-8e12-4154a1f4a558,0.8757930727191185
14562170-931f-4ba1-925c-932141c3545f,14fa1770-bac8-474f-9f33-8fca299d5294,0.8586096337661929
14562170-931f-4ba1-925c-932141c3545f,14fabfb7-b17e-4621-81f8-57879debaee6,0.92525490452983
14562170-931f-4ba1-925c-932141c3545f,14fe243e-9545-4bcb-ae3e-4c469709e45d,0.9251378771471452
14562170-931f-4ba1-925c-932141c3545f,150307c4-0ba8-4869-be8d-3386cf3dfdbf,0.9422850143479096
14562170-931f-4ba1-925c-932141c3545f,150542c1-3412-490a-aa59-30b5521205eb,0.9181191472351627
14562170-931f-4ba1-925c-932141c3545f,150548f9-bac7-487a-9c60-2330e31a341e,0.5191301216086802
14562170-931f-4ba1-925c-932141c3545f,1505d614-abf2-406c-9e9f-cd2845e434a2,0.844807628069059
14562170-931f-4ba1-925c-932141c3545f,150b43fb-3885-4d99-b64d-91ea2b789301,0.6825722226647936
14562170-931f-4ba1-925c-932141c3545f,150bf315-11d4-44bb-84c9-c76ba8ccf89e,0.9097338995928408
14562170-931f-4ba1-925c-932141c3545f,150cfba3-bb71-4d60-8f8f-417da931463e,0.8295703630947177
14562170-931f-4ba1-925c-932141c3545f,150d8e60-4f1b-4507-bee0-b369e151f3a6,0.8762416575598846
14562170-931f-4ba1-925c-932141c3545f,150dbd37-fd91-4f59-bca3-76b623b75041,0.9623932055566063
14562170-931f-4ba1-925c-932141c3545f,150e4565-7cea-474b-a632-2a5078b0135b,0.9090501134283232
14562170-931f-4ba1-925c-932141c3545f,150eb7ce-3c37-4a46-8e6d-09cc5ca58d56,0.5065067135738835
14562170-931f-4ba1-925c-932141c3545f,15101984-6d0a-4aa3-9eb1-33899145ebe7,0.951969052730922
14562170-931f-4ba1-925c-932141c3545f,1511da47-07b9-4450-ae4c-eaaec058152e,0.883771050488781
14562170-931f-4ba1-925c-932141c3545f,1513b1f9-6137-4a6a-a48a-63602c8a9e8b,0.7419268097977706
14562170-931f-4ba1-925c-932141c3545f,1514ede9-5cb9-455d-8210-0668b6f92045,0.8399547870293734
14562170-931f-4ba1-925c-932141c3545f,1516764c-6044-442e-b14d-dac7c2761386,0.8069135532242936
14562170-931f-4ba1-925c-932141c3545f,151ac2cc-2f06-4f5b-9835-a86ba97f0a43,0.8160409508625959
14562170-931f-4ba1-925c-932141c3545f,151b7867-5ab1-40b4-9083-3be100530d18,0.920326088873758
14562170-931f-4ba1-925c-932141c3545f,151bb63d-94fe-44c4-9bcc-45efc5654838,0.7551601986945906
14562170-931f-4ba1-925c-932141c3545f,151bf2e8-0dc9-4844-a51f-0cd76a76bbfe,0.8830993017219476
14562170-931f-4ba1-925c-932141c3545f,151d3050-8789-402a-a6a9-c0da502499cc,0.9145774955517388
14562170-931f-4ba1-925c-932141c3545f,1523a4d8-e522-47c5-8ab5-91555df578f9,0.7023622058664952
14562170-931f-4ba1-925c-932141c3545f,1523f0ea-822d-4024-8bc2-61fc5ebca172,0.9558567840174076
14562170-931f-4ba1-925c-932141c3545f,152647b9-a7ef-4eb5-8b40-f5b9481e0e93,0.8768947708781789
14562170-931f-4ba1-925c-932141c3545f,1527efe7-7c4c-426a-9124-6999db0519fa,0.8413967763042192
14562170-931f-4ba1-925c-932141c3545f,152894bb-b135-4f4c-b3d9-0cf22a8f7592,0.8478399211617658
14562170-931f-4ba1-925c-932141c3545f,1529e2f2-8816-45d3-98d3-0d7f21a8f6c5,0.7658500570421795
14562170-931f-4ba1-925c-932141c3545f,152d9009-39f8-4571-b776-d8170ff8e9aa,0.980891535185275
14562170-931f-4ba1-925c-932141c3545f,152f6ee9-3f2b-43cb-ba7f-6a79f209c6d0,0.4327176135255527
14562170-931f-4ba1-925c-932141c3545f,15304c6a-dad6-4ac6-b360-374c96883139,0.884002167063095
14562170-931f-4ba1-925c-932141c3545f,1530812f-0ac8-4e7f-9424-a398b01d9637,0.6433375984404253
14562170-931f-4ba1-925c-932141c3545f,1530b3db-413b-4d10-a571-00999eeab04e,0.8708077844983851
14562170-931f-4ba1-925c-932141c3545f,1531ac45-4147-4aa4-88d2-589c4dfd094e,0.9048552290881956
14562170-931f-4ba1-925c-932141c3545f,1533fc43-88d5-4fa1-9f02-6f154a11f654,0.7846245463935819
14562170-931f-4ba1-925c-932141c3545f,1534d778-a342-4eba-bfef-3acf94151ab5,0.6941711182425623
14562170-931f-4ba1-925c-932141c3545f,15367d5a-ed3e-4e37-b5ef-4c2b2d6e2959,0.9477819871613448
14562170-931f-4ba1-925c-932141c3545f,15372e57-e9cd-463e-9d1c-e0a397da0d55,0.9457986132591704
14562170-931f-4ba1-925c-932141c3545f,153737b2-0b2d-4ca1-910e-15495c60889f,0.9043244278557758
14562170-931f-4ba1-925c-932141c3545f,15385104-30e2-4cd0-94c3-b7b2a42649ce,0.8498650214827732
14562170-931f-4ba1-925c-932141c3545f,153a1422-338b-4dcc-973d-62b9568202ca,0.8709462424853675
14562170-931f-4ba1-925c-932141c3545f,153ccef2-b3a3-4390-ab11-832506785a50,0.5577892868916358
14562170-931f-4ba1-925c-932141c3545f,153e9b23-ba7a-4f17-b9d8-c2cee5087bd9,0.5944399724918726
14562170-931f-4ba1-925c-932141c3545f,153eb38f-5e29-4fda-886f-3dde6885a396,0.6897681980040152
14562170-931f-4ba1-925c-932141c3545f,153fe66f-53fa-46c6-85e5-dd55b426f263,0.8043724781956123
14562170-931f-4ba1-925c-932141c3545f,15423134-b33a-4fd2-a419-4d199321b00e,0.9011461778159288
14562170-931f-4ba1-925c-932141c3545f,15439abf-1e2f-42c2-97bc-efb51169f12e,0.8603935633520567
14562170-931f-4ba1-925c-932141c3545f,154450e7-cf53-4b0c-a62d-06b88977dd66,0.8226894305394409
14562170-931f-4ba1-925c-932141c3545f,1544c5d0-7905-42f5-a70a-11dc8c7c2b1a,0.7267556272291079
14562170-931f-4ba1-925c-932141c3545f,15454c8a-394c-4292-8d31-2891c2621230,0.9163474775374896
14562170-931f-4ba1-925c-932141c3545f,15458d81-8981-4162-8b15-f08dd0b21693,0.9187302299517376
14562170-931f-4ba1-925c-932141c3545f,1545c200-253d-4d90-a5ce-1631aefcf48b,0.8050733599192674
14562170-931f-4ba1-925c-932141c3545f,15465e31-b5f4-41a7-9931-7d4bf3198600,0.8728280905141312
14562170-931f-4ba1-925c-932141c3545f,1546c7bd-383a-4a7a-8ba1-4be8a9affc82,0.9379288143703044
14562170-931f-4ba1-925c-932141c3545f,154773df-ec03-44e2-8ac9-78f29ee2d384,0.6646982302491733
14562170-931f-4ba1-925c-932141c3545f,1548d317-3806-4364-827f-bef4fd653502,0.9423949978271882
14562170-931f-4ba1-925c-932141c3545f,154b4dd4-db27-4b51-a736-0a7adaa85874,0.8846005799541611
14562170-931f-4ba1-925c-932141c3545f,154be8ed-09eb-45ad-bb88-c02650343b8e,0.4281228190746585
14562170-931f-4ba1-925c-932141c3545f,154c2dff-0e69-4777-a2ec-1facf4fd5159,0.5937009707562558
14562170-931f-4ba1-925c-932141c3545f,154da9e0-194f-40e5-ae0d-a5410f1a72d0,0.8690573779210181
14562170-931f-4ba1-925c-932141c3545f,154e508d-8986-4738-af55-4e1434e87fbd,0.8874485886209774
14562170-931f-4ba1-925c-932141c3545f,155066d1-fb54-4fad-8fa9-155345ec2815,0.7911663195013721
14562170-931f-4ba1-925c-932141c3545f,1553ee22-d7a5-4611-9795-ac1246420ef6,0.8865313784245912
14562170-931f-4ba1-925c-932141c3545f,15552103-b8c4-4c77-b50b-cba8826f7692,0.9787378824622875
14562170-931f-4ba1-925c-932141c3545f,15555a23-c4c1-4430-933f-08d6a1f7cabb,0.8744077665759471
14562170-931f-4ba1-925c-932141c3545f,1555b3cc-6aaf-474b-a486-438929810ee5,0.9267173288317536
14562170-931f-4ba1-925c-932141c3545f,155619d6-ef16-4ff5-ad5c-32004ad74f53,0.9605464831854222
14562170-931f-4ba1-925c-932141c3545f,15566b5c-29fa-4015-b756-238b4a0adece,0.8201393056877607
14562170-931f-4ba1-925c-932141c3545f,1556814b-1d37-49a2-8da3-a5a2d6b90623,0.6670013080196473
14562170-931f-4ba1-925c-932141c3545f,15594d11-f62f-4e38-8c91-2d6352314c0a,0.8308962442291
14562170-931f-4ba1-925c-932141c3545f,155a2afa-1a15-4be3-b5a8-f03c80defbc7,0.8299430672168241
14562170-931f-4ba1-925c-932141c3545f,155ac144-e02e-4a08-bd17-462a2684552f,0.8207356547101416
14562170-931f-4ba1-925c-932141c3545f,155c2c3e-313a-417f-ba5e-188e44601cdc,0.7773371073367801
14562170-931f-4ba1-925c-932141c3545f,155c6b76-f7a8-4491-a4a6-6caf2635f3c7,0.792688754550195
14562170-931f-4ba1-925c-932141c3545f,155c9ed1-7003-466c-87b1-ebe2f5a1655e,0.8508706322469137
14562170-931f-4ba1-925c-932141c3545f,155f4bb0-2d59-45ed-a4b1-e772c60bc848,0.9171191488910588
14562170-931f-4ba1-925c-932141c3545f,15605373-1795-47c0-a8c6-11b4370a2b56,0.8574392982987482
14562170-931f-4ba1-925c-932141c3545f,15607585-ec31-4ad4-ad81-6604bc179592,0.884805240135579
14562170-931f-4ba1-925c-932141c3545f,15615f08-0c2a-4009-8c35-88f61f2b764d,0.841707557226122
14562170-931f-4ba1-925c-932141c3545f,1561b5fd-c6f8-4dd7-b88e-6d7a4267cf04,0.5853598983804161
14562170-931f-4ba1-925c-932141c3545f,156299fb-602a-423d-bace-e8ade6cb709f,0.8432088478015819
14562170-931f-4ba1-925c-932141c3545f,15641094-ebd8-48a0-84c5-78e251d4b315,0.8930476163982594
14562170-931f-4ba1-925c-932141c3545f,1564697a-eac5-4547-a52b-6bdc84af30dc,0.8973127130139624
14562170-931f-4ba1-925c-932141c3545f,156547b5-b6c9-4dd7-a128-4b65d29589db,0.7877021801371082
14562170-931f-4ba1-925c-932141c3545f,15667df0-8b6e-4359-b2b6-a547a4a73eeb,0.7742154719781933
14562170-931f-4ba1-925c-932141c3545f,1566fdc3-3332-4fa8-8b1d-6e71174ab7ed,0.8941211571101876
14562170-931f-4ba1-925c-932141c3545f,156a410b-dac4-4f1e-82d8-9d68227c5447,0.9255049439485228
14562170-931f-4ba1-925c-932141c3545f,156a71c8-c1b4-46b1-94db-fd64f034d129,0.8723609206354582
14562170-931f-4ba1-925c-932141c3545f,156d9a7e-5d6d-4576-9bed-a7f468eaa85b,0.7313506821842506
14562170-931f-4ba1-925c-932141c3545f,156f0daf-076c-43b9-b3ca-59f41e7c5271,0.7533153515441124
14562170-931f-4ba1-925c-932141c3545f,156fea16-8f80-4c61-a0d8-5d7cb1cfdfa5,0.8189270944972514
14562170-931f-4ba1-925c-932141c3545f,1570f841-f573-49bf-9141-3ac26147a671,0.9545376940631196
14562170-931f-4ba1-925c-932141c3545f,1571bbf9-228a-4493-822e-3484689bb57c,0.8501918394472574
14562170-931f-4ba1-925c-932141c3545f,15725ef9-dc44-426f-b5e7-62765a555e1c,0.6998711175955517
14562170-931f-4ba1-925c-932141c3545f,15762c43-9a21-443e-ac26-98de8ef00e6a,0.9008536770737708
14562170-931f-4ba1-925c-932141c3545f,15764cc4-a2c4-4523-a3b2-9080cd564262,0.9103515759495758
14562170-931f-4ba1-925c-932141c3545f,15768ae8-ecf0-4e80-b6ae-2e06dcea26fe,0.8833451299730884
14562170-931f-4ba1-925c-932141c3545f,157854b6-082f-4028-bcc0-6df844d380a5,0.7590973029838158
14562170-931f-4ba1-925c-932141c3545f,1578bc67-2b97-4b01-9f3d-337c566f4f00,0.94560745021663
14562170-931f-4ba1-925c-932141c3545f,15795f8f-b47b-4758-884b-b6fa65f04120,0.9286604264177338
14562170-931f-4ba1-925c-932141c3545f,1579ca70-9944-4107-81a9-93b8be1fc8a3,0.8752137968076411
14562170-931f-4ba1-925c-932141c3545f,157af1dc-530d-4b66-af5b-f59e863f3f44,0.8928404344695207
14562170-931f-4ba1-925c-932141c3545f,157c1432-3e7b-47f0-b8a3-18867d227b29,0.831805467231904
14562170-931f-4ba1-925c-932141c3545f,157cbb60-9eb9-4247-a010-9abb61916bc9,0.8677487544155555
14562170-931f-4ba1-925c-932141c3545f,157d3170-3ccf-4b27-a61c-412bdbaccace,0.923346774106702
14562170-931f-4ba1-925c-932141c3545f,157e3dc6-3984-4133-a672-ebbfcbf05bac,0.91676545262731
14562170-931f-4ba1-925c-932141c3545f,1580b1e9-a867-422b-a925-3b881db8ec58,0.775970392702465
14562170-931f-4ba1-925c-932141c3545f,1580f8dd-946d-411d-88a1-74174098979e,0.8961730353810661
14562170-931f-4ba1-925c-932141c3545f,158305f1-cf27-48f1-af9b-8d997df50f3d,0.9194877930545868
14562170-931f-4ba1-925c-932141c3545f,158467f0-4a5d-40f1-a4e7-3fbc03778a89,0.9534394570513964
14562170-931f-4ba1-925c-932141c3545f,15866b9a-371a-4046-ae62-5d9af13e1c37,0.8549101554524303
14562170-931f-4ba1-925c-932141c3545f,15879bdf-e5ce-4f75-9988-5e3e12757d0d,0.8653675011724653
14562170-931f-4ba1-925c-932141c3545f,158812b6-2c43-45f9-9b78-77d44be17d83,0.9092599200263984
14562170-931f-4ba1-925c-932141c3545f,1588234f-b2c2-4386-99df-ca4200ac74e3,0.5577892868916358
14562170-931f-4ba1-925c-932141c3545f,1588529b-dee3-438c-a55a-c515b45def26,0.8143888952942079
14562170-931f-4ba1-925c-932141c3545f,158d2bf9-c5db-440f-8c36-0e8925fd2c5a,0.8334875365809586
14562170-931f-4ba1-925c-932141c3545f,158e177e-6931-48dc-8f0f-95c1927d5e68,0.5328033955778587
14562170-931f-4ba1-925c-932141c3545f,158e6bf1-ec57-4926-b075-01e1f387fb9d,0.8807316498317228
14562170-931f-4ba1-925c-932141c3545f,1590c21e-2172-444a-b2b4-c980bfe6f698,0.8785085870898524
14562170-931f-4ba1-925c-932141c3545f,159288b4-5731-4383-a04b-213839e6580a,0.935083062042715
14562170-931f-4ba1-925c-932141c3545f,15936e33-4a1f-4a9a-a827-44dbcd874993,0.9034654266231088
14562170-931f-4ba1-925c-932141c3545f,15949ecd-6437-4728-b50e-6c4ef1cf4556,0.8048798992404498
14562170-931f-4ba1-925c-932141c3545f,159523ee-1dd7-4011-81bf-da588bd3d8ff,0.8653871942350918
14562170-931f-4ba1-925c-932141c3545f,15953e45-7674-4d5f-8e02-9d4bc205bedf,0.732570032115923
14562170-931f-4ba1-925c-932141c3545f,1595b29e-8134-4939-9572-605e19513224,0.6822330012483737
14562170-931f-4ba1-925c-932141c3545f,1595b2d1-0b49-4b53-b362-c0e23e3ea5e2,0.8835833203363819
14562170-931f-4ba1-925c-932141c3545f,1596250e-23f9-4ab4-8f23-1075d093eca4,0.8260514266450596
14562170-931f-4ba1-925c-932141c3545f,15983e18-f214-4ddf-88ef-f6f30e4131e0,0.9008603404652212
14562170-931f-4ba1-925c-932141c3545f,159965e7-1499-454d-ada2-78c7c3e78ddc,0.6505829674179213
14562170-931f-4ba1-925c-932141c3545f,159c033c-28e7-411a-a10c-0dce09bc85eb,0.856533737616071
14562170-931f-4ba1-925c-932141c3545f,159da7b1-f9d5-4207-be5e-a78652de3571,0.9153276276142108
14562170-931f-4ba1-925c-932141c3545f,159e1613-f64e-4a45-adce-65ba12901f1e,0.9152248881505048
14562170-931f-4ba1-925c-932141c3545f,159f0ea4-5841-4bda-8c78-ef95c824b5ac,0.8819531192994757
14562170-931f-4ba1-925c-932141c3545f,159fa548-ca60-46f1-93f0-db732c61db3b,0.8551362195700907
14562170-931f-4ba1-925c-932141c3545f,15a09558-e740-44f0-aba9-47ce24cb334f,0.7222993212503821
14562170-931f-4ba1-925c-932141c3545f,15a12eee-29b2-411f-a141-2520088d855e,0.6586055107137863
14562170-931f-4ba1-925c-932141c3545f,15a4ffd4-0873-4d10-8a39-1297ca1d9518,0.8936264900739758
14562170-931f-4ba1-925c-932141c3545f,15a735f2-4e73-48aa-b782-d64509da84df,0.8692967360083284
14562170-931f-4ba1-925c-932141c3545f,15a7e384-a129-4919-9688-66992418e65e,0.8998624788955035
14562170-931f-4ba1-925c-932141c3545f,15a81bba-9b23-49f5-9f3c-82d31fad15ea,0.1784452242702997
14562170-931f-4ba1-925c-932141c3545f,15a826ca-6613-4fe1-b685-ce9ea59c8f92,0.8733137365441179
14562170-931f-4ba1-925c-932141c3545f,15a83168-c195-450a-b120-257cae945a04,0.9605041306475256
14562170-931f-4ba1-925c-932141c3545f,15a96631-a7e6-4f31-8fab-e287f25a2771,0.8968769961630806
14562170-931f-4ba1-925c-932141c3545f,15aaa692-5e8b-4a43-9b17-8175457f252e,0.920869198931148
14562170-931f-4ba1-925c-932141c3545f,15aade2b-730e-4d31-a3d4-5bf3d63b39a7,0.782737361358224
14562170-931f-4ba1-925c-932141c3545f,15ae2d87-a5d1-40c9-a893-aaaeba598c7b,0.8972054329317274
14562170-931f-4ba1-925c-932141c3545f,15aebf62-3184-4e0e-95a3-d0f73074cff6,0.8690493904282262
14562170-931f-4ba1-925c-932141c3545f,15af100e-551f-4f5a-aa06-281db742ab22,0.8380697537841943
14562170-931f-4ba1-925c-932141c3545f,15af8f41-a4b1-4b44-9f59-3d724bc304fe,0.8434992235646699
14562170-931f-4ba1-925c-932141c3545f,15af95fb-1ddf-4f96-a78f-f0084404b32b,0.9041803320021876
14562170-931f-4ba1-925c-932141c3545f,15afd5b2-d6cb-49dd-b7af-2ea24020d92c,0.8989183758107038
14562170-931f-4ba1-925c-932141c3545f,15b1c924-af54-48bf-af9c-336ba94a03b8,0.8553377303821512
14562170-931f-4ba1-925c-932141c3545f,15b2f124-45ff-4b8f-8d3c-fdefe7fc3560,0.8712957204061376
14562170-931f-4ba1-925c-932141c3545f,15b50777-1177-47d4-ab56-d0af04a4f091,0.8439217617544715
14562170-931f-4ba1-925c-932141c3545f,15b51a88-6865-416c-9050-526a9aa67644,0.866803199999082
14562170-931f-4ba1-925c-932141c3545f,15b57b75-09f8-4067-b87e-ba46946c8ee9,0.9360199731887744
14562170-931f-4ba1-925c-932141c3545f,15b5fcf9-a76e-418e-8a36-00a05ae88c3d,0.9167997514365084
14562170-931f-4ba1-925c-932141c3545f,15b97d37-3a79-4f76-b9a9-2161083c36b1,0.9311415772048268
14562170-931f-4ba1-925c-932141c3545f,15ba086c-eff7-4c21-974a-4966d25b2a35,0.9585057514204126
14562170-931f-4ba1-925c-932141c3545f,15bc7f9c-3760-4f92-8138-f28ce3d7afc2,0.9146618743459886
14562170-931f-4ba1-925c-932141c3545f,15bd7cf2-1039-425e-839c-3fa43c0b8a9f,0.8163907548529864
14562170-931f-4ba1-925c-932141c3545f,15bdb9de-52d9-42c4-bb04-53669aab9612,0.8682885797039855
14562170-931f-4ba1-925c-932141c3545f,15be4812-ad40-4975-82ed-e9c07f6c838a,0.5720913603111148
14562170-931f-4ba1-925c-932141c3545f,15c034a7-b78f-482b-9815-c23dddc06d5d,0.7834369066259997
14562170-931f-4ba1-925c-932141c3545f,15c43926-5331-4478-b24e-bf67d4e6cde9,0.9158748749071078
14562170-931f-4ba1-925c-932141c3545f,15c53f85-cd79-4c8c-8405-e02a76bc5a6c,0.755902255098122
14562170-931f-4ba1-925c-932141c3545f,15c5a2f8-1862-41f9-b714-ef31072a5c72,0.7500072900441337
14562170-931f-4ba1-925c-932141c3545f,15c805cc-289b-4313-b0f5-d0edea7a0d4b,0.926509201954912
14562170-931f-4ba1-925c-932141c3545f,15cc1c49-839f-490e-9bfa-b1c39db9e8dc,0.919442038162056
14562170-931f-4ba1-925c-932141c3545f,15d273b6-b3cc-44dc-995a-642ce394e28e,0.8749459610356688
14562170-931f-4ba1-925c-932141c3545f,15d35377-b3f5-4a4f-a094-4853ae21b439,0.5627605829996163
14562170-931f-4ba1-925c-932141c3545f,15d7041f-8ca7-406b-a45b-d3a5c4602b0a,0.9199519794807344
14562170-931f-4ba1-925c-932141c3545f,15d76b4f-3b1e-4db4-ad17-fe05f77c0fea,0.9015935849994656
14562170-931f-4ba1-925c-932141c3545f,15d79ce8-0354-42ad-a819-3a954bb2fdf1,0.9323687904567546
14562170-931f-4ba1-925c-932141c3545f,15d83817-0365-4184-8b7c-94588cda4e72,0.9084295422697274
14562170-931f-4ba1-925c-932141c3545f,15d8e4f5-e9b8-4684-9799-329a346462df,0.9380960731651544
14562170-931f-4ba1-925c-932141c3545f,15dabcf2-aa11-4572-9f6d-e9e52ad01f19,0.9042181983154748
14562170-931f-4ba1-925c-932141c3545f,15db6c07-7270-492a-bfa9-822f8f777513,0.5314334127191652
14562170-931f-4ba1-925c-932141c3545f,15dbc2a4-303b-4f36-ad11-b3053380d029,0.9046261262281944
14562170-931f-4ba1-925c-932141c3545f,15e0ccd3-66b6-4479-8394-5be53aa8f825,0.7953275368740473
14562170-931f-4ba1-925c-932141c3545f,15e45801-4379-4364-b3b2-e5083a96b79a,0.948243080595842
14562170-931f-4ba1-925c-932141c3545f,15e59517-4038-4da7-8b53-68d6987d1045,0.7689816971012581
14562170-931f-4ba1-925c-932141c3545f,15e7dbee-a3e2-4fe0-aba1-16cb8caf3d1f,0.9078585104927472
14562170-931f-4ba1-925c-932141c3545f,15e8251d-09ab-4b26-83c5-c525b3b36e57,0.4135035259981227
14562170-931f-4ba1-925c-932141c3545f,15e88cb8-6885-48a5-9b6e-5ad81841761f,0.9293284343536284
14562170-931f-4ba1-925c-932141c3545f,15e8b6fb-cb88-4263-aeec-6c6bec3f37b7,0.863231734464595
14562170-931f-4ba1-925c-932141c3545f,15eab392-bd56-4272-a187-9c2471ca8716,0.9350290863334282
14562170-931f-4ba1-925c-932141c3545f,15ed12b0-246f-4208-9519-4ecb91cef618,0.8531196525146791
14562170-931f-4ba1-925c-932141c3545f,15ed32b6-d829-46a9-b851-89b5f631002c,0.866199336917416
14562170-931f-4ba1-925c-932141c3545f,15eef939-054a-4358-92ed-c485364d01eb,0.9297218542007826
14562170-931f-4ba1-925c-932141c3545f,15ef73af-eb75-4eba-bb61-993bcad12632,0.5655301564447573
14562170-931f-4ba1-925c-932141c3545f,15eff749-a1b4-414b-b8e4-9b2f1a307ef9,0.8741431533553877
14562170-931f-4ba1-925c-932141c3545f,15f0bf68-c540-4ef1-807e-bc03a1e20ccd,0.9225052740067502
14562170-931f-4ba1-925c-932141c3545f,15f2bbb6-bb9e-4b54-896a-6e4efcbeab21,0.7355012873142759
14562170-931f-4ba1-925c-932141c3545f,15f4fd61-2136-4718-88c3-8adfaeb80f91,0.7224867068348253
14562170-931f-4ba1-925c-932141c3545f,15f611ad-5ec3-4a66-809c-14790b11307a,0.7171223801910652
14562170-931f-4ba1-925c-932141c3545f,15f7244b-ee33-4a15-8834-de89a9d10a0f,0.9162000137137358
14562170-931f-4ba1-925c-932141c3545f,15f78e3b-b76e-44e4-a152-e9d8d5fce324,0.9193224011693384
14562170-931f-4ba1-925c-932141c3545f,15f7b292-7c25-4ffa-8b9b-1ece8cbe5c92,0.8313726384143411
14562170-931f-4ba1-925c-932141c3545f,15f7c4e7-a671-4433-8ded-aa4073e0e532,0.9011606779825734
14562170-931f-4ba1-925c-932141c3545f,15f8d0ce-ed96-48b5-8cc9-779f996e92a5,0.942197251174011
14562170-931f-4ba1-925c-932141c3545f,15f9322f-7d43-4e27-b97c-b9b485a05c09,0.8964196972525692
14562170-931f-4ba1-925c-932141c3545f,15fb1a34-218d-4c53-907d-bee53ec40d2e,0.8056701914616938
14562170-931f-4ba1-925c-932141c3545f,15fbd161-9fb7-4c66-b060-b13bcb4b3686,0.6380919970733718
14562170-931f-4ba1-925c-932141c3545f,15fd187b-c757-408c-a256-56fc7d61bc55,0.8593482552036427
14562170-931f-4ba1-925c-932141c3545f,15fdfb39-88a1-40d5-9888-553dfa3b480f,0.7967119317287243
14562170-931f-4ba1-925c-932141c3545f,1600d7be-3c8d-4f96-a5dc-053fe5834cc8,0.8414014725191563
14562170-931f-4ba1-925c-932141c3545f,1600e63b-eb07-4d77-9eaa-caaee2c8019a,0.770176642863026
14562170-931f-4ba1-925c-932141c3545f,16019a86-3b98-43ab-9495-27c063bef8bc,0.8471991709392502
14562170-931f-4ba1-925c-932141c3545f,16019d95-815b-4771-9ef5-98745933680c,0.8897707811722037
14562170-931f-4ba1-925c-932141c3545f,16019e2e-1b75-4308-847a-109ea0b12afd,0.9084063879839422
14562170-931f-4ba1-925c-932141c3545f,16022952-7924-41ef-af17-f48400f9b51d,0.9133118342034388
14562170-931f-4ba1-925c-932141c3545f,160234e2-c286-42a2-a9c1-7812a4402346,0.90781633126117
14562170-931f-4ba1-925c-932141c3545f,1603057d-c5c8-44f0-9dc6-4920479392c2,0.6090571248241435
14562170-931f-4ba1-925c-932141c3545f,16036df7-9b55-4115-a78c-b5ecfeb96620,0.8910433041412334
14562170-931f-4ba1-925c-932141c3545f,16078abe-8dc0-490e-b87c-c892471bd5b5,0.931312826739427
14562170-931f-4ba1-925c-932141c3545f,1608124b-e9af-47f9-af6f-7435c3f843f1,0.90997709313835
14562170-931f-4ba1-925c-932141c3545f,1609390d-5d28-4864-beb6-b5e9a7bc0919,0.7951279667907561
14562170-931f-4ba1-925c-932141c3545f,160a4b3a-573b-42bf-b7e0-f18bda90bfd0,0.9153400889832716
14562170-931f-4ba1-925c-932141c3545f,160c8a16-7052-4617-b3e1-3f4bd5c98651,0.8855406700607932
14562170-931f-4ba1-925c-932141c3545f,160dca32-53a4-43c1-b91d-aa3c0d244c9a,0.9560738309545838
14562170-931f-4ba1-925c-932141c3545f,160e0dc3-9597-4928-aef7-9b3d744190e4,0.7821604979142913
14562170-931f-4ba1-925c-932141c3545f,160f0089-56d0-40d0-aea2-3fb3d3a1df04,0.8999005177007237
14562170-931f-4ba1-925c-932141c3545f,1610661f-b0fd-400c-9f0f-1b638a0c4958,0.9343622821315428
14562170-931f-4ba1-925c-932141c3545f,161122e1-8804-48af-8040-98c5e0ef1156,0.931441392995602
14562170-931f-4ba1-925c-932141c3545f,16135232-1c08-40de-96c3-7fef627c0bcf,0.737482435573616
14562170-931f-4ba1-925c-932141c3545f,1613e6bc-82b6-470d-8b73-b3c905891e19,0.8950971573302149
14562170-931f-4ba1-925c-932141c3545f,16145c95-394d-4c11-8836-f8217b22315f,0.8683403672857569
14562170-931f-4ba1-925c-932141c3545f,1615bd29-eebc-44da-abb6-15cae09a3ff2,0.6593874886297749
14562170-931f-4ba1-925c-932141c3545f,1616898f-a604-416b-8ea4-a5a101a30632,0.8912450361661768
14562170-931f-4ba1-925c-932141c3545f,161689e2-cbdc-414e-a90b-d9076ba06c43,0.7784399075631735
14562170-931f-4ba1-925c-932141c3545f,16174d84-736f-42be-8f11-374573fb6abc,0.8579018978069352
14562170-931f-4ba1-925c-932141c3545f,161918cc-f9a5-4f66-873d-c1be529f48c4,0.6517256159309132
14562170-931f-4ba1-925c-932141c3545f,161927cb-fa7f-415e-9c06-adb7ce1e845d,0.973495239563686
14562170-931f-4ba1-925c-932141c3545f,1619f888-c775-4b84-b71b-4c31b2c764a8,0.6938181324388729
14562170-931f-4ba1-925c-932141c3545f,161afdeb-6994-4aa8-8593-ed1632767c57,0.9642497936305574
14562170-931f-4ba1-925c-932141c3545f,161b7b26-7474-4d7f-81d9-47a7999d5920,0.774592743780147
14562170-931f-4ba1-925c-932141c3545f,161c2f6b-206f-4df1-bea8-694f51b5caa5,0.8538938955451845
14562170-931f-4ba1-925c-932141c3545f,161c538b-208d-44e5-b72c-81c012b1258f,0.7872810269633926
14562170-931f-4ba1-925c-932141c3545f,161e80c4-cfc8-4340-b627-4dd1500572c6,0.8558068506973061
14562170-931f-4ba1-925c-932141c3545f,161ea7bc-9251-4d34-98b0-c07d5b972a1d,0.8487134040626317
14562170-931f-4ba1-925c-932141c3545f,161eac51-2736-4904-be5f-c06bb2ef6394,0.8285340061399105
14562170-931f-4ba1-925c-932141c3545f,161f72f1-326a-4992-b37c-f1eba6531948,0.5758859856084833
14562170-931f-4ba1-925c-932141c3545f,161fdf51-7804-4424-b7a7-1c13bd77aa80,0.90405114716632
14562170-931f-4ba1-925c-932141c3545f,1621f139-9715-434d-a0f0-fc1d3bb2c14a,0.8919328831675216
14562170-931f-4ba1-925c-932141c3545f,1623b86c-fcd9-45c2-bef2-86b927ed759f,0.7127358311620143
14562170-931f-4ba1-925c-932141c3545f,16245319-dc87-4f0a-b16a-023f42ac5944,0.7941027925868935
14562170-931f-4ba1-925c-932141c3545f,16250ab9-4647-4e32-ac95-587a47e26c77,0.947211188166498
14562170-931f-4ba1-925c-932141c3545f,16252fba-7c5b-46ed-b07b-faa81374f816,0.9018462706523624
14562170-931f-4ba1-925c-932141c3545f,16268655-b912-4cd7-8209-3b61f3325150,0.9118361629331198
14562170-931f-4ba1-925c-932141c3545f,1626a668-46e8-43c6-a05a-0900e4c3a4e5,0.8381108292634156
14562170-931f-4ba1-925c-932141c3545f,1627014f-2654-495b-a554-f1061b766168,0.9348575641252624
14562170-931f-4ba1-925c-932141c3545f,162a5dcb-89ed-411f-81a7-b65eec71ce08,0.9518253798403232
14562170-931f-4ba1-925c-932141c3545f,162c8781-7bd3-45e5-b19d-ccc4a992911c,0.9044492348702768
14562170-931f-4ba1-925c-932141c3545f,163184ad-ae3d-4207-9bee-773944bfd219,0.8720020841017737
14562170-931f-4ba1-925c-932141c3545f,1634121b-f120-4ff6-8e3b-52adf6175d34,0.8432384772295985
14562170-931f-4ba1-925c-932141c3545f,163432f1-2ce6-4472-8cc7-4a292c27fa5e,0.8762058766300995
14562170-931f-4ba1-925c-932141c3545f,163464a4-9909-490a-a651-88b12f759611,0.9038609361526864
14562170-931f-4ba1-925c-932141c3545f,163524db-a6ca-4772-9fb4-0d3995e251bc,0.7996287301480628
14562170-931f-4ba1-925c-932141c3545f,1635e1cd-717e-4739-95ec-50874b8bce11,0.8394001934983835
14562170-931f-4ba1-925c-932141c3545f,1636726f-a633-4c39-b3e4-09833feac341,0.8817620275052883
14562170-931f-4ba1-925c-932141c3545f,16370083-d1fa-46a5-b4a9-2a2cf3269580,0.8617173836970005
14562170-931f-4ba1-925c-932141c3545f,16370e78-5d81-4bb8-b45c-0cde24b2b714,0.9072690758692384
14562170-931f-4ba1-925c-932141c3545f,163730b7-2aae-4d06-b3a0-76071d740b3c,0.9121767898289967
14562170-931f-4ba1-925c-932141c3545f,16376227-2cd1-4535-b2f8-9a46afe89718,0.7977385005178655
14562170-931f-4ba1-925c-932141c3545f,163ad974-a6af-4077-8917-2c58af391146,0.4644644209241869
14562170-931f-4ba1-925c-932141c3545f,163b3f1a-6488-43fa-80af-59552da6c685,0.8559939574685054
14562170-931f-4ba1-925c-932141c3545f,163ba198-525c-43bd-8291-f0e0c5d3fd52,0.6646726555847697
14562170-931f-4ba1-925c-932141c3545f,163c43d1-7c9e-403b-9e62-b91fc7f6d2e2,0.4863394631963427
14562170-931f-4ba1-925c-932141c3545f,163caf3d-9c56-42a9-ac71-8415557409d5,0.9369411345256322
14562170-931f-4ba1-925c-932141c3545f,163d1c3d-ce0a-459d-a7e6-7b976720ad49,0.9311383417098694
14562170-931f-4ba1-925c-932141c3545f,163e2777-3964-492e-bce5-5d8f787b9754,0.9275350207727784
14562170-931f-4ba1-925c-932141c3545f,163f9e3d-12d5-43f4-99e7-a82ee329d0ec,0.90350198135365
14562170-931f-4ba1-925c-932141c3545f,16402029-4b51-4ebf-be84-108ddde00bef,0.8547272138577284
14562170-931f-4ba1-925c-932141c3545f,16411636-5798-4445-8899-5e8f72e4122c,0.8726073274458473
14562170-931f-4ba1-925c-932141c3545f,1642fb17-cc16-4727-bdee-4ed66932552e,0.7254200326455047
14562170-931f-4ba1-925c-932141c3545f,164644d2-2c45-4408-8434-14625ee99332,0.8344510091205122
14562170-931f-4ba1-925c-932141c3545f,1648bf6b-65a8-433b-9501-2458c0fbd2ad,0.4783306912583829
14562170-931f-4ba1-925c-932141c3545f,164943eb-78a7-407a-a003-d6f7feb1dc24,0.9005984688839535
14562170-931f-4ba1-925c-932141c3545f,1649ab19-4336-4ae2-ba8d-a05f754abace,0.9031447059440596
14562170-931f-4ba1-925c-932141c3545f,164b5710-466b-4efd-be94-47374d006c07,0.9348140021512604
14562170-931f-4ba1-925c-932141c3545f,164b82ae-d43d-41f6-9544-6b527e4edc1a,0.922700883419114
14562170-931f-4ba1-925c-932141c3545f,164bbec0-7cea-491a-afec-190fa1732d66,0.7867618580332226
14562170-931f-4ba1-925c-932141c3545f,164c2558-f519-49f4-a164-a609df195bff,0.6294880977931776
14562170-931f-4ba1-925c-932141c3545f,164ce14b-238e-424a-a43c-4dbb03410817,0.812119391596552
14562170-931f-4ba1-925c-932141c3545f,16506f2f-3cd2-454a-9bb0-21e7573b19da,0.7718425027305117
14562170-931f-4ba1-925c-932141c3545f,165373d0-ee09-4397-9e6c-bbc8590b68b2,0.9530636582659828
14562170-931f-4ba1-925c-932141c3545f,165426e0-e5b1-4dfc-bd73-991c40ca8336,0.8659038984542269
14562170-931f-4ba1-925c-932141c3545f,165440a2-9376-4ae8-aa73-990163cdd5d7,0.8667958062141052
14562170-931f-4ba1-925c-932141c3545f,16554e24-ea94-49d0-9057-b26b31d1d1e4,0.9608268427699476
14562170-931f-4ba1-925c-932141c3545f,1658054f-2ba3-47ce-adb0-3c6fb8c80829,0.8724021756756163
14562170-931f-4ba1-925c-932141c3545f,165870a9-15cf-432e-8488-d5e5798aa6cc,0.8941774311387682
14562170-931f-4ba1-925c-932141c3545f,16596212-5224-4a5c-930f-b16d35f71fa8,0.8963764038411339
14562170-931f-4ba1-925c-932141c3545f,1659a511-9fff-4784-8b63-364f2c46eaf9,0.9519663995141306
14562170-931f-4ba1-925c-932141c3545f,165e9327-19c6-46d5-bffd-5a35a41b920d,0.8989013788870165
14562170-931f-4ba1-925c-932141c3545f,165f0d7b-1368-48b0-8bb3-2cd6ffc82f4a,0.9184177556459078
14562170-931f-4ba1-925c-932141c3545f,165fe20c-4ac1-4d58-b0b2-e303b8d61249,0.8030124813731654
14562170-931f-4ba1-925c-932141c3545f,1661b112-bb18-4775-875f-584abdd01d1f,0.6538726413955704
14562170-931f-4ba1-925c-932141c3545f,166270ba-5fac-4606-bc50-a35d0bce5671,0.7983359849315901
14562170-931f-4ba1-925c-932141c3545f,166454c8-03ce-4ef9-a833-0951fdfe0e5c,0.4971231613935248
14562170-931f-4ba1-925c-932141c3545f,166665b0-11f6-43b4-bc38-0365e7c9b35d,0.8421044526701941
14562170-931f-4ba1-925c-932141c3545f,16684607-c184-4474-93ea-0bf8515db4e9,0.870413982243034
14562170-931f-4ba1-925c-932141c3545f,1668fa49-0247-4119-8081-49d5667bfc42,0.9404657311899408
14562170-931f-4ba1-925c-932141c3545f,1669b3a8-3ea6-4eb6-b11f-20915590f176,0.8745374161333748
14562170-931f-4ba1-925c-932141c3545f,166aeff0-e96a-460f-b00f-ce3c74586a2e,0.9144565169742512
14562170-931f-4ba1-925c-932141c3545f,166af057-2a1f-4e26-b567-4ae785604be2,0.9719868351228924
14562170-931f-4ba1-925c-932141c3545f,166c257a-5cb7-454f-9f16-5a205b283a0d,0.8489569012246705
14562170-931f-4ba1-925c-932141c3545f,166c2af8-77c5-4ae2-ac81-50cbad777246,0.6353392900831628
14562170-931f-4ba1-925c-932141c3545f,166ef0df-1c26-4ec7-9fed-8ccb5a5b6945,0.84366714548295
14562170-931f-4ba1-925c-932141c3545f,166f0dc0-c485-4452-b4e3-2a5225eb18e8,0.8530994524600777
14562170-931f-4ba1-925c-932141c3545f,16706466-4218-46ce-b720-aefdb5dba600,0.9761638835319124
14562170-931f-4ba1-925c-932141c3545f,16719eaf-0d3e-43f3-80d0-3251cfd02ec2,0.9579109126512754
14562170-931f-4ba1-925c-932141c3545f,16723255-3cba-451a-a0fb-ba7f3a14a6b0,0.8305119542868032
14562170-931f-4ba1-925c-932141c3545f,167252cf-32d3-4b82-b242-27746ca07df3,0.9154695626258156
14562170-931f-4ba1-925c-932141c3545f,1672857b-9ac5-4f05-ba1d-14287fc9b2c3,0.8206532814403094
14562170-931f-4ba1-925c-932141c3545f,1672b461-c84c-441b-a5d6-9c0ec4ee3f76,0.91600544024758
14562170-931f-4ba1-925c-932141c3545f,167367ab-edcf-4ffc-a9d2-e528af222060,0.9717669235026414
14562170-931f-4ba1-925c-932141c3545f,1673be0d-4084-488b-8ef0-23ca95bc4e2b,0.8954905561896424
14562170-931f-4ba1-925c-932141c3545f,16747e6e-44af-4cda-af74-5f1e1182fbd5,0.8706335138940622
14562170-931f-4ba1-925c-932141c3545f,1676481a-3458-414f-9e88-21619983da9c,0.9239139576110644
14562170-931f-4ba1-925c-932141c3545f,16765ce0-942e-4267-ad81-2788c5687b3e,0.954198442363574
14562170-931f-4ba1-925c-932141c3545f,1676b05b-3405-40a9-b52e-62e6f085321b,0.6954165057991187
14562170-931f-4ba1-925c-932141c3545f,167751e2-6b68-4180-9b04-24b54595338d,0.8239685944467391
14562170-931f-4ba1-925c-932141c3545f,1678a916-000a-48be-ad1d-468bd0b92872,0.7885724057185409
14562170-931f-4ba1-925c-932141c3545f,167b954a-9637-4ed6-b5be-d5a23ba6589a,0.6509782265024985
14562170-931f-4ba1-925c-932141c3545f,167e1ad4-bced-42ba-bfe5-96d5a9c87619,0.8302884385013604
14562170-931f-4ba1-925c-932141c3545f,167e84aa-6f11-406d-9291-3c1b4f12f75d,0.6747247217167305
14562170-931f-4ba1-925c-932141c3545f,1681d2fd-8ba0-4a06-a121-8ff550d8f72c,0.8165479903722932
14562170-931f-4ba1-925c-932141c3545f,1682d1c3-e936-4f49-8cb7-074a8fe9342d,0.9078307754617232
14562170-931f-4ba1-925c-932141c3545f,16845343-a531-464c-9b58-49eaeae44556,0.5705044540925678
14562170-931f-4ba1-925c-932141c3545f,1684e9e8-1358-4dfb-814e-38c7d985e244,0.5968467424289056
14562170-931f-4ba1-925c-932141c3545f,16862460-85e1-4718-93ff-e695c46a3bc2,0.972910207718352
14562170-931f-4ba1-925c-932141c3545f,16863177-14f3-4fd6-a675-e26b9608dff3,0.7466433066509447
14562170-931f-4ba1-925c-932141c3545f,168642bd-43ce-45a5-b43f-fcac579ba6a8,0.909726510073035
14562170-931f-4ba1-925c-932141c3545f,16868e8a-1f46-43c8-a2b4-4131e1167c83,0.8880850267843453
14562170-931f-4ba1-925c-932141c3545f,1686da35-4326-457d-ac33-daa81df9d78f,0.8080660202579616
14562170-931f-4ba1-925c-932141c3545f,16871836-fb6d-48a9-87da-5caa2482f8f2,0.8732049030631148
14562170-931f-4ba1-925c-932141c3545f,16872c0b-aff5-470b-abd2-9b63b7b96e2e,0.8655721373591213
14562170-931f-4ba1-925c-932141c3545f,16889f9f-bd83-4348-809a-618fe5534d6e,0.6771913406743992
14562170-931f-4ba1-925c-932141c3545f,168abdc2-6212-421b-b506-535fdc6c2bb2,0.7954856446585099
14562170-931f-4ba1-925c-932141c3545f,168de885-f9d0-4331-ba96-aede1c06b61d,0.8417730649690297
14562170-931f-4ba1-925c-932141c3545f,168eeb8a-344d-4a64-ba62-cd2b136eb73b,0.8516762304639247
14562170-931f-4ba1-925c-932141c3545f,168efe17-9134-4df4-b65f-64cad4169564,0.8289610142052946
14562170-931f-4ba1-925c-932141c3545f,168f72cf-65a2-4fbd-8943-65c57274b032,0.7557440599285947
14562170-931f-4ba1-925c-932141c3545f,1690435c-935f-4a05-afd2-2cd7d35d2591,0.7608501762405177
14562170-931f-4ba1-925c-932141c3545f,169061ee-a51e-4f38-98d3-51facd487cf9,0.8243436356741114
14562170-931f-4ba1-925c-932141c3545f,1691066c-b130-4165-b7b9-42c02a52d2d3,0.8342007375985397
14562170-931f-4ba1-925c-932141c3545f,1691a785-82a3-4c1b-ab10-f1cac474401b,0.8727907674689105
14562170-931f-4ba1-925c-932141c3545f,1691c165-1f01-4fb7-8471-928623923a88,0.9402894185878496
14562170-931f-4ba1-925c-932141c3545f,16924dc8-137d-4366-aa07-9f958bee1e74,0.7630999853141859
14562170-931f-4ba1-925c-932141c3545f,1692fdff-674f-434d-aace-fee588413eb0,0.899986853490331
14562170-931f-4ba1-925c-932141c3545f,16931f22-f05b-490f-aa30-b54d9f66ec3a,0.829332330741308
14562170-931f-4ba1-925c-932141c3545f,169376dc-d923-43a0-876f-7678c1431a05,0.7938165032786498
14562170-931f-4ba1-925c-932141c3545f,1694206e-77c0-4e70-861b-4026fbfef535,0.3796282283098377
14562170-931f-4ba1-925c-932141c3545f,169589e6-7464-4565-868e-6a9208a1ce2c,0.9487364197795064
14562170-931f-4ba1-925c-932141c3545f,16961314-3f1f-4150-8978-cb8bf1c38e11,0.8427320873454938
14562170-931f-4ba1-925c-932141c3545f,169ab1af-78b3-4aab-9066-7f1859eb38ef,0.8590901215287357
14562170-931f-4ba1-925c-932141c3545f,169abf7f-e7da-49aa-8080-a217e88826cb,0.9359252955020816
14562170-931f-4ba1-925c-932141c3545f,169b6765-de34-4a15-ab4a-e5ed94606045,0.6075728028867857
14562170-931f-4ba1-925c-932141c3545f,169de417-43e0-462c-9b98-5f998fa80c52,0.966775009107042
14562170-931f-4ba1-925c-932141c3545f,169f4cda-9e5f-4150-b091-f16293f0407f,0.7678554133326725
14562170-931f-4ba1-925c-932141c3545f,169f6b97-7c13-4d03-952c-fc6bd1882dfc,0.7589820039209322
14562170-931f-4ba1-925c-932141c3545f,16a07d60-fd51-41f9-b359-a860fb6b5709,0.4983023843834935
14562170-931f-4ba1-925c-932141c3545f,16a126c3-5b1f-4401-83f3-36c0add88f3f,0.9310356367136472
14562170-931f-4ba1-925c-932141c3545f,16a13ce7-c786-415f-a895-52dfe9df160f,0.817932538612521
14562170-931f-4ba1-925c-932141c3545f,16a30268-41f7-47f6-915a-9405aa87e7bb,0.983235850341272
14562170-931f-4ba1-925c-932141c3545f,16a354b7-d097-425c-b260-67213286fccc,0.9588312285051364
14562170-931f-4ba1-925c-932141c3545f,16a4333c-5f3c-44d4-83bf-de28ff72d8a3,0.7232518503089499
14562170-931f-4ba1-925c-932141c3545f,16a47192-5976-43cd-a4c7-bd5a7cddefcb,0.7839417532252927
14562170-931f-4ba1-925c-932141c3545f,16a5439f-9fff-41aa-babb-4a00887e788d,0.9184732138344044
14562170-931f-4ba1-925c-932141c3545f,16a5bf8e-96bb-4eca-8e13-1f80492f82ba,0.7940287543714902
14562170-931f-4ba1-925c-932141c3545f,16a6d048-df97-47c6-8b8d-7e64d18525cd,0.6450628507218755
14562170-931f-4ba1-925c-932141c3545f,16a86a4d-f3f5-45e7-9e7d-cc64af7d2287,0.8190396841077826
14562170-931f-4ba1-925c-932141c3545f,16a94daa-af5f-42ac-a05f-b645886eb8c0,0.8868197064243516
14562170-931f-4ba1-925c-932141c3545f,16ac933c-20dc-4eb7-8b92-c182a96db6d8,0.900167663680446
14562170-931f-4ba1-925c-932141c3545f,16ad4c66-d776-43fa-8f25-f13292808b2f,0.9047497231597492
14562170-931f-4ba1-925c-932141c3545f,16ae1dc7-fc81-4471-9e36-47e0df216bdc,0.9142247878410856
14562170-931f-4ba1-925c-932141c3545f,16ae2606-2194-4599-8fcb-c70451342301,0.9217943649067084
14562170-931f-4ba1-925c-932141c3545f,16ae35a3-551c-41b1-b871-649c715a9a1c,0.8308143601011408
14562170-931f-4ba1-925c-932141c3545f,16aeaad5-3a82-4f24-94af-a5b9b29b47a0,0.9160523268153546
14562170-931f-4ba1-925c-932141c3545f,16aedc09-a3c2-4c12-bc49-d9eb964f3d35,0.7771844367299696
14562170-931f-4ba1-925c-932141c3545f,16b02c12-78c2-44e2-8034-176ebd79b4c9,0.7932857284393713
14562170-931f-4ba1-925c-932141c3545f,16b0658d-2306-4115-a202-11db660ceb84,0.891853934975752
14562170-931f-4ba1-925c-932141c3545f,16b10476-2c40-4fd5-9e15-ec616da2f37e,0.6572160972900677
14562170-931f-4ba1-925c-932141c3545f,16b13183-ad73-4464-a915-692c9b685c02,0.91893007919431
14562170-931f-4ba1-925c-932141c3545f,16b139e3-e0d9-4366-a37e-2c7b06365abb,0.8952204205419421
14562170-931f-4ba1-925c-932141c3545f,16b4d20e-81c7-41a3-851e-f85c703c069a,0.8670448336374468
14562170-931f-4ba1-925c-932141c3545f,16b69d6d-d1c6-4297-b51f-a60ff526b788,0.4465366783238138
14562170-931f-4ba1-925c-932141c3545f,16b80722-cdec-4546-8fc5-c9b8abcde918,0.8870362763343725
14562170-931f-4ba1-925c-932141c3545f,16b8a69d-4049-419e-aec7-d5fc1b5812b6,0.6585740108572175
14562170-931f-4ba1-925c-932141c3545f,16b8fdc9-c30e-4eb1-91c6-18e96610d4d6,0.746183191449281
14562170-931f-4ba1-925c-932141c3545f,16b94b63-51b8-4375-b01b-a749236e405a,0.6674165898881026
14562170-931f-4ba1-925c-932141c3545f,16bbd225-7ac8-43e0-af9b-d2facf06c65f,0.9676791881383712
14562170-931f-4ba1-925c-932141c3545f,16be4750-8d4b-4e0f-8bcd-1f23ead12fc9,0.963315054070829
14562170-931f-4ba1-925c-932141c3545f,16bf598f-0a1d-4f60-b288-7ddb70ad051c,0.8387957140091463
14562170-931f-4ba1-925c-932141c3545f,16c1244c-df05-49ef-a05a-62ff2b720f18,0.7669488683876071
14562170-931f-4ba1-925c-932141c3545f,16c14e7c-193a-4700-b377-d19e0b87fa9d,0.7891937151848565
14562170-931f-4ba1-925c-932141c3545f,16c16eda-eeed-4319-bdc4-73d025b2ecc2,0.9481682465775164
14562170-931f-4ba1-925c-932141c3545f,16c22f4b-5f09-4396-8ffa-e5016b0cc3e3,0.9351994170857316
14562170-931f-4ba1-925c-932141c3545f,16c29b39-ef2d-40c6-ad6a-768fe0e0e55d,0.9039873636397624
14562170-931f-4ba1-925c-932141c3545f,16c4a1db-2ddb-422f-a304-8d4d2beb2a5a,0.6813438995015768
14562170-931f-4ba1-925c-932141c3545f,16c7b30f-4dd3-4708-a2bd-e793f653ae94,0.6885294953412368
14562170-931f-4ba1-925c-932141c3545f,16c82753-806f-4dc0-860f-a13c8fe5d2f5,0.8282090587628631
14562170-931f-4ba1-925c-932141c3545f,16c896bd-1a2c-4a57-bd58-6cb2df1de2da,0.8463359519769009
14562170-931f-4ba1-925c-932141c3545f,16c8d9fa-e040-4482-ba3d-1b12d804cd66,0.9642582100300416
14562170-931f-4ba1-925c-932141c3545f,16c93ad7-8855-4a1a-b418-297d0e298622,0.9313568441972973
14562170-931f-4ba1-925c-932141c3545f,16cb4681-a1b4-4b31-a34d-79a3a30c60cf,0.9206474959565492
14562170-931f-4ba1-925c-932141c3545f,16cbda22-0e89-4bed-849a-597f597aecc3,0.8513337354944363
14562170-931f-4ba1-925c-932141c3545f,16cc6777-c4f8-40b0-9038-789266070c6d,0.8884815989035132
14562170-931f-4ba1-925c-932141c3545f,16cdb71a-5bed-4261-8bfa-da4f4ee3abcc,0.8378621532438569
14562170-931f-4ba1-925c-932141c3545f,16cff90a-5002-42fb-ab15-d9acd7c98039,0.880902796987976
14562170-931f-4ba1-925c-932141c3545f,16d03e39-29b3-4464-9ce3-5fa3d1ddc183,0.7200788942311158
14562170-931f-4ba1-925c-932141c3545f,16d046b4-1a2e-4c54-83f1-6c78de6b2088,0.8516304524030284
14562170-931f-4ba1-925c-932141c3545f,16d4a47c-68a4-4dd7-8d1a-f9a82d1a23bf,0.9248763783311464
14562170-931f-4ba1-925c-932141c3545f,16d575a8-298a-4ee6-8a40-2001a3dd9c12,0.841119814353373
14562170-931f-4ba1-925c-932141c3545f,16d59396-17b7-45cc-a3bf-791950b68f56,0.7364139619088593
14562170-931f-4ba1-925c-932141c3545f,16d67e80-5bd1-455f-aa1c-58d0f65e5593,0.8452310085121914
14562170-931f-4ba1-925c-932141c3545f,16d7241c-f59c-49c6-a25a-3b876afa6e26,0.6342481672504533
14562170-931f-4ba1-925c-932141c3545f,16d9fc93-fa5a-487f-93f3-5f02a1533c04,0.9071965532054728
14562170-931f-4ba1-925c-932141c3545f,16dc4eb9-9275-4470-8898-10081ea55498,0.7812806255387522
14562170-931f-4ba1-925c-932141c3545f,16dca853-9297-473c-8778-b96a2f316e71,0.911381965488101
14562170-931f-4ba1-925c-932141c3545f,16ddd564-584b-4b34-a3da-dbe04dd0dae5,0.8600380514798324
14562170-931f-4ba1-925c-932141c3545f,16e16d7f-3dd4-4c72-a615-a119f8f507ed,0.830774471795637
14562170-931f-4ba1-925c-932141c3545f,16e5488d-243e-4ac1-ad55-c3c47b706351,0.8630088828274837
14562170-931f-4ba1-925c-932141c3545f,16e70e22-ad3c-4cd6-9a19-2d003d2cd600,0.7266249599637336
14562170-931f-4ba1-925c-932141c3545f,16e79ab7-ab1a-4c44-b276-965ddc709122,0.5240210815075519
14562170-931f-4ba1-925c-932141c3545f,16edaad9-a28c-448b-8bf6-7f241cb3197a,0.6584454065191933
14562170-931f-4ba1-925c-932141c3545f,16f40e23-02bf-4cc8-92e2-94ee25dfe7aa,0.9096729084487074
14562170-931f-4ba1-925c-932141c3545f,16f45d73-7c13-4dc0-bb74-643849745719,0.7766496348128338
14562170-931f-4ba1-925c-932141c3545f,16f535b6-e8f3-44c0-8260-92c897f02ced,0.9235621825906176
14562170-931f-4ba1-925c-932141c3545f,16f67358-1856-4805-980f-85f8fc42e93a,0.8136002215292745
14562170-931f-4ba1-925c-932141c3545f,17d98a8e-67fc-4af6-83e1-636c8ea5d3a6,0.5956259496527523
14562170-931f-4ba1-925c-932141c3545f,17dacfb9-28be-4d88-81e4-6a6e0bd8c1a9,0.5843471810741342
14562170-931f-4ba1-925c-932141c3545f,17dae1da-4c9f-4294-b9ae-b29ec93adb52,0.8986624842190322
14562170-931f-4ba1-925c-932141c3545f,17db99a2-11d0-4b8a-8b62-9f85ec8ec92b,0.7928555894824091
14562170-931f-4ba1-925c-932141c3545f,17dcb961-3406-4696-8e97-b9ab7d39ae72,0.8989914828762783
14562170-931f-4ba1-925c-932141c3545f,17df03b1-747b-4d0c-a066-5294432b3a06,0.7759514812904855
14562170-931f-4ba1-925c-932141c3545f,17df2985-cf02-4b59-92d4-416a71bf472c,0.9080361860778428
14562170-931f-4ba1-925c-932141c3545f,17e0ba00-247a-4262-abce-f87f52d62000,0.9205736228606908
14562170-931f-4ba1-925c-932141c3545f,17e12f9b-ac99-4ea9-a290-076a1c20c8c3,0.815506128568212
14562170-931f-4ba1-925c-932141c3545f,17e36480-11e4-45ef-8e3c-89d2d6452bff,0.4747297554556189
14562170-931f-4ba1-925c-932141c3545f,17e36fe4-d769-4348-8811-ea96e462c5b9,0.9260139421558624
14562170-931f-4ba1-925c-932141c3545f,17e4b644-e376-468f-8bdb-c8d242dc1b58,0.8295994982438303
14562170-931f-4ba1-925c-932141c3545f,17e75f0b-5f6e-4425-af0d-08341a42a398,0.8932344964795179
14562170-931f-4ba1-925c-932141c3545f,17e7aa00-f7b0-4e44-8928-7b918c5b8fca,0.950768520051296
14562170-931f-4ba1-925c-932141c3545f,17e7ca6a-d0bf-4a38-8fb8-ce36af201919,0.8478474260907836
14562170-931f-4ba1-925c-932141c3545f,17e7cfed-67bb-4fc7-b848-096d7f44273b,0.8788978919323155
14562170-931f-4ba1-925c-932141c3545f,17e8bc89-2355-4e8d-9f74-8145d2362927,0.9502369357697472
14562170-931f-4ba1-925c-932141c3545f,17e9011e-121d-42b2-9259-fa63e45a8cc4,0.908091565588081
14562170-931f-4ba1-925c-932141c3545f,17e95ca0-7669-41c9-b951-30d65f848c5b,0.9335171055243118
14562170-931f-4ba1-925c-932141c3545f,17e960fb-940e-4bdd-8483-6ae653effe21,0.9089253750032538
14562170-931f-4ba1-925c-932141c3545f,17e983ef-61a2-45b1-9b51-a7db218bb2c1,0.8586270418722306
14562170-931f-4ba1-925c-932141c3545f,17e986af-235a-4128-b4cc-7fbfa4e56027,0.8821233822405412
14562170-931f-4ba1-925c-932141c3545f,17ea54ae-e2f7-42f7-8238-f56bd667df03,0.8273987884585547
14562170-931f-4ba1-925c-932141c3545f,17ea7c67-6b8e-40d8-8c28-76639f0cd21c,0.8738147408906888
14562170-931f-4ba1-925c-932141c3545f,17ea9a78-2b04-4e53-ad70-0d4c83df9009,0.9066494627071928
14562170-931f-4ba1-925c-932141c3545f,17eb7169-48b4-4c49-b087-5ed208586163,0.9164796003208514
14562170-931f-4ba1-925c-932141c3545f,17ecf8ad-d34a-4595-944d-254d7218c11a,0.9023440369772752
14562170-931f-4ba1-925c-932141c3545f,17ee2571-aeb8-496c-b27d-79849cc323c3,0.9296083925789445
14562170-931f-4ba1-925c-932141c3545f,17ee8e49-6008-4dc7-96e6-d62b8ad9c1f7,0.8258375725256973
14562170-931f-4ba1-925c-932141c3545f,17f01b5a-f8e9-4246-97a7-626c6af00b59,0.5660518222694191
14562170-931f-4ba1-925c-932141c3545f,17f07fe8-6bca-40aa-abf9-2b501ff00878,0.9573913261796476
14562170-931f-4ba1-925c-932141c3545f,17f10f61-9c55-4f9a-9f21-f6a7af59cd2b,0.9056240618808068
14562170-931f-4ba1-925c-932141c3545f,17f4234a-a1fc-4e39-9b20-58f9d5dcd05e,0.8843826265523868
14562170-931f-4ba1-925c-932141c3545f,17f64053-3e5f-42ec-b0e9-058c91828aed,0.7421544144541831
14562170-931f-4ba1-925c-932141c3545f,17f6b4b3-0a96-405a-9575-1f353f0a655a,0.7436087331664336
14562170-931f-4ba1-925c-932141c3545f,17f70cc8-3c33-435e-bb83-59381eeb4672,0.9299195564043348
14562170-931f-4ba1-925c-932141c3545f,17f71d4e-4709-4550-b159-ae31f23157b1,0.9032670063733004
14562170-931f-4ba1-925c-932141c3545f,17f76766-705f-4f85-b2cf-31c952c06f7d,0.2224352325877127
14562170-931f-4ba1-925c-932141c3545f,17f8e93f-81e6-4188-aca9-63321eb10e95,0.8083996223758938
14562170-931f-4ba1-925c-932141c3545f,17fc9496-8110-448a-a7b3-396e122ea845,0.8892925902153799
14562170-931f-4ba1-925c-932141c3545f,17fd8797-7e18-4549-9bb6-ec42248df3ff,0.962076811936348
14562170-931f-4ba1-925c-932141c3545f,17fe1006-ad89-4968-9a92-9fed90d00c94,0.9399745960715832
14562170-931f-4ba1-925c-932141c3545f,1801a95a-ec0c-4161-baa1-cc86ff1b4694,0.8633307565047638
14562170-931f-4ba1-925c-932141c3545f,1802166c-db64-4ef5-8601-ffd7aa70f4eb,0.9148706168945008
14562170-931f-4ba1-925c-932141c3545f,18026140-25b5-407a-9da3-04f6d9a753c3,0.936768511159517
14562170-931f-4ba1-925c-932141c3545f,1804be04-08e5-428d-9949-0f86ccfc9045,0.9394997685397852
14562170-931f-4ba1-925c-932141c3545f,1805e2f5-382b-48ea-b746-3eb38c14cd9a,0.8661331787261651
14562170-931f-4ba1-925c-932141c3545f,180744a7-0226-4a8c-bab9-edc199c3ae58,0.967644449450955
14562170-931f-4ba1-925c-932141c3545f,18079a33-688f-4a74-bfa1-2c69b465e359,0.4363643424250685
14562170-931f-4ba1-925c-932141c3545f,18092e5c-d5c6-4f4f-b508-a4c141135c6c,0.9074980406562992
14562170-931f-4ba1-925c-932141c3545f,18094388-9d43-4959-8fe5-ab70e7d3ea04,0.9103291031297268
14562170-931f-4ba1-925c-932141c3545f,1809f98e-6ecb-460b-a456-3e8ef3ade9ab,0.9204788893436
14562170-931f-4ba1-925c-932141c3545f,180b96f7-2dd8-4bf5-bc13-8396733a1b55,0.8688995278887649
14562170-931f-4ba1-925c-932141c3545f,180bdd9b-f08d-4d89-bca5-6bfc683b18fc,0.7523218538751777
14562170-931f-4ba1-925c-932141c3545f,180d6fd8-ad11-4cab-984b-3ce96fa11732,0.7588403682320511
14562170-931f-4ba1-925c-932141c3545f,180ea4cf-5e6b-45a8-9ed2-92476224918e,0.8134906295182951
14562170-931f-4ba1-925c-932141c3545f,180f0724-b68e-46be-a34a-141519b8a87b,0.9217370867070211
14562170-931f-4ba1-925c-932141c3545f,1810c5a6-438d-4b5f-9452-ab78be7b4b08,0.916898624782852
14562170-931f-4ba1-925c-932141c3545f,18118cdb-a4aa-4075-ba08-2a66d8cb07bc,0.9027250262544
14562170-931f-4ba1-925c-932141c3545f,181240a3-1bcc-4bea-9251-28e275503a66,0.6610187367457954
14562170-931f-4ba1-925c-932141c3545f,18135d1e-f839-423b-b2f3-702ebaaec540,0.9188990016641836
14562170-931f-4ba1-925c-932141c3545f,18151848-8445-42cd-9e03-a4fdf0ec6df1,0.9293363549629776
14562170-931f-4ba1-925c-932141c3545f,18152e42-f940-4fc8-951c-c29500aada4f,0.9037285697649712
14562170-931f-4ba1-925c-932141c3545f,1817df76-5a7a-4f1c-974f-8f0d6af417dc,0.8580795212238633
14562170-931f-4ba1-925c-932141c3545f,18181332-7c00-4848-b7cd-117026ed66e0,0.8266014086046903
14562170-931f-4ba1-925c-932141c3545f,18182a9e-8c71-4345-b71e-fc2764e3895c,0.8550901164989304
14562170-931f-4ba1-925c-932141c3545f,18185584-a086-44e0-be1f-e9f1027c8693,0.948801484760732
14562170-931f-4ba1-925c-932141c3545f,1818c641-cb4c-47f2-b652-707972f2564a,0.8290150377892592
14562170-931f-4ba1-925c-932141c3545f,18190d5c-a102-486a-a414-9d25cc08f25e,0.958785727885666
14562170-931f-4ba1-925c-932141c3545f,181abaad-248e-494d-8c45-510cda19c582,0.936878513360125
14562170-931f-4ba1-925c-932141c3545f,181cc934-3048-4980-9327-5b86d07db121,0.8422279420061266
14562170-931f-4ba1-925c-932141c3545f,181cdfe1-0535-499b-afc4-4511b7af1ab7,0.7094998934166769
14562170-931f-4ba1-925c-932141c3545f,181ce5f3-0279-4a91-aa3e-57e4d3df90f2,0.9296611314799504
14562170-931f-4ba1-925c-932141c3545f,181db6b3-0ecc-49f8-8293-5322cfa7d91f,0.8131139541945224
14562170-931f-4ba1-925c-932141c3545f,181e6b4f-8f68-4c1e-a656-2e3d213142e1,0.90090353649756
14562170-931f-4ba1-925c-932141c3545f,181e9427-6a2d-4800-93c3-faf90e090f74,0.9649092474108032
14562170-931f-4ba1-925c-932141c3545f,18208c5a-50d2-4bbe-bef3-6ae315ebb75a,0.9029393004671974
14562170-931f-4ba1-925c-932141c3545f,1820d557-7990-4725-a09c-ec62fb8aa21e,0.7528541890618656
14562170-931f-4ba1-925c-932141c3545f,1820e76f-eb91-497b-9245-806970ac0d7d,0.8848020235997521
14562170-931f-4ba1-925c-932141c3545f,18210586-548c-44d7-8d4f-fbe58d82e455,0.7470713838930966
14562170-931f-4ba1-925c-932141c3545f,1821e89c-5016-4b19-b586-ca84dc7bf070,0.7798363082568067
14562170-931f-4ba1-925c-932141c3545f,1825f131-abc9-4327-802b-1d85db9cbc02,0.8870839754483915
14562170-931f-4ba1-925c-932141c3545f,18282e32-2e2f-4faa-a823-a8a53883f392,0.9171466422423968
14562170-931f-4ba1-925c-932141c3545f,182a5852-d466-4d4d-bf6d-19132687a7d9,0.9442065981932788
14562170-931f-4ba1-925c-932141c3545f,182da34b-6654-4bfe-b481-ebaca6cb2fc4,0.9089713899007064
14562170-931f-4ba1-925c-932141c3545f,182ef9a3-5519-4d9a-b8ca-29ecaa8401a9,0.8077718671816034
14562170-931f-4ba1-925c-932141c3545f,18318bbd-4b97-491b-b25c-8a23f2bbbcd2,0.856498588314029
14562170-931f-4ba1-925c-932141c3545f,1831c911-9fcb-47ad-965a-2af357d41834,0.8938430425942807
14562170-931f-4ba1-925c-932141c3545f,1834a74e-43c0-4d4c-8d78-98e2389cf80d,0.710252559931536
14562170-931f-4ba1-925c-932141c3545f,1835ad88-a2c0-484c-bdda-0ffa33997cf3,0.7935016606917908
14562170-931f-4ba1-925c-932141c3545f,18364c5e-91c1-4309-8589-e3625ac21545,0.7301514950563096
14562170-931f-4ba1-925c-932141c3545f,1836ad86-5c4e-471c-8b0a-dc79739e0d6a,0.6131523700437209
14562170-931f-4ba1-925c-932141c3545f,1836afec-9a4b-4534-9c78-338bee5616a7,0.8718949446721012
14562170-931f-4ba1-925c-932141c3545f,1836d576-8095-4db3-8084-5de191043a22,0.7026507998513853
14562170-931f-4ba1-925c-932141c3545f,18376c13-f39d-4d88-ab8b-21383c830cb4,0.7945964262977658
14562170-931f-4ba1-925c-932141c3545f,1837a2aa-e9e5-42a6-bd67-4bd349b9e075,0.9349980908880032
14562170-931f-4ba1-925c-932141c3545f,183832fa-2799-4832-9b39-bb6bec712493,0.8599781356391485
14562170-931f-4ba1-925c-932141c3545f,1838dc60-ccfd-434e-afaf-8ae3ee2f4aa8,0.5682278622657434
14562170-931f-4ba1-925c-932141c3545f,1839b276-3bd4-465d-aa24-c9021100bcfc,0.908170792470434
14562170-931f-4ba1-925c-932141c3545f,183b1b7a-1da9-4260-9e72-18d7823d051b,0.5772642728756209
14562170-931f-4ba1-925c-932141c3545f,183b725d-83a0-416f-b41d-c8d400290f88,0.4887054630914782
14562170-931f-4ba1-925c-932141c3545f,1840ee60-187b-4c1b-b167-86c420f0dddc,0.9711608128263612
14562170-931f-4ba1-925c-932141c3545f,184240a3-b27d-492e-8a7b-35b7cdb0e8de,0.9053477239123862
14562170-931f-4ba1-925c-932141c3545f,1842e99d-f6a7-40d7-8090-af48f7e649ca,0.9184121402176504
14562170-931f-4ba1-925c-932141c3545f,1844f508-9415-4c51-b3fe-d69393400547,0.8729647966037325
14562170-931f-4ba1-925c-932141c3545f,1ca89d5b-ad75-4924-a309-3480f78197bf,0.9336636306456702
14562170-931f-4ba1-925c-932141c3545f,1cab3abe-fae4-4589-92f8-b8154cc7d813,0.939009405971154
14562170-931f-4ba1-925c-932141c3545f,1cac5ea7-3808-4de7-a2b9-1287f6f72a06,0.9308161495868714
14562170-931f-4ba1-925c-932141c3545f,1cacec30-d39b-46c0-a775-d909ebc44b3f,0.9225750548152658
14562170-931f-4ba1-925c-932141c3545f,1cadbcff-e9d6-419a-8a96-bb471be8873d,0.9179201273547344
14562170-931f-4ba1-925c-932141c3545f,1cb13529-91a9-4d31-ad2f-6b57ef8abdc3,0.8987426787903463
14562170-931f-4ba1-925c-932141c3545f,1cb2524b-4e2b-448b-bc00-79dc06faa382,0.9506021295183712
14562170-931f-4ba1-925c-932141c3545f,1cb25ecc-80b4-41e7-a61c-84bf7e3cb02f,0.5570352663737986
14562170-931f-4ba1-925c-932141c3545f,1cb6273e-3784-49d1-a66f-bd7b5589b47d,0.4031724584870669
14562170-931f-4ba1-925c-932141c3545f,1cb9da05-368f-4e37-9244-86af5f6706e2,0.9450930693045464
14562170-931f-4ba1-925c-932141c3545f,1cb9dec2-eb5e-4c63-997b-887984853fa6,0.9281453726056864
14562170-931f-4ba1-925c-932141c3545f,1cbf25e7-f6a3-45d0-97b3-c6952a0abb1a,0.9417928289955848
14562170-931f-4ba1-925c-932141c3545f,1cbf7eab-3d10-4f1e-96b7-076c89eff64d,0.7398270774755573
14562170-931f-4ba1-925c-932141c3545f,1cbf86bf-79f2-4716-ba77-fa7e765b3234,0.6741620450565478
14562170-931f-4ba1-925c-932141c3545f,1cc0579d-5459-4793-9b3e-7a32ac418efb,0.9542154697241172
14562170-931f-4ba1-925c-932141c3545f,1cc28ff9-dbc9-4113-b6d4-1da5a169d04a,0.9539932532196658
14562170-931f-4ba1-925c-932141c3545f,1cc29723-7abe-4919-988c-16f2072c8ac3,0.7902668125508948
14562170-931f-4ba1-925c-932141c3545f,1cc51928-5d8f-41e3-8fc0-846423d110ed,0.9364617835918808
14562170-931f-4ba1-925c-932141c3545f,1cc595fd-801b-43d6-a83b-738aa9319fce,0.919002418915284
14562170-931f-4ba1-925c-932141c3545f,1cc65fc2-8106-43a0-8da1-613a61dfdd08,0.8082745730695639
14562170-931f-4ba1-925c-932141c3545f,1cc68806-e9fa-4e50-89bc-4c73ea6e80ec,0.8324178003719236
14562170-931f-4ba1-925c-932141c3545f,1cc965a6-408c-4520-bca2-197187b677b1,0.8620986941486533
14562170-931f-4ba1-925c-932141c3545f,1cca4c3a-e16d-4404-9386-860cf2c51c73,0.7044145209931654
14562170-931f-4ba1-925c-932141c3545f,1ccacc67-e320-4381-8a25-aac68619bf5a,0.8674566118187851
14562170-931f-4ba1-925c-932141c3545f,1ccb99e7-59ab-4578-bd34-08973b11b981,0.8025019009515499
14562170-931f-4ba1-925c-932141c3545f,1ccc21d2-8dbe-47b4-b090-895ae91df386,0.8361068378243337
14562170-931f-4ba1-925c-932141c3545f,1ccfbb1d-37d4-4b89-87fe-85e11b7a546f,0.7575373142263396
14562170-931f-4ba1-925c-932141c3545f,1cd135af-e060-4e1d-9db8-6441c4af1e45,0.9491125283060224
14562170-931f-4ba1-925c-932141c3545f,1cd1391b-7895-48c4-9138-0be2d2f0938e,0.8744975068112215
14562170-931f-4ba1-925c-932141c3545f,1cd2ffb0-3a38-4942-b71c-59b8d45ebf10,0.4095567137075299
14562170-931f-4ba1-925c-932141c3545f,1cd39c4e-a7b0-441f-b22c-151543882ac8,0.7098299266247198
14562170-931f-4ba1-925c-932141c3545f,1cd3cb84-05c1-4eae-b41a-34e7f145fc72,0.9613705109440328
14562170-931f-4ba1-925c-932141c3545f,1cd4db9c-d663-4302-bc8b-7e9903e0daf9,0.9029117965656268
14562170-931f-4ba1-925c-932141c3545f,1cd5d45f-cb01-4d4f-9d03-5b2b21b856d7,0.8817775100792936
14562170-931f-4ba1-925c-932141c3545f,1cd76c97-3db1-4dec-8c4d-e36ba678d1bd,0.9265231683962508
14562170-931f-4ba1-925c-932141c3545f,1cd81fa0-28b0-4488-b15c-b92f9bcabbf0,0.9104908888840284
14562170-931f-4ba1-925c-932141c3545f,1cd9f895-1527-4ae1-8d58-db39ac8b32a0,0.8856441775369063
14562170-931f-4ba1-925c-932141c3545f,1cda7389-110a-4f9a-9536-dca0d4f22718,0.8109698462085032
14562170-931f-4ba1-925c-932141c3545f,1cdddfb4-ccd9-4106-95d5-0b8353f537e3,0.9085671678498344
14562170-931f-4ba1-925c-932141c3545f,1cdfb002-28fc-4b64-a160-44b6ba93e349,0.9053862174291069
14562170-931f-4ba1-925c-932141c3545f,1ce06403-a8e5-4d63-b6d3-2c36902a95ce,0.9056617126311884
14562170-931f-4ba1-925c-932141c3545f,1ce07f1f-78e2-41a8-9aee-94bb6d39aa97,0.8499540280616564
14562170-931f-4ba1-925c-932141c3545f,1ce1a020-c764-4668-a20b-65cc96ef53f9,0.8424412386743436
14562170-931f-4ba1-925c-932141c3545f,1ce3af84-532f-4c06-9c3a-651c1cfb3183,0.9278705296728932
14562170-931f-4ba1-925c-932141c3545f,1ce43167-c104-44c0-9a79-7c01c31d8de6,0.8484545790805061
14562170-931f-4ba1-925c-932141c3545f,1ce51d46-6884-462e-a1aa-f2ec8bbf677a,0.945263171338516
14562170-931f-4ba1-925c-932141c3545f,1ce5e662-f10d-40a9-80cd-4150ecb6da12,0.912803141039975
14562170-931f-4ba1-925c-932141c3545f,1ce632cf-00a4-411f-8bd7-78655fa4b696,0.7785614372275956
14562170-931f-4ba1-925c-932141c3545f,1ce7306d-3be8-44c0-bb82-25bb647d3b7f,0.7541544662161433
14562170-931f-4ba1-925c-932141c3545f,1ce7ac31-6188-4a46-a936-f97945b2a530,0.6386861565736013
14562170-931f-4ba1-925c-932141c3545f,1cea7bec-bd31-43fa-ba3d-10c11036b295,0.8649821362644825
14562170-931f-4ba1-925c-932141c3545f,1ceb14a4-2b77-48b0-8d4d-c272a7e86892,0.8576289083830411
14562170-931f-4ba1-925c-932141c3545f,1cec2a6f-145b-40cb-b2a1-6c68fb85fc00,0.7640553034455188
14562170-931f-4ba1-925c-932141c3545f,1cecaa87-4807-40c6-8bf1-dbe7f3562d1e,0.8491206744988973
14562170-931f-4ba1-925c-932141c3545f,1cece80f-2a43-4698-b35e-3390387c2647,0.8914620918302554
14562170-931f-4ba1-925c-932141c3545f,1cee029c-3232-4f35-a31d-be9016e555a4,0.8334399551894853
14562170-931f-4ba1-925c-932141c3545f,1cee09a0-204a-481a-9d24-59821f561042,0.8256332759202258
14562170-931f-4ba1-925c-932141c3545f,1cefc87e-52b9-4235-82fe-a4e5e60bfa20,0.8380246626911958
14562170-931f-4ba1-925c-932141c3545f,1cefdde4-8606-40d7-ad5c-9cbf0b81a3c1,0.8739837011656869
14562170-931f-4ba1-925c-932141c3545f,1cf1fcc0-1421-453b-8c57-ceb50f71916d,0.8030727672227683
14562170-931f-4ba1-925c-932141c3545f,1cf2132c-374f-423d-82d7-60ee082168c2,0.9206498019108564
14562170-931f-4ba1-925c-932141c3545f,1cf313ed-90d1-4b1a-817f-4f5a7c1bb398,0.968649013117321
14562170-931f-4ba1-925c-932141c3545f,1cf3c47f-d81b-47c6-9ca5-ebf6a05505d0,0.8314923558901088
14562170-931f-4ba1-925c-932141c3545f,1cf47c0a-08e5-4abf-9403-082ccfaf24d9,0.9034026099752736
14562170-931f-4ba1-925c-932141c3545f,1cf5e4a0-fc00-4b06-a4b0-f96f94aac106,0.7118682965775441
14562170-931f-4ba1-925c-932141c3545f,1cf648ae-58bd-4bb1-b316-bcb24a41d008,0.4082106302089388
14562170-931f-4ba1-925c-932141c3545f,1cf7b691-0cd5-433e-bf54-d8abdd493363,0.5883400054193931
14562170-931f-4ba1-925c-932141c3545f,1cf7c61d-fcd8-4133-b628-81e297ad6ddd,0.9550790094274514
14562170-931f-4ba1-925c-932141c3545f,1cf9ff83-5776-4787-898e-ad0faf49a76f,0.888286305981439
14562170-931f-4ba1-925c-932141c3545f,1cfcfef5-5150-4959-b455-a0dd4aaccd46,0.922170264855656
14562170-931f-4ba1-925c-932141c3545f,1cfd8e30-5c98-4114-a4f4-aec927083b61,0.9068428695415232
14562170-931f-4ba1-925c-932141c3545f,1d00099c-c778-4ea6-8723-2509d0b2d871,0.6105687909499746
14562170-931f-4ba1-925c-932141c3545f,1d006310-afda-440a-8203-07b3e1899aaf,0.5670654325817372
14562170-931f-4ba1-925c-932141c3545f,1d0096b5-f4b7-4217-a654-571b9ecd12b7,0.9384600414438652
14562170-931f-4ba1-925c-932141c3545f,1d00f434-f30c-4919-9eb9-d9f5984b5c28,0.8870088517753637
14562170-931f-4ba1-925c-932141c3545f,1d01bae3-2749-425f-a45b-b49dc617b1b0,0.96108721575078
14562170-931f-4ba1-925c-932141c3545f,1d021dfc-d36e-4f57-9640-807b057ad694,0.8973592086667848
14562170-931f-4ba1-925c-932141c3545f,1d039158-53c6-4db8-bec7-d3ae37970eb4,0.9386196279053982
14562170-931f-4ba1-925c-932141c3545f,1d05d341-b3f4-49a7-bf3a-fab6764b23e6,0.9317494318424172
14562170-931f-4ba1-925c-932141c3545f,1d0900f2-b088-4c68-8297-97a4df486fea,0.8368059210424462
14562170-931f-4ba1-925c-932141c3545f,1d0908fa-687d-4815-93be-6e5ab21e0516,0.9166345792969648
14562170-931f-4ba1-925c-932141c3545f,1d09ee61-ec34-49c5-848c-2ff01c01e96a,0.7407121877546184
14562170-931f-4ba1-925c-932141c3545f,1d0b5360-7660-4dec-a676-87bdbe5b8343,0.9180352598573877
14562170-931f-4ba1-925c-932141c3545f,1d0c8daa-919c-410d-adff-7d6ea207d130,0.8967814200400819
14562170-931f-4ba1-925c-932141c3545f,1d0d7cb7-7106-44cf-b4eb-64f32e30b130,0.9327681804068664
14562170-931f-4ba1-925c-932141c3545f,1d0f60bf-53e0-4d0e-96ae-19b6dea28c6d,0.7219513020755839
14562170-931f-4ba1-925c-932141c3545f,1d0f795e-454f-412b-bea0-b622f30dae3a,0.9540459264556485
14562170-931f-4ba1-925c-932141c3545f,1d0fb063-4720-45a6-ab6b-ac95ae531d67,0.8458276224119327
14562170-931f-4ba1-925c-932141c3545f,1d10472c-b3c7-4a2a-b40c-179d22a9d056,0.9192743874852598
14562170-931f-4ba1-925c-932141c3545f,1d106bd2-6693-4703-882f-6f9bad28cd98,0.7372300104781947
14562170-931f-4ba1-925c-932141c3545f,1d113cfd-e991-4d3d-a46b-ebe3c8f505de,0.7816612631689422
14562170-931f-4ba1-925c-932141c3545f,1d129543-05e9-4083-83af-70a6699853cc,0.8551761483457071
14562170-931f-4ba1-925c-932141c3545f,1d14a30c-775b-4286-9ace-2ecae5de27ac,0.8717481532964899
14562170-931f-4ba1-925c-932141c3545f,1d15e678-f2ae-45bc-8c17-f027279e9474,0.94904405610342
14562170-931f-4ba1-925c-932141c3545f,1d165855-f4ec-467a-b13c-fbc5030b1b0f,0.7837048734862846
14562170-931f-4ba1-925c-932141c3545f,1d166fb2-f5a7-44f0-b534-f0eb673749b4,0.9342105984905424
166f0dc0-c485-4452-b4e3-2a5225eb18e8,00028a63-2ba8-44fb-96d1-becb542f4a64,0.8555178791483535
166f0dc0-c485-4452-b4e3-2a5225eb18e8,000375be-eeed-442d-b671-028ef6990c4d,0.7490266927281531
166f0dc0-c485-4452-b4e3-2a5225eb18e8,0003b15e-deb6-4189-adb8-eb495f3da2ec,0.8147964290670379
166f0dc0-c485-4452-b4e3-2a5225eb18e8,000487bd-ad15-4607-b5c3-a50c33fd3d64,0.6655915727339679
166f0dc0-c485-4452-b4e3-2a5225eb18e8,00048e37-6f91-438a-8683-7f89c716e72f,0.8736262021585861
166f0dc0-c485-4452-b4e3-2a5225eb18e8,0004fcab-fe30-414b-9943-243df7c0a22e,0.7908491042871625
166f0dc0-c485-4452-b4e3-2a5225eb18e8,00054108-b6f3-43b1-a979-b561eb6ceb35,0.7463575989271707
166f0dc0-c485-4452-b4e3-2a5225eb18e8,0008cab9-ed40-4710-a6cd-ad361ee51c2d,0.8965679141114498
166f0dc0-c485-4452-b4e3-2a5225eb18e8,00094cf1-73e8-4149-bdb6-3f2ae9192d6f,0.8994191988297406
166f0dc0-c485-4452-b4e3-2a5225eb18e8,00099237-fd1b-4d94-9469-fa93150e4253,0.7844981638079748
166f0dc0-c485-4452-b4e3-2a5225eb18e8,000a4595-f0e3-422f-b631-b6fadca8b200,0.8055468915643517
166f0dc0-c485-4452-b4e3-2a5225eb18e8,000ae394-c27c-41e7-a886-3f1bc7cd0ecb,0.727008722320656
166f0dc0-c485-4452-b4e3-2a5225eb18e8,000b196c-8382-4326-9255-02b782a909ac,0.922085549506448
166f0dc0-c485-4452-b4e3-2a5225eb18e8,000b5a67-d33f-4b66-a858-3993ff4f1ee5,0.926187886806637
166f0dc0-c485-4452-b4e3-2a5225eb18e8,000cbbec-4b9c-41e3-8bad-d7510501bf09,0.2532828582877314
166f0dc0-c485-4452-b4e3-2a5225eb18e8,000f3a2c-3150-4aa7-b1ce-75eb1a268ba3,0.7307789242919516
166f0dc0-c485-4452-b4e3-2a5225eb18e8,000f990e-6cc5-4be4-8afc-bd3c1a206d36,0.754762534085738
166f0dc0-c485-4452-b4e3-2a5225eb18e8,000fe073-f67d-44b3-9ff3-727d09f682dc,0.5502808421140355
166f0dc0-c485-4452-b4e3-2a5225eb18e8,0010af91-6de9-4470-ac8d-a3c53b873847,0.7987864108415667
166f0dc0-c485-4452-b4e3-2a5225eb18e8,00120104-1ee9-4aed-9361-2e87c8b6d665,0.2528296071353919
166f0dc0-c485-4452-b4e3-2a5225eb18e8,00120af8-fb66-4d46-bbe6-5fce4a888eed,0.7111631458596933
166f0dc0-c485-4452-b4e3-2a5225eb18e8,00145db0-96fe-42a7-9cf4-39b04dce7c22,0.8487537336805809
166f0dc0-c485-4452-b4e3-2a5225eb18e8,001502ea-f45f-4c04-a23e-5237309f5b9a,0.8850405177023707
166f0dc0-c485-4452-b4e3-2a5225eb18e8,001532f7-8e1e-4657-924f-21cbc25d147e,0.6344036965575309
166f0dc0-c485-4452-b4e3-2a5225eb18e8,001697d4-7eb4-458c-a956-188eb9b3a189,0.7328592629591143
166f0dc0-c485-4452-b4e3-2a5225eb18e8,0017009f-398d-43cc-8b1d-9215065208fa,0.3934252984132605
166f0dc0-c485-4452-b4e3-2a5225eb18e8,0018795e-d75e-419e-b05b-a04a43a0d479,0.867317397927919
166f0dc0-c485-4452-b4e3-2a5225eb18e8,0018905b-2c2a-4da2-9330-fda6bd4602f8,0.5898782055164462
166f0dc0-c485-4452-b4e3-2a5225eb18e8,001b9a6d-ae81-49c1-be1d-9c63b2b6ade1,0.5595296832438014
166f0dc0-c485-4452-b4e3-2a5225eb18e8,001bf4d0-d910-4d2d-a215-c22c002746ce,0.586792342993368
166f0dc0-c485-4452-b4e3-2a5225eb18e8,001c3e13-545d-430f-855d-7f0d088d7ed0,0.9301788762014794
166f0dc0-c485-4452-b4e3-2a5225eb18e8,001c75ba-a95b-4a33-bbd3-0dd0e245d184,0.8578369406778085
166f0dc0-c485-4452-b4e3-2a5225eb18e8,001d0425-eb84-4494-aa76-cb6f54db700a,0.7829832339940039
166f0dc0-c485-4452-b4e3-2a5225eb18e8,001e5d42-8301-486d-8fbe-a73fca9267ab,0.9220451161794492
166f0dc0-c485-4452-b4e3-2a5225eb18e8,001e7241-c70e-4c85-8d59-a7bd00d68f33,0.8445487730813122
166f0dc0-c485-4452-b4e3-2a5225eb18e8,001f02f2-57e5-43cf-b182-f4bed7d100c3,0.9039388707927152
166f0dc0-c485-4452-b4e3-2a5225eb18e8,001f4f3c-1840-4332-8e42-4814dd882cf6,0.8816223030610888
166f0dc0-c485-4452-b4e3-2a5225eb18e8,00211600-be43-4aea-bb89-4d60eb987b38,0.7426149277761058
166f0dc0-c485-4452-b4e3-2a5225eb18e8,0021b6f3-0798-497f-a9e7-04f9160ed077,0.7955004949550185
166f0dc0-c485-4452-b4e3-2a5225eb18e8,0021dcd6-1a64-4758-a824-b369fc16d278,0.4065537065230348
166f0dc0-c485-4452-b4e3-2a5225eb18e8,002263c6-04b0-470d-92d8-6e934d28e819,0.8838201659206968
166f0dc0-c485-4452-b4e3-2a5225eb18e8,00226639-0081-459b-9aa0-71bd7663f875,0.925303789264186
166f0dc0-c485-4452-b4e3-2a5225eb18e8,002291f2-e544-4009-8c3b-4e6c04878872,0.4526471488830508
166f0dc0-c485-4452-b4e3-2a5225eb18e8,002390d2-d337-40fe-a34c-3543fa55665b,0.916491112373578
166f0dc0-c485-4452-b4e3-2a5225eb18e8,0024b130-09ab-4239-ac6c-8e51a8baf203,0.914537213050972
166f0dc0-c485-4452-b4e3-2a5225eb18e8,00279ee1-8822-4f65-95db-5c33174774cc,0.6454147686846962
166f0dc0-c485-4452-b4e3-2a5225eb18e8,002983ac-1c83-4c95-a02b-6bc4b8c260e9,0.7543882271739942
166f0dc0-c485-4452-b4e3-2a5225eb18e8,002c09c8-1167-4f7a-9e33-ccbe83e0ba05,0.9036137761693684
166f0dc0-c485-4452-b4e3-2a5225eb18e8,002dcbb7-3fdb-4acf-92d9-766d7e7cbb3c,0.8016136671560371
166f0dc0-c485-4452-b4e3-2a5225eb18e8,002e1357-89b1-41c5-a168-62b484502a03,0.7790155182679867
166f0dc0-c485-4452-b4e3-2a5225eb18e8,002f426d-5f42-4a44-84b4-10ddba9b72c6,0.698904645560674
166f0dc0-c485-4452-b4e3-2a5225eb18e8,0030d49a-7b56-42c3-a67f-c21b7dba0029,0.9133472962540466
166f0dc0-c485-4452-b4e3-2a5225eb18e8,0032065b-f23b-4d5c-bc6b-0763196a1cfc,0.7289859897068766
166f0dc0-c485-4452-b4e3-2a5225eb18e8,00334c3c-0fe7-4d25-88f0-196d770f5f73,0.9224306424924464
166f0dc0-c485-4452-b4e3-2a5225eb18e8,00341d6a-3237-4fd5-983f-a4831e93d139,0.6161708609791577
166f0dc0-c485-4452-b4e3-2a5225eb18e8,0035c872-f313-4b83-8b2e-2a49c172689e,0.9371962887476818
166f0dc0-c485-4452-b4e3-2a5225eb18e8,003809b7-634e-4c8b-a1f1-ce9d87e0f9b1,0.3740884918600335
166f0dc0-c485-4452-b4e3-2a5225eb18e8,003903f3-772b-4f30-a6e8-ceee1052257d,0.731152547255505
166f0dc0-c485-4452-b4e3-2a5225eb18e8,003ae699-ec64-4f0d-b934-532c2c364830,0.9364910674487524
166f0dc0-c485-4452-b4e3-2a5225eb18e8,003b32b0-0289-4397-b0dc-d20cc935a063,0.9615472531050364
166f0dc0-c485-4452-b4e3-2a5225eb18e8,003ec167-b08b-4595-ad98-7fb03662e1eb,0.822050309977019
166f0dc0-c485-4452-b4e3-2a5225eb18e8,003eda4b-9605-488c-afd3-ee983eba54da,0.5377477188758711
166f0dc0-c485-4452-b4e3-2a5225eb18e8,00413710-32b6-4cdb-9cbb-8501f105f4a2,0.6874622506545568
166f0dc0-c485-4452-b4e3-2a5225eb18e8,004469c4-29a4-4283-b946-ccb7606a829e,0.6991139113533404
166f0dc0-c485-4452-b4e3-2a5225eb18e8,004770c0-901a-46a1-b270-9a197b87dc14,0.694533775196731
166f0dc0-c485-4452-b4e3-2a5225eb18e8,004a66f6-f4b9-4e36-8928-bc1ccdde78fe,0.7521444911214563
166f0dc0-c485-4452-b4e3-2a5225eb18e8,00505682-5ea0-414e-b8ba-cdd94ee1caec,0.6484204587788412
166f0dc0-c485-4452-b4e3-2a5225eb18e8,0050b0a0-e208-478b-99c8-bbc96a0d6ff3,0.5022320203848479
166f0dc0-c485-4452-b4e3-2a5225eb18e8,0050f49b-1ef7-47ca-ab64-702cb8cd81b8,0.8770865242298697
166f0dc0-c485-4452-b4e3-2a5225eb18e8,0053484c-7b92-4b94-a97c-a96c3b56c4f5,0.7314999407154422
166f0dc0-c485-4452-b4e3-2a5225eb18e8,00559641-5d64-47d5-956a-45f61d678a7e,0.6950306121894985
166f0dc0-c485-4452-b4e3-2a5225eb18e8,0055e9f2-9661-4a58-857c-2167d80cf15c,0.7558829766551254
166f0dc0-c485-4452-b4e3-2a5225eb18e8,00583b29-4881-4bb2-a91b-cb06317fb86f,0.712880302740069
166f0dc0-c485-4452-b4e3-2a5225eb18e8,005937d1-7478-4c09-b385-0caaebec5e08,0.8654284826747355
166f0dc0-c485-4452-b4e3-2a5225eb18e8,00599665-51c0-4447-bcce-0b9934db7c06,0.867265633271653
166f0dc0-c485-4452-b4e3-2a5225eb18e8,00599b53-7d8c-40de-a6d9-a79788292a0b,0.6643673517137959
166f0dc0-c485-4452-b4e3-2a5225eb18e8,005bb14e-fbf8-4451-9956-a243db897d68,0.8504681586907489
166f0dc0-c485-4452-b4e3-2a5225eb18e8,005bdc5d-2620-4426-8485-75974b2c70f6,0.6999778521589749
166f0dc0-c485-4452-b4e3-2a5225eb18e8,005dd95f-410e-4d36-8c1f-f1835e17cb0c,0.3714619333273565
166f0dc0-c485-4452-b4e3-2a5225eb18e8,005df39e-dc32-4312-8cf8-daf7f56921ce,0.7099524547436047
166f0dc0-c485-4452-b4e3-2a5225eb18e8,00627220-4be9-44e7-893b-4c97d9759f80,0.408834185305316
166f0dc0-c485-4452-b4e3-2a5225eb18e8,0062cbd9-5e7c-4add-8475-286270669871,0.772721829199415
166f0dc0-c485-4452-b4e3-2a5225eb18e8,00643bc4-c3b8-4d43-9b06-a28de81d7df6,0.8044590229532366
166f0dc0-c485-4452-b4e3-2a5225eb18e8,006569cb-318a-40b4-b413-58feb47566da,0.6433062126661093
166f0dc0-c485-4452-b4e3-2a5225eb18e8,006583b8-6b11-4a56-abc7-2ae3e7906be3,0.59843105957369
166f0dc0-c485-4452-b4e3-2a5225eb18e8,0067a6ba-3a25-4229-9df4-70e226cfb280,0.840759688754212
166f0dc0-c485-4452-b4e3-2a5225eb18e8,0067d3c8-be55-43b5-aae8-6d98ddafc7e6,0.8999548527238895
166f0dc0-c485-4452-b4e3-2a5225eb18e8,0068d4b4-05b0-43e6-b7e1-c3f04c218188,0.7501841072366072
166f0dc0-c485-4452-b4e3-2a5225eb18e8,006a3a12-442c-4767-af54-0e5eb8874ab1,0.4519635248710291
166f0dc0-c485-4452-b4e3-2a5225eb18e8,006afd47-ef9c-479c-945b-05cb53fc4f50,0.7370289248148234
166f0dc0-c485-4452-b4e3-2a5225eb18e8,006d3fb3-2ae2-44f6-a11a-de26a958937e,0.492567225748274
166f0dc0-c485-4452-b4e3-2a5225eb18e8,006ddaac-3415-4c56-9ce8-79c3ce6e96e2,0.934939058683862
166f0dc0-c485-4452-b4e3-2a5225eb18e8,006eed98-7981-46c5-957a-06e74f3734b6,0.7641741382334062
166f0dc0-c485-4452-b4e3-2a5225eb18e8,007027ba-4e4a-45c7-8b0b-9a5b5f51f620,0.6899948236264748
166f0dc0-c485-4452-b4e3-2a5225eb18e8,0070714a-71c1-4715-af70-b2a17287e004,0.595563569231981
166f0dc0-c485-4452-b4e3-2a5225eb18e8,00722ea2-376a-448a-bebc-bda0efc0bbcf,0.9267983227223582
166f0dc0-c485-4452-b4e3-2a5225eb18e8,00730054-bc85-4857-945f-363c98333537,0.8137548811607274
166f0dc0-c485-4452-b4e3-2a5225eb18e8,0073b78e-2ef3-41d8-b87b-4d26bdb760da,0.7539011593174327
166f0dc0-c485-4452-b4e3-2a5225eb18e8,0075cab0-f69b-45c1-b2d2-d3cd54d1d27a,0.7232436852799552
166f0dc0-c485-4452-b4e3-2a5225eb18e8,00771b85-da54-4258-a144-2f7e7e1b7c56,0.7406526264667879
166f0dc0-c485-4452-b4e3-2a5225eb18e8,007bf010-7aeb-46cd-b6c3-be394d8bc0bb,0.199978705790748
166f0dc0-c485-4452-b4e3-2a5225eb18e8,007c613a-ce55-400b-ab4f-0d2c210816e7,0.8427334746813846
166f0dc0-c485-4452-b4e3-2a5225eb18e8,007d5910-b4c0-4469-a517-ae6ac48b8fc1,0.8201747861548713
166f0dc0-c485-4452-b4e3-2a5225eb18e8,007de4e5-c896-4623-ac41-7dfe60326e77,0.875674081279123
166f0dc0-c485-4452-b4e3-2a5225eb18e8,007eadaf-6c19-4171-ab42-b241b395a5cd,0.5521166339292557
166f0dc0-c485-4452-b4e3-2a5225eb18e8,007f0a53-caa6-4d6e-af6e-6f27dad1b4eb,0.7768098439992472
166f0dc0-c485-4452-b4e3-2a5225eb18e8,00805984-8400-47b4-8762-90da5d78b49e,0.7829210984716399
166f0dc0-c485-4452-b4e3-2a5225eb18e8,00805eec-d377-4e02-8bd7-bfff9dd0c9f8,0.8444945746810952
166f0dc0-c485-4452-b4e3-2a5225eb18e8,0080facc-8b5a-4de1-b9e5-9c3cbb470b0b,0.8628002452577268
166f0dc0-c485-4452-b4e3-2a5225eb18e8,00823f2d-1c32-4af3-aa0c-34a2d68c6b79,0.8040248869261354
166f0dc0-c485-4452-b4e3-2a5225eb18e8,00843552-ea88-40f2-8127-1d84626ce751,0.9178320910725442
166f0dc0-c485-4452-b4e3-2a5225eb18e8,0085ecfe-72e6-43e7-b566-3d635adcbda4,0.7959391339777802
166f0dc0-c485-4452-b4e3-2a5225eb18e8,008abc4b-e688-4621-9782-bcdc2875bc8d,0.7873994422835594
166f0dc0-c485-4452-b4e3-2a5225eb18e8,008bd01f-8cbd-4b86-8b46-83e3846603e4,0.982497345545662
166f0dc0-c485-4452-b4e3-2a5225eb18e8,008c5c40-a532-4f9a-9142-98bf7f376d0a,0.8864359076242064
166f0dc0-c485-4452-b4e3-2a5225eb18e8,008c5fd3-728d-42c1-be4e-605c5e41e413,0.8258367550115134
166f0dc0-c485-4452-b4e3-2a5225eb18e8,008ca763-4458-45e7-a86a-0d710f187192,0.7289797175973137
166f0dc0-c485-4452-b4e3-2a5225eb18e8,008cf378-b482-4fb6-ba27-680e70425f01,0.8325631555252521
166f0dc0-c485-4452-b4e3-2a5225eb18e8,008dcc57-fb81-4a56-ba5a-0abefce410b2,0.8086215488896304
166f0dc0-c485-4452-b4e3-2a5225eb18e8,008fc273-a878-45b6-8364-ab9a0bab7a4d,0.8131219750113675
166f0dc0-c485-4452-b4e3-2a5225eb18e8,00902d15-b822-494a-94a7-f0068e25ebc4,0.9413390902846908
166f0dc0-c485-4452-b4e3-2a5225eb18e8,00907b3b-07c0-4f2c-940c-75469fcc4448,0.8172479441020377
166f0dc0-c485-4452-b4e3-2a5225eb18e8,00915802-0be5-4b39-b1bc-53a22e2ed927,0.7235704398927864
166f0dc0-c485-4452-b4e3-2a5225eb18e8,00923ba0-7e46-43e6-b7c5-af22cf9076c5,0.9164299856904689
166f0dc0-c485-4452-b4e3-2a5225eb18e8,00938199-0e7c-419a-bf17-cbfde3648d4b,0.7051370912172403
166f0dc0-c485-4452-b4e3-2a5225eb18e8,009413e9-4198-4f44-b3e9-6fed10b5506a,0.7777871477141567
166f0dc0-c485-4452-b4e3-2a5225eb18e8,00952a9f-6c35-479d-a422-c7ceda396737,0.3668136700314214
166f0dc0-c485-4452-b4e3-2a5225eb18e8,00952afa-e8e2-4b58-8a49-8e508379afd5,0.7802511469974627
166f0dc0-c485-4452-b4e3-2a5225eb18e8,0095364d-66d2-451a-91d8-fba7d7f02671,0.8660667373341088
166f0dc0-c485-4452-b4e3-2a5225eb18e8,009690e9-79b3-488f-9ab2-cbd5099e8b32,0.925311576709098
166f0dc0-c485-4452-b4e3-2a5225eb18e8,0097c766-067f-451f-a640-949e3d4c71cc,0.9497450519793168
166f0dc0-c485-4452-b4e3-2a5225eb18e8,0097de4d-29cb-42e1-93d0-9f743223ca03,0.464956784488164
166f0dc0-c485-4452-b4e3-2a5225eb18e8,00984835-4467-4caa-998e-851d01f3635d,0.9800179277110196
166f0dc0-c485-4452-b4e3-2a5225eb18e8,009b7af4-06de-46a3-b312-155172b07f7a,0.3547512548508583
166f0dc0-c485-4452-b4e3-2a5225eb18e8,009be85d-1460-4d3e-a31c-2240944471ca,0.8845560063991138
166f0dc0-c485-4452-b4e3-2a5225eb18e8,009c7970-256c-4afb-bebf-23223407b552,0.855480116402202
166f0dc0-c485-4452-b4e3-2a5225eb18e8,009e0e5b-fa3a-407d-8bb9-dfb1f1923569,0.9741978116287312
166f0dc0-c485-4452-b4e3-2a5225eb18e8,009e6906-8174-44a4-b113-71030021dc9e,0.5881912814352678
166f0dc0-c485-4452-b4e3-2a5225eb18e8,00a0941b-1c3f-4ce4-81ac-5a9204f24a46,0.7713206506019078
166f0dc0-c485-4452-b4e3-2a5225eb18e8,00a0fd0f-0f04-4598-9b6b-7c160cd24630,0.943702220224136
166f0dc0-c485-4452-b4e3-2a5225eb18e8,00a13d15-bfdf-48f3-8cd6-c593f83e0b68,0.6751972733335712
166f0dc0-c485-4452-b4e3-2a5225eb18e8,00a28ea6-e419-4acc-b933-21a7baa405ae,0.8082797338402773
166f0dc0-c485-4452-b4e3-2a5225eb18e8,00a4d893-a99f-4644-bbbc-0b3457181e6a,0.8993929963076728
166f0dc0-c485-4452-b4e3-2a5225eb18e8,00a51a39-7699-4861-92ac-56aee6a7cc86,0.914428356371486
166f0dc0-c485-4452-b4e3-2a5225eb18e8,00a6b550-fee5-4d03-901c-d74dcaf36951,0.9249876666983552
166f0dc0-c485-4452-b4e3-2a5225eb18e8,00a6bef2-1a9e-4be8-8638-1b0cf4eafb1a,0.8624058838166432
166f0dc0-c485-4452-b4e3-2a5225eb18e8,00a7abd6-c33b-467d-b763-99940970905d,0.9092437785627384
166f0dc0-c485-4452-b4e3-2a5225eb18e8,00aa9f83-0691-4292-a1ca-aad89ef28467,0.7874364633162726
166f0dc0-c485-4452-b4e3-2a5225eb18e8,00ac5ae2-7702-4110-bb9c-7cfe5c422e11,0.8341822740273916
166f0dc0-c485-4452-b4e3-2a5225eb18e8,00ac63e3-452b-4fc2-82cb-9d79414d5d84,0.9516047972728058
166f0dc0-c485-4452-b4e3-2a5225eb18e8,00af5b54-2042-49f2-a887-60b1ab5fdfaa,0.826809586566206
166f0dc0-c485-4452-b4e3-2a5225eb18e8,00b01628-8570-45a6-84f6-0abb953eb095,0.6354316423995703
166f0dc0-c485-4452-b4e3-2a5225eb18e8,00b35555-d9d9-4e2c-a9ea-89482751ec98,0.793172682138144
166f0dc0-c485-4452-b4e3-2a5225eb18e8,00b48fe9-68dd-4f05-9669-2ddd2e384c23,0.9435779860079958
166f0dc0-c485-4452-b4e3-2a5225eb18e8,00b5d491-bcb2-4c8a-b4c0-72214a3f7875,0.5577843051032251
166f0dc0-c485-4452-b4e3-2a5225eb18e8,00b606d6-e60a-404c-8e79-086461056538,0.873073290597687
166f0dc0-c485-4452-b4e3-2a5225eb18e8,00b81ffc-95aa-465d-88a8-a136a0ab6736,0.6653556981772976
166f0dc0-c485-4452-b4e3-2a5225eb18e8,00bac2ca-be37-4c93-830b-9ad3ef8e57b9,0.7119285409501472
166f0dc0-c485-4452-b4e3-2a5225eb18e8,00bb109e-ec6a-4ed0-9ce8-d5aa87f7cd4b,0.7329804988502885
166f0dc0-c485-4452-b4e3-2a5225eb18e8,00bba99e-e2a9-480c-8703-5d7f948f8f27,0.9691919896923245
166f0dc0-c485-4452-b4e3-2a5225eb18e8,00bdc483-8275-42a9-8753-843116934bf7,0.5545122972153288
166f0dc0-c485-4452-b4e3-2a5225eb18e8,00bf910e-9030-4467-a997-da6fa89f2d53,0.9233924204054844
166f0dc0-c485-4452-b4e3-2a5225eb18e8,00bf9293-575c-40d8-af38-c763e9d1ca29,0.9262829370058994
166f0dc0-c485-4452-b4e3-2a5225eb18e8,00c3a1ba-cafe-4e3d-8f23-39ae2f07fa40,0.9563464318656866
166f0dc0-c485-4452-b4e3-2a5225eb18e8,00c6641a-565c-4618-9b75-f34453594b10,0.9451083049107604
166f0dc0-c485-4452-b4e3-2a5225eb18e8,00c97837-ebb7-4b93-82e6-0f6583a88941,0.712604096452981
166f0dc0-c485-4452-b4e3-2a5225eb18e8,00ca37ad-865f-470f-a8e8-1a1f60a12737,0.8105597659710952
166f0dc0-c485-4452-b4e3-2a5225eb18e8,00cc031d-3b62-4b75-bf0f-f134a3a6cc5d,0.9249598484109528
166f0dc0-c485-4452-b4e3-2a5225eb18e8,00cc727f-7144-431a-afcf-e95c03b0b429,0.8547718559305557
166f0dc0-c485-4452-b4e3-2a5225eb18e8,00cceeb9-553a-4ab8-b5e8-73942b0dc452,0.9342219102312764
166f0dc0-c485-4452-b4e3-2a5225eb18e8,00ccfd6b-104a-4562-9731-5db60ce18943,0.9119503909411922
166f0dc0-c485-4452-b4e3-2a5225eb18e8,00cddd17-8484-4509-a257-28712a70b6ee,0.8346564121499491
166f0dc0-c485-4452-b4e3-2a5225eb18e8,00ce8565-2f26-4938-9af8-c61e17c6d3e6,0.9451716615641126
166f0dc0-c485-4452-b4e3-2a5225eb18e8,00ced3ac-29b2-493e-b65d-ac42cab66faf,0.3248829858225889
166f0dc0-c485-4452-b4e3-2a5225eb18e8,00d06bfb-a483-44de-a4fe-f652a3a391cd,0.8966791682765204
166f0dc0-c485-4452-b4e3-2a5225eb18e8,00d0a2e3-b461-4049-8ee6-60d499d2a9c2,0.712957780960707
166f0dc0-c485-4452-b4e3-2a5225eb18e8,00d1135f-0175-4687-9293-9b1a9f76c135,0.8196991562090241
166f0dc0-c485-4452-b4e3-2a5225eb18e8,00d196c5-d5f7-4cf5-a277-76f59ed59cff,0.7367417842598626
166f0dc0-c485-4452-b4e3-2a5225eb18e8,00d2f116-4c67-4319-84cf-91a2b3e5aa59,0.9378814476349654
166f0dc0-c485-4452-b4e3-2a5225eb18e8,00d41157-5ca9-4aed-8029-8e2fb485fb8c,0.8087804226470141
166f0dc0-c485-4452-b4e3-2a5225eb18e8,00d4c7c0-f93a-4534-a9e1-cbda85636867,0.8576181959530735
166f0dc0-c485-4452-b4e3-2a5225eb18e8,00d548ba-b2fa-42bd-89dc-96d3784eba02,0.8360714809598957
166f0dc0-c485-4452-b4e3-2a5225eb18e8,00d55dfd-32e9-429c-b552-cffa8bf88ff7,0.4282633324292741
166f0dc0-c485-4452-b4e3-2a5225eb18e8,00d5ce89-9aaf-4b28-abda-934fa78e11cc,0.8377246482948879
166f0dc0-c485-4452-b4e3-2a5225eb18e8,00d6d037-b99d-4583-ae17-c0e12916bd40,0.990278653518467
166f0dc0-c485-4452-b4e3-2a5225eb18e8,00d7295e-1b0e-49c2-8e0c-be834d39132c,0.6996569834058581
166f0dc0-c485-4452-b4e3-2a5225eb18e8,00d7ee5e-6a83-4a34-b580-34b6c22f57b6,0.9599228988310412
166f0dc0-c485-4452-b4e3-2a5225eb18e8,00d84212-853d-47d7-af54-0b0c4238c393,0.9176206033947872
166f0dc0-c485-4452-b4e3-2a5225eb18e8,00d88681-bcbf-4f7f-a5db-f65509fa9257,0.9116853668208564
166f0dc0-c485-4452-b4e3-2a5225eb18e8,00d931a8-240c-4b2d-81cc-29e22fd6a720,0.244547092173041
166f0dc0-c485-4452-b4e3-2a5225eb18e8,00d94291-ecb1-4492-84f9-d30951c0f65e,0.9165859198930244
166f0dc0-c485-4452-b4e3-2a5225eb18e8,00d94f38-9575-479b-a42a-9f33a1df7835,0.8892435709217814
166f0dc0-c485-4452-b4e3-2a5225eb18e8,00d9ebb1-b52b-4109-a187-024c67c28845,0.908292261793855
166f0dc0-c485-4452-b4e3-2a5225eb18e8,00db8ded-2833-495b-bb41-698b0ac0a24f,0.8466100897882398
166f0dc0-c485-4452-b4e3-2a5225eb18e8,00dd1457-2038-4475-b010-e11a7d48cd4a,0.9301275540796016
166f0dc0-c485-4452-b4e3-2a5225eb18e8,00ddb405-35c4-40de-8bb6-de141f855b82,0.6483944115834894
166f0dc0-c485-4452-b4e3-2a5225eb18e8,00de1e10-eb66-4147-bb04-4cc62293706f,0.8643914413177783
166f0dc0-c485-4452-b4e3-2a5225eb18e8,00deb91e-75f1-4c96-9082-aeb869066f21,0.8919529636404369
166f0dc0-c485-4452-b4e3-2a5225eb18e8,00df2c58-ec55-4788-91bb-26525eb44a46,0.7075405530077536
166f0dc0-c485-4452-b4e3-2a5225eb18e8,00df5f60-c1b8-494a-97e3-98a29e7b55de,0.6488520252019941
166f0dc0-c485-4452-b4e3-2a5225eb18e8,00e0445b-6f7a-4c00-ba0d-412400939ed5,0.914464793318974
166f0dc0-c485-4452-b4e3-2a5225eb18e8,1001304c-79f0-4cad-a78b-1d0836f32bf9,0.9468814827086698
166f0dc0-c485-4452-b4e3-2a5225eb18e8,100415d8-2c1a-478f-bbf3-65df443bb45f,0.8988834411443952
166f0dc0-c485-4452-b4e3-2a5225eb18e8,10049b5d-cf44-4b64-b8dd-8aeea432b697,0.4710053034879732
166f0dc0-c485-4452-b4e3-2a5225eb18e8,10049dc8-419c-419c-bf7b-b49067dd0f28,0.881048258857269
166f0dc0-c485-4452-b4e3-2a5225eb18e8,10062773-8d26-44ee-8779-a3ef35703d22,0.8191095706289632
166f0dc0-c485-4452-b4e3-2a5225eb18e8,10074605-945a-4ea2-9107-0362cb6f66ac,0.787917574297619
166f0dc0-c485-4452-b4e3-2a5225eb18e8,100865af-6351-4359-8b69-b9421dde368e,0.5701236151551974
166f0dc0-c485-4452-b4e3-2a5225eb18e8,100a937a-2c38-4540-a178-59ff07081469,0.4561416665026123
166f0dc0-c485-4452-b4e3-2a5225eb18e8,100a9e41-a612-444c-84b2-3d30920b9700,0.6035992693361167
166f0dc0-c485-4452-b4e3-2a5225eb18e8,100d46c2-d543-4d4d-a0f0-2c0711ac2441,0.7905906429223397
166f0dc0-c485-4452-b4e3-2a5225eb18e8,100dcbf0-57aa-4033-a51f-13a4c8fe001a,0.7805817459362294
166f0dc0-c485-4452-b4e3-2a5225eb18e8,100de2a1-ae13-421e-99ea-fd17ef1db80b,0.5252635971569233
166f0dc0-c485-4452-b4e3-2a5225eb18e8,100e02eb-466c-4420-b248-7326aeb5cc06,0.9002018406296859
166f0dc0-c485-4452-b4e3-2a5225eb18e8,100f97a5-a20d-4766-8871-9c7a8fc5ba8a,0.8834454331429085
166f0dc0-c485-4452-b4e3-2a5225eb18e8,100fcdf0-086e-4778-ba14-d0e3c80da9f5,0.9024157827064276
166f0dc0-c485-4452-b4e3-2a5225eb18e8,10101120-4464-44b3-a225-1a91b20ae8be,0.9675965825433164
166f0dc0-c485-4452-b4e3-2a5225eb18e8,10147852-6a38-43f5-bdf1-71563b39a278,0.91646478756435
166f0dc0-c485-4452-b4e3-2a5225eb18e8,10155e83-5b96-4fcf-bd70-e8cdcfc48254,0.6635325127991294
166f0dc0-c485-4452-b4e3-2a5225eb18e8,1015db07-baa2-406a-8c87-4b0941a43aed,0.6954058789389732
166f0dc0-c485-4452-b4e3-2a5225eb18e8,10163477-c11b-4b66-b570-b4fecbe45153,0.6719105409217665
166f0dc0-c485-4452-b4e3-2a5225eb18e8,101690a5-2f6d-43fb-8ca6-aba41395a090,0.7628065584151151
166f0dc0-c485-4452-b4e3-2a5225eb18e8,101971d7-ad9d-434b-a6c7-11b4c6e5cc6a,0.9146050301431858
166f0dc0-c485-4452-b4e3-2a5225eb18e8,101b5421-3eba-4292-8a06-03983de0e37a,0.7679276954929224
166f0dc0-c485-4452-b4e3-2a5225eb18e8,101b8b13-9d6f-4a0b-8b7a-15c63656ddc4,0.341678396377316
166f0dc0-c485-4452-b4e3-2a5225eb18e8,101c9566-bf7c-4fbd-9b72-6b340445f9e2,0.5885435120775847
166f0dc0-c485-4452-b4e3-2a5225eb18e8,101f1bf0-d48c-4db8-bf8c-f6dfd8ee1040,0.8889338239434353
166f0dc0-c485-4452-b4e3-2a5225eb18e8,101f490e-a14c-4d89-9fcf-92fae34b32c4,0.727596341057157
166f0dc0-c485-4452-b4e3-2a5225eb18e8,1020d125-6388-4b5d-8da1-df1d80e91b6c,0.8801597209406967
166f0dc0-c485-4452-b4e3-2a5225eb18e8,1021df2f-fda2-421f-958c-a5c971abc894,0.6224662089471276
166f0dc0-c485-4452-b4e3-2a5225eb18e8,1021e4d8-7a30-4aaf-a21b-fec78a1b779d,0.8899820538826888
166f0dc0-c485-4452-b4e3-2a5225eb18e8,10223329-79c6-42fb-b870-df6a7e440f5b,0.65853719111565
166f0dc0-c485-4452-b4e3-2a5225eb18e8,10226a51-fc62-4238-bc56-5125d614f9d3,0.8387446460689713
166f0dc0-c485-4452-b4e3-2a5225eb18e8,1022b5ae-3f46-4c6d-86cd-a3ddeb3598de,0.9456841200005462
166f0dc0-c485-4452-b4e3-2a5225eb18e8,10235aba-ff52-4b78-9cba-547a4938da78,0.9434812810269064
166f0dc0-c485-4452-b4e3-2a5225eb18e8,1023c1f4-08eb-42ec-9d81-952c7267a272,0.9159380778366896
166f0dc0-c485-4452-b4e3-2a5225eb18e8,10242ebd-a03d-44fd-8731-9e6ebcb24642,0.8296995461411651
166f0dc0-c485-4452-b4e3-2a5225eb18e8,10248f5f-e7e9-4438-a3c3-64fc148a0edb,0.9579095113223935
166f0dc0-c485-4452-b4e3-2a5225eb18e8,1024e317-6d26-4043-86bc-b4212c71c3fc,0.4326721306432187
166f0dc0-c485-4452-b4e3-2a5225eb18e8,10267418-8229-4f9f-a275-5d24476536bf,0.9358954110781066
166f0dc0-c485-4452-b4e3-2a5225eb18e8,1026eae0-ab77-41d7-ad12-a2238f25fc5c,0.9374191542272142
166f0dc0-c485-4452-b4e3-2a5225eb18e8,102997bb-5ba6-45de-99a0-0f55a3424228,0.9115053150817772
166f0dc0-c485-4452-b4e3-2a5225eb18e8,102a3e2e-26ff-4bef-8bd8-92bee98141fb,0.7219498289305732
166f0dc0-c485-4452-b4e3-2a5225eb18e8,102df44e-24de-4a23-bae4-43cdb247c11a,0.94025611568813
166f0dc0-c485-4452-b4e3-2a5225eb18e8,102e0835-23ee-4ed4-8c6c-701087c6313d,0.8338337554977185
166f0dc0-c485-4452-b4e3-2a5225eb18e8,102ea561-62d9-46c1-bd33-3d3895aa828e,0.7625790705419841
166f0dc0-c485-4452-b4e3-2a5225eb18e8,102f1f3a-dd2b-4190-b167-5016d0d2b2b6,0.6239593799016311
166f0dc0-c485-4452-b4e3-2a5225eb18e8,102fd379-27de-4ef4-af59-3f9989a74aea,0.7059663894004417
166f0dc0-c485-4452-b4e3-2a5225eb18e8,10313064-60cf-4614-99a4-4eb08191290e,0.8241085845819376
166f0dc0-c485-4452-b4e3-2a5225eb18e8,10316979-2639-4f97-901a-cc5718e47c1e,0.8863181953198837
166f0dc0-c485-4452-b4e3-2a5225eb18e8,10331021-96ef-42ff-a49c-aa584feeddfa,0.8543209769794163
166f0dc0-c485-4452-b4e3-2a5225eb18e8,1033b158-1164-44e7-8349-c8ba071f2144,0.3887201937131314
166f0dc0-c485-4452-b4e3-2a5225eb18e8,1034254b-249f-4001-b836-893230a90d9a,0.2764624568347146
166f0dc0-c485-4452-b4e3-2a5225eb18e8,10368956-4bad-45e8-a3e8-d0565e1904ed,0.7350268314359291
166f0dc0-c485-4452-b4e3-2a5225eb18e8,10370652-3421-4f7b-966a-27de7462f690,0.863422550391754
166f0dc0-c485-4452-b4e3-2a5225eb18e8,10389101-b874-4e18-937e-5e994fdbd6f1,0.8425665699220922
166f0dc0-c485-4452-b4e3-2a5225eb18e8,10389637-5c16-4c7b-9f94-240d92b293e7,0.9141005115559172
166f0dc0-c485-4452-b4e3-2a5225eb18e8,1038f4d0-b6b8-4af6-a289-4da188aed40d,0.9593603837537884
166f0dc0-c485-4452-b4e3-2a5225eb18e8,1039b689-0ddc-4696-a050-0f2ee983f1d8,0.9236791870885576
166f0dc0-c485-4452-b4e3-2a5225eb18e8,103b616b-fad8-48cb-98a0-5aab958f4bf7,0.7476783538584372
166f0dc0-c485-4452-b4e3-2a5225eb18e8,103ca67f-e785-4918-87da-d7b74ec2f72b,0.8897447057256848
166f0dc0-c485-4452-b4e3-2a5225eb18e8,103cd6ef-2b26-4f0f-9ee8-61e2cdd13304,0.8990071459633466
166f0dc0-c485-4452-b4e3-2a5225eb18e8,103cebc7-245d-41af-8c24-07cbbf2eac1c,0.8200679867088754
166f0dc0-c485-4452-b4e3-2a5225eb18e8,103ddc6c-7c65-4c07-bdbf-f8359376deac,0.8960841887534099
166f0dc0-c485-4452-b4e3-2a5225eb18e8,103e78f9-5ca8-44ff-a668-7bc59da177de,0.9703655962568578
166f0dc0-c485-4452-b4e3-2a5225eb18e8,103fcbbb-1435-4b21-b2ac-1fd7d9bb650f,0.8084624187165934
166f0dc0-c485-4452-b4e3-2a5225eb18e8,10411d66-6102-413f-a391-8d9cab5cea87,0.9598963702204236
166f0dc0-c485-4452-b4e3-2a5225eb18e8,104152c6-b418-4435-95d7-fc600af71b85,0.3238020507774187
166f0dc0-c485-4452-b4e3-2a5225eb18e8,10415d17-46ae-4ebd-9fe4-4f8f4827cda1,0.9179452046510695
166f0dc0-c485-4452-b4e3-2a5225eb18e8,104200fa-509b-4a9a-8297-ac39daf38b94,0.727749464389076
166f0dc0-c485-4452-b4e3-2a5225eb18e8,1043ee95-e164-4b80-9f77-d23a0991995d,0.456220043927476
166f0dc0-c485-4452-b4e3-2a5225eb18e8,10450ee7-e085-4865-b3e1-18a5bc99a436,0.8221540511155631
166f0dc0-c485-4452-b4e3-2a5225eb18e8,10455b39-8b71-4dc0-9c08-cd0f03cdacbe,0.8518562206090394
166f0dc0-c485-4452-b4e3-2a5225eb18e8,10468bd3-b845-4108-81c9-8bedb7af6a24,0.8990792517928283
166f0dc0-c485-4452-b4e3-2a5225eb18e8,1046c6d6-89f6-4fee-a1a8-e5489da6efef,0.6536233716533659
166f0dc0-c485-4452-b4e3-2a5225eb18e8,1046c883-c2a6-4063-9432-f5dd2899db58,0.5078548560774506
166f0dc0-c485-4452-b4e3-2a5225eb18e8,1046e4bb-97ba-4e45-a362-4d6c58f2086f,0.5664360939029972
166f0dc0-c485-4452-b4e3-2a5225eb18e8,104857d4-b662-41b6-b821-2ffdefde9b90,0.4435736919966903
166f0dc0-c485-4452-b4e3-2a5225eb18e8,10490b6f-c055-4cd0-bf72-553e50399813,0.9552712370498708
166f0dc0-c485-4452-b4e3-2a5225eb18e8,104b2544-708e-44c9-b044-3b6908c03395,0.8719362509199173
166f0dc0-c485-4452-b4e3-2a5225eb18e8,104b2617-9f8e-49be-b0eb-8dadb2619eab,0.91055147814483
166f0dc0-c485-4452-b4e3-2a5225eb18e8,104cb2f1-ae02-4ca1-91dc-3108e9ee887e,0.8845627273768699
166f0dc0-c485-4452-b4e3-2a5225eb18e8,104f3ec1-220a-4981-8646-4e6213bf4063,0.9142879727585448
166f0dc0-c485-4452-b4e3-2a5225eb18e8,10509b1c-dc76-4014-8e39-b61e22ebaf62,0.7547169757526965
166f0dc0-c485-4452-b4e3-2a5225eb18e8,10517278-3d5a-499e-a64f-f93eea56e956,0.9099794303991386
166f0dc0-c485-4452-b4e3-2a5225eb18e8,1051fc52-5e4f-4a64-a7f6-ef74b866202c,0.6124834468608025
166f0dc0-c485-4452-b4e3-2a5225eb18e8,10532df8-9e76-4d2e-81e2-70936c0b5674,0.8617106795863254
166f0dc0-c485-4452-b4e3-2a5225eb18e8,10539e89-fd45-4bcc-b7af-d244b190a920,0.9620460752772684
166f0dc0-c485-4452-b4e3-2a5225eb18e8,10545c22-56b3-4146-bd66-9d463fc0c946,0.9774154189182748
166f0dc0-c485-4452-b4e3-2a5225eb18e8,1055900e-eec3-4639-9366-751b1f0c0dbd,0.6763312728567067
166f0dc0-c485-4452-b4e3-2a5225eb18e8,10565cb3-99f2-4099-8c67-804f79eb4814,0.5299349306799435
166f0dc0-c485-4452-b4e3-2a5225eb18e8,105902d8-491d-4ca6-bf36-cd41466ea0f7,0.7347493239470589
166f0dc0-c485-4452-b4e3-2a5225eb18e8,1059ee39-c287-4a9c-8a5f-87570840a7e7,0.8804130299793862
166f0dc0-c485-4452-b4e3-2a5225eb18e8,105a52c4-3ddb-4561-bef5-d0bb8ad4f8d6,0.5746163211638701
166f0dc0-c485-4452-b4e3-2a5225eb18e8,105b4b57-94a2-4caa-8248-6789fdf14771,0.7718887175898533
166f0dc0-c485-4452-b4e3-2a5225eb18e8,105be668-64e6-43da-9d09-185fe3ba1e03,0.8284547118850667
166f0dc0-c485-4452-b4e3-2a5225eb18e8,105cb05f-b58e-4f54-ae5f-7ea8bd911768,0.5769986226866992
166f0dc0-c485-4452-b4e3-2a5225eb18e8,105dac11-c9b4-40dc-a7fd-731f52f0a427,0.8750625149157529
166f0dc0-c485-4452-b4e3-2a5225eb18e8,105e8f0d-d447-4346-8103-cda5a3c6e117,0.8529608197464299
166f0dc0-c485-4452-b4e3-2a5225eb18e8,106106a6-bf20-4d52-a139-f22479deec03,0.5199915753200809
166f0dc0-c485-4452-b4e3-2a5225eb18e8,10629c71-4ec7-438e-8601-bd89f9b4542c,0.5602016495029638
166f0dc0-c485-4452-b4e3-2a5225eb18e8,1062aa9e-dee5-43c1-90a2-0211465d49d1,0.6228957053859016
166f0dc0-c485-4452-b4e3-2a5225eb18e8,1063cc2f-4a5e-47ab-9347-579488f3ea9d,0.4581790085837185
166f0dc0-c485-4452-b4e3-2a5225eb18e8,1068ebf0-1354-48d7-9425-740861beb9fc,0.8124890681270045
166f0dc0-c485-4452-b4e3-2a5225eb18e8,106c9941-7b7e-4c35-b5df-a4bc2fcd5cf3,0.68661708803271
166f0dc0-c485-4452-b4e3-2a5225eb18e8,106cffaf-a227-4278-9e25-09590c379d23,0.7490842626876503
166f0dc0-c485-4452-b4e3-2a5225eb18e8,106d8a0a-0daa-4a7e-b2c0-11762dce6006,0.8718057471737899
166f0dc0-c485-4452-b4e3-2a5225eb18e8,106efaa1-a773-40d3-a2ff-e6a5578bf9d6,0.8025293655531649
166f0dc0-c485-4452-b4e3-2a5225eb18e8,106f08fb-ba84-46f8-aac7-9cea94c58e96,0.8711262074328041
166f0dc0-c485-4452-b4e3-2a5225eb18e8,1070b59d-a766-4357-9252-eda5ba56a5d5,0.9743617302692646
166f0dc0-c485-4452-b4e3-2a5225eb18e8,1070b709-7bfa-485d-a4a8-acf5481bbe6e,0.9370349253336968
166f0dc0-c485-4452-b4e3-2a5225eb18e8,1071ba4d-2089-4f20-ac48-f5eb461a9a67,0.8160288998800063
166f0dc0-c485-4452-b4e3-2a5225eb18e8,107617d2-4a23-4c5d-8d46-150741fa38e6,0.8922149380813963
166f0dc0-c485-4452-b4e3-2a5225eb18e8,107743b7-422f-4345-84e9-4834a8beccb1,0.8707734394307467
166f0dc0-c485-4452-b4e3-2a5225eb18e8,10789052-7639-473e-9ba0-cad9d97eac7c,0.9330578388852514
166f0dc0-c485-4452-b4e3-2a5225eb18e8,10798337-5f1e-4663-a335-32df439e2ea8,0.9622247680795138
166f0dc0-c485-4452-b4e3-2a5225eb18e8,10798e11-e135-46f2-9beb-d8a7bffce89f,0.950668611443547
166f0dc0-c485-4452-b4e3-2a5225eb18e8,1079ece7-78f2-4fc2-9e71-fb3e635e2982,0.5303360066663593
166f0dc0-c485-4452-b4e3-2a5225eb18e8,107a090f-bc3d-434b-8b69-c7b446ceaafa,0.8593359017276783
166f0dc0-c485-4452-b4e3-2a5225eb18e8,107a3d93-9577-4156-90ba-65d0deddb7da,0.9407599394977896
166f0dc0-c485-4452-b4e3-2a5225eb18e8,107bf80c-1232-459d-819e-d9f48b38f639,0.754390765720247
166f0dc0-c485-4452-b4e3-2a5225eb18e8,107fdf58-d48c-4bc7-bbd4-74041a5e7359,0.8533005315887163
166f0dc0-c485-4452-b4e3-2a5225eb18e8,108005db-0c29-4128-962f-d3abfd4902ac,0.709810847752012
166f0dc0-c485-4452-b4e3-2a5225eb18e8,1084258a-8c19-4157-8088-b0bde2f44cf5,0.9055280306323152
166f0dc0-c485-4452-b4e3-2a5225eb18e8,10845c5a-db7c-469b-92b0-efe8337017d7,0.8312196385845061
166f0dc0-c485-4452-b4e3-2a5225eb18e8,10855b13-2bf7-4d6c-9b9a-d424ecb19b3e,0.5235826998738827
166f0dc0-c485-4452-b4e3-2a5225eb18e8,10894429-192b-4407-85f1-e8750ac20482,0.779936831955758
166f0dc0-c485-4452-b4e3-2a5225eb18e8,10897de6-37c6-4c7c-83c3-020508078b98,0.9118717165661524
166f0dc0-c485-4452-b4e3-2a5225eb18e8,108a71b1-731a-40da-97f7-8a8f43a86e70,0.963052330483295
166f0dc0-c485-4452-b4e3-2a5225eb18e8,108bd162-e7b4-476c-a700-33cec76cdf0c,0.8166183575187032
166f0dc0-c485-4452-b4e3-2a5225eb18e8,108c7db9-4393-4e74-85d4-ce9114b08914,0.65031545463163
166f0dc0-c485-4452-b4e3-2a5225eb18e8,108de0f2-d48d-4b06-9be9-0683cc630a6e,0.8272902800535057
166f0dc0-c485-4452-b4e3-2a5225eb18e8,108e9e65-5635-478c-ab32-e0be92e016a2,0.4052316542439126
166f0dc0-c485-4452-b4e3-2a5225eb18e8,108fa917-bb27-4421-9be3-50ed9d931c58,0.0718509765876914
166f0dc0-c485-4452-b4e3-2a5225eb18e8,108fc6db-b7f7-4645-904e-5f32f63dab52,0.6978623104736486
166f0dc0-c485-4452-b4e3-2a5225eb18e8,10933ec4-6397-4906-a623-b21e3e4f9177,0.1831084093247328
166f0dc0-c485-4452-b4e3-2a5225eb18e8,10939e0c-6bef-434e-84f6-eea63f0e90ca,0.9538634596364032
166f0dc0-c485-4452-b4e3-2a5225eb18e8,1093e307-cbb9-45d6-895d-a3660635f68f,0.6852242236711914
166f0dc0-c485-4452-b4e3-2a5225eb18e8,1094433b-d8ea-4f4d-9ae9-2a66507ef2f7,0.9688752843355104
166f0dc0-c485-4452-b4e3-2a5225eb18e8,1094c9f2-d6ec-442f-8d6c-c073008b8ad0,0.3384339820733588
166f0dc0-c485-4452-b4e3-2a5225eb18e8,1095e4dc-40e4-4a2a-be74-3a25e3318519,0.9028052740116358
166f0dc0-c485-4452-b4e3-2a5225eb18e8,1096213c-fa3a-4dc1-8f77-fbfd10a7dbc8,0.8564358931101813
166f0dc0-c485-4452-b4e3-2a5225eb18e8,1098a748-6d10-49d4-b3f6-63b9d86496ae,0.9289248908916936
166f0dc0-c485-4452-b4e3-2a5225eb18e8,1098ca77-a158-4b9c-86d5-eaeac4c4905b,0.963137681335173
166f0dc0-c485-4452-b4e3-2a5225eb18e8,10990315-ddb3-4e41-84ff-6928943ec4a4,0.9352894498904156
166f0dc0-c485-4452-b4e3-2a5225eb18e8,109926de-f445-4a30-8d55-dfe66c915453,0.8484873867135497
166f0dc0-c485-4452-b4e3-2a5225eb18e8,109a43fd-19e7-473b-a0fc-035353e77f2c,0.9531417133993768
166f0dc0-c485-4452-b4e3-2a5225eb18e8,109a6141-db08-4e40-bf18-c53098ec3a24,0.8622605321552186
166f0dc0-c485-4452-b4e3-2a5225eb18e8,109d2648-83f6-4ee8-97e7-5c2b6d540679,0.9857400094187944
166f0dc0-c485-4452-b4e3-2a5225eb18e8,109ea567-bd06-42f6-9dce-ed8769fb68af,0.9779111984990364
166f0dc0-c485-4452-b4e3-2a5225eb18e8,10a532c3-c379-429e-a01b-d8fc91cc6368,0.8708060423659243
166f0dc0-c485-4452-b4e3-2a5225eb18e8,10a966f9-477a-4178-a187-c5b3f6aa0291,0.9347965999937968
166f0dc0-c485-4452-b4e3-2a5225eb18e8,10ab68be-bc19-4d16-8a16-1073b1c5dabe,0.9038042730544272
166f0dc0-c485-4452-b4e3-2a5225eb18e8,10ab7957-ef7c-4a2d-980e-844d10a10f41,0.9425199863809388
166f0dc0-c485-4452-b4e3-2a5225eb18e8,10abf249-226f-43e8-b050-a8622ea6747a,0.3187206300492941
166f0dc0-c485-4452-b4e3-2a5225eb18e8,10b0f657-46bc-415d-b8f1-858485642940,0.7581805183432373
166f0dc0-c485-4452-b4e3-2a5225eb18e8,10b371f6-7a97-4963-926f-8656b35a86f7,0.5409616369912336
166f0dc0-c485-4452-b4e3-2a5225eb18e8,10b3d2e8-78f8-4793-abb8-24b9ba3c8ce5,0.8114985406900456
166f0dc0-c485-4452-b4e3-2a5225eb18e8,10b4e3a1-4a98-443f-948e-b0adf6c41118,0.8611067827876595
166f0dc0-c485-4452-b4e3-2a5225eb18e8,10b4f320-d65c-4e28-ba4e-0aa74891d0d0,0.7224806462673643
166f0dc0-c485-4452-b4e3-2a5225eb18e8,10b86f68-8706-4830-ac8b-2d6d91c6f233,0.8906229418643377
166f0dc0-c485-4452-b4e3-2a5225eb18e8,10b875e9-2616-45b3-813f-04760310f4c7,0.8897567906410123
166f0dc0-c485-4452-b4e3-2a5225eb18e8,10bbfcd0-32b8-4f88-85a8-883331b46660,0.6192642068047624
166f0dc0-c485-4452-b4e3-2a5225eb18e8,10bc49b3-67fd-41e6-aec0-0354e278ef18,0.7378453386762203
166f0dc0-c485-4452-b4e3-2a5225eb18e8,10be4eb2-8d5e-459c-b6d5-fbf775a44ddf,0.6004393581748474
166f0dc0-c485-4452-b4e3-2a5225eb18e8,10be549b-5292-4ea0-a34f-729487fe1ea8,0.7102452535108615
166f0dc0-c485-4452-b4e3-2a5225eb18e8,10be965e-6cbc-4010-86b4-b629ac59d7ca,0.9005013899106438
166f0dc0-c485-4452-b4e3-2a5225eb18e8,10c0272e-c5c2-4b95-ae2a-d2753df37f7c,0.9303695386378948
166f0dc0-c485-4452-b4e3-2a5225eb18e8,10c11896-ca62-4e72-a29c-acf7b0606ec0,0.6703360523799464
166f0dc0-c485-4452-b4e3-2a5225eb18e8,10c236c7-84a6-4e66-9bfd-b5117ba8b4cf,0.1432588563489586
166f0dc0-c485-4452-b4e3-2a5225eb18e8,10c4f250-8b4c-43d9-91cd-e002da715ba5,0.8655950641702986
166f0dc0-c485-4452-b4e3-2a5225eb18e8,10c56b80-1996-412d-aad3-67da6c0089a5,0.8236246995899535
166f0dc0-c485-4452-b4e3-2a5225eb18e8,10c61809-915f-4721-a957-ed399bf36c9e,0.4426443012799836
166f0dc0-c485-4452-b4e3-2a5225eb18e8,10c64845-4e63-4eab-bc5c-5d7b6c338492,0.8803189961594725
166f0dc0-c485-4452-b4e3-2a5225eb18e8,10c9052a-da15-4568-8c18-d8c67a7287af,0.9254089966560414
166f0dc0-c485-4452-b4e3-2a5225eb18e8,10ca797e-4ed5-4a6c-bf90-09012ca39d4f,0.8224106640976915
166f0dc0-c485-4452-b4e3-2a5225eb18e8,10cb8565-7279-41b4-ad7d-18e8a874cd95,0.8520118580226546
166f0dc0-c485-4452-b4e3-2a5225eb18e8,10cc00c7-c662-42f4-a388-1a1c9764e0e2,0.7343741989645076
166f0dc0-c485-4452-b4e3-2a5225eb18e8,10cc21d3-76ec-4b41-8952-5702956b4fa9,0.8579660390503978
166f0dc0-c485-4452-b4e3-2a5225eb18e8,10cea28e-88b8-4acf-abce-4f5ae6e54577,0.427775662782589
166f0dc0-c485-4452-b4e3-2a5225eb18e8,10d53d41-fb4d-4528-8e58-715031d8fcee,0.6906829022565877
166f0dc0-c485-4452-b4e3-2a5225eb18e8,10d6e8e5-3ea0-4078-aff7-b44f3509dd06,0.3718379863762228
166f0dc0-c485-4452-b4e3-2a5225eb18e8,10d8c953-7d0d-4c51-945e-5d65c055866b,0.7886917765343544
166f0dc0-c485-4452-b4e3-2a5225eb18e8,10d916d7-99d3-4728-8ff3-bfada773e0be,0.9715915156887438
166f0dc0-c485-4452-b4e3-2a5225eb18e8,10d95e75-8d87-4846-9b49-99fe1d9487ac,0.9355696241931334
166f0dc0-c485-4452-b4e3-2a5225eb18e8,10d9874c-75b7-4368-a1f0-c52dac828541,0.7182510103983871
166f0dc0-c485-4452-b4e3-2a5225eb18e8,10d9a95a-bd09-432a-b702-ff6a976a58ae,0.5868397604467759
166f0dc0-c485-4452-b4e3-2a5225eb18e8,10d9bc7b-803c-4580-91b1-ad37b4816cff,0.496684940824498
166f0dc0-c485-4452-b4e3-2a5225eb18e8,10db8da8-a54d-451f-9adf-c46ad1399a6d,0.905699439569428
166f0dc0-c485-4452-b4e3-2a5225eb18e8,10dd4bba-a01d-4f86-8586-872c32efe6f5,0.6788332100272136
166f0dc0-c485-4452-b4e3-2a5225eb18e8,10dde2e9-d0fa-418f-8285-ef0fc1b96656,0.9397431830288494
166f0dc0-c485-4452-b4e3-2a5225eb18e8,10e306ce-b18b-4301-824c-5e5d20f21000,0.6612544415906714
166f0dc0-c485-4452-b4e3-2a5225eb18e8,10e390b8-8d6b-4ad2-9d5a-ea95fb1983c2,0.8489126997057174
166f0dc0-c485-4452-b4e3-2a5225eb18e8,10e4398d-3acc-4367-800d-c016beb0ba74,0.6364620119104772
166f0dc0-c485-4452-b4e3-2a5225eb18e8,10e687a8-1f9f-47c5-8507-8a4fdb34223b,0.9518480366835842
166f0dc0-c485-4452-b4e3-2a5225eb18e8,10e93caf-bb7e-44ea-91c5-a2a5bb80b1ff,0.8028633878822098
166f0dc0-c485-4452-b4e3-2a5225eb18e8,10e98a82-57cd-4a9b-9928-7f053bf7b680,0.9729696441481872
166f0dc0-c485-4452-b4e3-2a5225eb18e8,10eac019-4abf-4461-abfc-3f38e2fb4fd3,0.4625516958775869
166f0dc0-c485-4452-b4e3-2a5225eb18e8,10ec00a5-a6ce-42d2-bf08-c3e3a114e690,0.8164199277550009
166f0dc0-c485-4452-b4e3-2a5225eb18e8,10ee2557-5202-4070-afbf-4e05bad5eddd,0.8757467125850767
166f0dc0-c485-4452-b4e3-2a5225eb18e8,10eef0db-96ca-40d3-a67d-35342064e804,0.4739490916283795
166f0dc0-c485-4452-b4e3-2a5225eb18e8,10ef2c25-2948-4624-a62e-56dd2eeb7299,0.8414265192522798
166f0dc0-c485-4452-b4e3-2a5225eb18e8,10ef959b-6675-4b27-9f7f-237ba0fc6917,0.7486116057886549
166f0dc0-c485-4452-b4e3-2a5225eb18e8,10efa845-35c5-43cf-933f-1b0745143f0a,0.5417775057273617
166f0dc0-c485-4452-b4e3-2a5225eb18e8,10f0ca3b-8011-4c22-9986-a50760b8259f,0.4880955451997972
166f0dc0-c485-4452-b4e3-2a5225eb18e8,10f78a2a-35ee-4fa0-a9cb-cb03294bd2ae,0.9036911553284148
166f0dc0-c485-4452-b4e3-2a5225eb18e8,10fb22e3-0142-48d6-9cfd-980dbb99cff3,0.9059326997214892
166f0dc0-c485-4452-b4e3-2a5225eb18e8,10fb4b6e-fbd8-495e-99dd-38a2cf67a904,0.6547542967611147
166f0dc0-c485-4452-b4e3-2a5225eb18e8,10fec6ec-f5d3-46dd-8396-0a71d950874c,0.8089247379190398
166f0dc0-c485-4452-b4e3-2a5225eb18e8,110019a1-99e4-4e35-9a8e-92e3173dfacc,0.4379143624029109
166f0dc0-c485-4452-b4e3-2a5225eb18e8,110026d0-951f-4572-8a95-2d38c4ddb587,0.7110731046868273
166f0dc0-c485-4452-b4e3-2a5225eb18e8,1101f55b-ece6-40a1-89aa-a9246d6fdf3a,0.5574401112455613
166f0dc0-c485-4452-b4e3-2a5225eb18e8,1102c646-abc5-43fe-b59f-01ee9b6d62e2,0.8915982535656944
166f0dc0-c485-4452-b4e3-2a5225eb18e8,11044d09-78f7-4b31-ab2c-bc60dbb7ff74,0.8008669194674476
166f0dc0-c485-4452-b4e3-2a5225eb18e8,11049046-0c08-44b1-82c0-3ae49037b39a,0.8549055901700511
166f0dc0-c485-4452-b4e3-2a5225eb18e8,1104ac6a-1713-4b4f-9559-e19e88abcb6b,0.6260937376248327
166f0dc0-c485-4452-b4e3-2a5225eb18e8,1104ed43-bc53-4b04-92ca-3032fbfc8983,0.4974719338832795
166f0dc0-c485-4452-b4e3-2a5225eb18e8,1105f229-1ae3-45ca-b92a-7d6ebaa32dfd,0.8704352717926024
166f0dc0-c485-4452-b4e3-2a5225eb18e8,11085bc5-5dc3-4ce7-9473-9b4ec3960bd2,0.9430311558169404
166f0dc0-c485-4452-b4e3-2a5225eb18e8,1108b9df-12bd-41f1-883c-ecac7ba31870,0.3159999953657826
166f0dc0-c485-4452-b4e3-2a5225eb18e8,11098393-051f-4848-a5a4-7ff051f364ed,0.5748749051945348
166f0dc0-c485-4452-b4e3-2a5225eb18e8,110e64c9-03e1-4bff-8e15-ce232c50eb38,0.8922080827292774
166f0dc0-c485-4452-b4e3-2a5225eb18e8,110fc9cd-e224-44a5-a874-d1387a153c7c,0.7821891623373541
166f0dc0-c485-4452-b4e3-2a5225eb18e8,111046f1-c6eb-4366-9c62-cc750f9eb7b6,0.7119435464025979
166f0dc0-c485-4452-b4e3-2a5225eb18e8,1110d426-f6c0-4d71-90be-cce1b3b7cf27,0.8394028139243638
166f0dc0-c485-4452-b4e3-2a5225eb18e8,1111d3fc-3ca4-4c7b-aded-a31489198510,0.8748765154292312
166f0dc0-c485-4452-b4e3-2a5225eb18e8,1111d67e-0736-4a1e-91b2-37d8382df513,0.7791600207691938
166f0dc0-c485-4452-b4e3-2a5225eb18e8,1112bd69-557d-4c60-928b-2f561fdcbadf,0.7500126689487704
166f0dc0-c485-4452-b4e3-2a5225eb18e8,1112d397-7e66-4060-b919-3586d3f59947,0.7558529771367805
166f0dc0-c485-4452-b4e3-2a5225eb18e8,1114127f-54e6-407e-8aa2-6ba9b1269499,0.8265871364979495
166f0dc0-c485-4452-b4e3-2a5225eb18e8,1115b2d6-53d4-467d-ac96-066370607b47,0.5793474063620409
166f0dc0-c485-4452-b4e3-2a5225eb18e8,1116157d-2801-471f-b603-1e3be1c2b359,0.3642731597987881
166f0dc0-c485-4452-b4e3-2a5225eb18e8,111620b9-4f7d-49d2-aeb8-e89864d7f6c3,0.7436469716428564
166f0dc0-c485-4452-b4e3-2a5225eb18e8,111744d2-501d-4d1b-b926-f9ffcf8a2b0d,0.9479712743426516
166f0dc0-c485-4452-b4e3-2a5225eb18e8,1118d789-4791-4016-a1a5-a25708a25d60,0.9897284866000532
166f0dc0-c485-4452-b4e3-2a5225eb18e8,1119158e-e908-4b9b-9f95-4529878699d6,0.6185408259947299
166f0dc0-c485-4452-b4e3-2a5225eb18e8,111a12d7-711e-4dce-bab3-c57a76184b0f,0.6433279016949265
166f0dc0-c485-4452-b4e3-2a5225eb18e8,111b0c0c-89ea-45b3-8561-bf21d9db9118,0.7918667413257146
166f0dc0-c485-4452-b4e3-2a5225eb18e8,111b232c-436a-49c4-b31f-e0bb23cfea26,0.3742665503039697
166f0dc0-c485-4452-b4e3-2a5225eb18e8,111b9f39-4933-423d-b104-996e7efefcbb,0.8426660914820676
166f0dc0-c485-4452-b4e3-2a5225eb18e8,111cf89f-3fe6-4c72-819a-b92649b5d5a7,0.8854536613419011
166f0dc0-c485-4452-b4e3-2a5225eb18e8,111f0e20-28d0-467e-a6b5-da5fe5944471,0.889873182202211
166f0dc0-c485-4452-b4e3-2a5225eb18e8,111fbbfa-5d6a-4ebb-8655-531a65fc2344,0.9437780276473792
166f0dc0-c485-4452-b4e3-2a5225eb18e8,111fcb4d-a454-46e6-9fac-812355ab9369,0.8548881659526991
166f0dc0-c485-4452-b4e3-2a5225eb18e8,11202a09-9ed1-4e49-8121-fdd40922878e,0.8192275841426685
166f0dc0-c485-4452-b4e3-2a5225eb18e8,11232da6-ae2f-4be3-9d98-8b863c744bed,0.8272105676160061
166f0dc0-c485-4452-b4e3-2a5225eb18e8,1123922e-ded9-4f39-ac00-2743a8ca017f,0.8218687767554033
166f0dc0-c485-4452-b4e3-2a5225eb18e8,11249b78-b46f-4c35-8274-61c13c1daa5f,0.9241177204184348
166f0dc0-c485-4452-b4e3-2a5225eb18e8,1124b01c-fee9-42d2-b3b9-12f4f608ce0c,0.9483828316724444
166f0dc0-c485-4452-b4e3-2a5225eb18e8,1124fedd-8ded-4ccd-b17b-3af934a6d299,0.8646799766156804
166f0dc0-c485-4452-b4e3-2a5225eb18e8,11250bf8-c2f9-4d5f-8cf8-f1a3fa3f185c,0.8390638402904954
166f0dc0-c485-4452-b4e3-2a5225eb18e8,1125e44e-21e3-4135-8128-cae875790063,0.8502871074393098
166f0dc0-c485-4452-b4e3-2a5225eb18e8,1127cdb2-32a0-4653-9e0c-626d5a86fa2d,0.9152713160465458
166f0dc0-c485-4452-b4e3-2a5225eb18e8,1128dfbb-3711-46f9-b80c-31e75247932d,0.8503491786558576
166f0dc0-c485-4452-b4e3-2a5225eb18e8,112c644a-a939-4148-a21c-6a34ffd752af,0.8729063553149408
166f0dc0-c485-4452-b4e3-2a5225eb18e8,112d14ec-58aa-4d8e-8bc4-a4c62eee4bfa,0.9290838912957194
166f0dc0-c485-4452-b4e3-2a5225eb18e8,1133bfb8-d3d6-4714-8977-6055ad71b957,0.6417995917948552
166f0dc0-c485-4452-b4e3-2a5225eb18e8,113408be-da47-445e-8b1d-97187b1b7b4c,0.6708750106339257
166f0dc0-c485-4452-b4e3-2a5225eb18e8,11343a23-9861-45d9-b2e9-1d5c875f6fde,0.7961488432802267
166f0dc0-c485-4452-b4e3-2a5225eb18e8,11349a10-e604-4b2a-9161-ece79b4f2ee2,0.7350582509359616
166f0dc0-c485-4452-b4e3-2a5225eb18e8,1134baf9-a953-4855-b05a-51b7b7123ffa,0.9402961442049452
166f0dc0-c485-4452-b4e3-2a5225eb18e8,11354178-c2a8-43fb-aa46-9f654e6306c4,0.3663973831415651
166f0dc0-c485-4452-b4e3-2a5225eb18e8,1135f9e4-fa91-4127-81bf-e4535f50b99b,0.7244855757545559
166f0dc0-c485-4452-b4e3-2a5225eb18e8,11368c8f-b937-4a70-a56d-fed459450412,0.6273545890268222
166f0dc0-c485-4452-b4e3-2a5225eb18e8,11394269-355d-4789-a0fa-f83d5b2a1d63,0.9094109667672612
166f0dc0-c485-4452-b4e3-2a5225eb18e8,113b85bf-a7cb-46b3-8aa5-66285f304f4b,0.972604427006912
166f0dc0-c485-4452-b4e3-2a5225eb18e8,113c3845-0ca2-438f-90a8-0e929c750535,0.8652287370657064
166f0dc0-c485-4452-b4e3-2a5225eb18e8,113f2b53-f864-4705-af0b-a345a16a767b,0.8740709386612838
166f0dc0-c485-4452-b4e3-2a5225eb18e8,11407ce1-d73b-427e-a9d1-dc99ea0614df,0.7080169374170375
166f0dc0-c485-4452-b4e3-2a5225eb18e8,1140dd36-5512-4385-8413-1fcb4cf30026,0.6642433890250512
166f0dc0-c485-4452-b4e3-2a5225eb18e8,1140eec9-e30e-41f3-a0fe-27a87f8ce814,0.9813540770341436
166f0dc0-c485-4452-b4e3-2a5225eb18e8,11437823-8f6e-4a4d-9aa0-77a6783043b9,0.7384333562017839
166f0dc0-c485-4452-b4e3-2a5225eb18e8,11440f9b-9d08-4485-8dd4-f37779dfab83,0.8803457326918023
166f0dc0-c485-4452-b4e3-2a5225eb18e8,114526e9-f465-48ca-83d9-4860e14bf7f8,0.6883211106794219
166f0dc0-c485-4452-b4e3-2a5225eb18e8,1145d4b6-0568-4331-a5c1-870b679ec765,0.7165352605542659
166f0dc0-c485-4452-b4e3-2a5225eb18e8,114601f3-c3ff-4d7f-856b-56946d2bcc5d,0.8850981617910042
166f0dc0-c485-4452-b4e3-2a5225eb18e8,114704c0-18aa-4c55-9fea-d591b1808c81,0.9647513994398964
166f0dc0-c485-4452-b4e3-2a5225eb18e8,11496a93-cf58-41c8-be79-3b79d972b7fa,0.9158520982090176
166f0dc0-c485-4452-b4e3-2a5225eb18e8,114b8056-013d-4678-84d7-6c9898346b27,0.8866141111167741
166f0dc0-c485-4452-b4e3-2a5225eb18e8,114c7a36-f293-42e6-966f-510f3411c498,0.8631317581487247
166f0dc0-c485-4452-b4e3-2a5225eb18e8,114e2230-17e4-49b1-815c-5c594832d8d0,0.83847771311547
166f0dc0-c485-4452-b4e3-2a5225eb18e8,1151003d-ad03-4d06-9452-776bcc640e2a,0.7838919806937688
166f0dc0-c485-4452-b4e3-2a5225eb18e8,11510080-81ca-4828-9ead-d8a148ed76c9,0.8284872150606348
166f0dc0-c485-4452-b4e3-2a5225eb18e8,11519165-f4be-4c5a-90c2-b61124ef4972,0.4659530366781711
166f0dc0-c485-4452-b4e3-2a5225eb18e8,11544e6f-e6e8-4dbd-8bb3-56dee65c6f9b,0.8592809519206801
166f0dc0-c485-4452-b4e3-2a5225eb18e8,1154f9fb-db3c-42bb-9e99-dcf87ba7c2b8,0.8092396840145127
166f0dc0-c485-4452-b4e3-2a5225eb18e8,11551ba5-a19e-4d0d-92fb-3f9c8ad509ed,0.9766620396676972
166f0dc0-c485-4452-b4e3-2a5225eb18e8,115742ab-51ac-44f4-9695-8027a10f4a23,0.6997801935761914
166f0dc0-c485-4452-b4e3-2a5225eb18e8,1157ff52-520b-488c-941c-31db2ed3e8db,0.9408667774011076
166f0dc0-c485-4452-b4e3-2a5225eb18e8,11592f77-218d-4163-b189-74819d7fc78e,0.7555813539191626
166f0dc0-c485-4452-b4e3-2a5225eb18e8,11596857-2821-4ec9-b1d1-8323bf15d9b9,0.8355847797902582
166f0dc0-c485-4452-b4e3-2a5225eb18e8,115a5a80-995a-4d87-8644-1fe3c9143894,0.706177011922861
166f0dc0-c485-4452-b4e3-2a5225eb18e8,115e0fa5-2147-4a84-a034-318d5b18a790,0.9059058479387496
166f0dc0-c485-4452-b4e3-2a5225eb18e8,115eb4e6-b012-41ac-a150-77233419a8b7,0.70364729703717
166f0dc0-c485-4452-b4e3-2a5225eb18e8,115f1f51-0d30-4ba7-a420-21811962c2fa,0.9108090416819749
166f0dc0-c485-4452-b4e3-2a5225eb18e8,115f2408-b596-4865-8b74-fbdd10eaaede,0.8042528839881294
166f0dc0-c485-4452-b4e3-2a5225eb18e8,1162751c-93cb-4969-b323-c31866321a5d,0.924161977299981
166f0dc0-c485-4452-b4e3-2a5225eb18e8,116289e5-e475-4da0-9fca-e647519a834c,0.9348019721597336
166f0dc0-c485-4452-b4e3-2a5225eb18e8,1163c524-4fc1-4a09-9e09-86ad7c931ed8,0.4451545337116108
166f0dc0-c485-4452-b4e3-2a5225eb18e8,11641b2a-8c69-4d23-8152-d523b380fe32,0.7158722075800378
166f0dc0-c485-4452-b4e3-2a5225eb18e8,116678fc-f121-43a6-abec-636d860bad54,0.7947300810023127
166f0dc0-c485-4452-b4e3-2a5225eb18e8,116685a1-3248-419b-8de6-5b477f774427,0.7611625420923155
166f0dc0-c485-4452-b4e3-2a5225eb18e8,116708f9-d774-4f5d-b6d5-35437bb7fdcd,0.9863356403994468
166f0dc0-c485-4452-b4e3-2a5225eb18e8,11671110-b4fb-4a7e-80bc-581c20bae519,0.9149037137438404
166f0dc0-c485-4452-b4e3-2a5225eb18e8,1168efef-7c5f-4154-a718-1c1959899634,0.3275805368851816
166f0dc0-c485-4452-b4e3-2a5225eb18e8,1169eedc-212c-46b6-abf8-8dad76fa8e10,0.6412195253198228
166f0dc0-c485-4452-b4e3-2a5225eb18e8,116ad5ed-6102-4c34-8f93-269e5d8b55db,0.930173454810515
166f0dc0-c485-4452-b4e3-2a5225eb18e8,116b6090-af96-4902-b51e-20b167e5c48c,0.8722657249043532
166f0dc0-c485-4452-b4e3-2a5225eb18e8,116c1027-97c2-4c56-b6c2-6bbb084d935e,0.7767349004683018
166f0dc0-c485-4452-b4e3-2a5225eb18e8,116cff91-b691-4957-a036-3182c205a31e,0.8189259281551895
166f0dc0-c485-4452-b4e3-2a5225eb18e8,116d53cf-7ed0-43de-849f-3c24362e821d,0.9542628163723776
166f0dc0-c485-4452-b4e3-2a5225eb18e8,116e91e0-bfa6-4c3b-8892-d89adebcba96,0.85948706662428
166f0dc0-c485-4452-b4e3-2a5225eb18e8,11716939-23b9-4ade-b7cb-042853ba878b,0.976346669497307
166f0dc0-c485-4452-b4e3-2a5225eb18e8,1171b35d-a9df-434e-b701-f582f1ca365f,0.81744575855369
166f0dc0-c485-4452-b4e3-2a5225eb18e8,11723bf9-a762-4197-b9d4-3de014c0fa56,0.6466909065596853
166f0dc0-c485-4452-b4e3-2a5225eb18e8,11733da7-cb77-47e5-8c36-f5b2e88890c7,0.7465857753950389
166f0dc0-c485-4452-b4e3-2a5225eb18e8,1173ecae-5fd5-40da-886b-3401bc1ba5df,0.7922123694006862
166f0dc0-c485-4452-b4e3-2a5225eb18e8,1174cd9e-d5ef-4dd1-b98e-fad92d8c1fc3,0.8020497165502041
166f0dc0-c485-4452-b4e3-2a5225eb18e8,1175f5ee-44ad-4609-bafb-35da42552402,0.9056804011387304
166f0dc0-c485-4452-b4e3-2a5225eb18e8,117708cc-b822-43b6-b428-4c0939e1b0fd,0.2934535315072928
166f0dc0-c485-4452-b4e3-2a5225eb18e8,11777c5b-dafe-4f40-abf3-9a946084a01c,0.7277660772172817
166f0dc0-c485-4452-b4e3-2a5225eb18e8,117938f7-741a-4764-a9b4-f928d71ca633,0.4909125008151678
166f0dc0-c485-4452-b4e3-2a5225eb18e8,117966ea-9c3e-4d59-9736-1743db657270,0.8383108720689461
166f0dc0-c485-4452-b4e3-2a5225eb18e8,117cd820-f685-4780-93d2-a6cacd00f5e2,0.9186018574672484
166f0dc0-c485-4452-b4e3-2a5225eb18e8,118652a4-1058-4f54-828e-b4b5186b600d,0.7887021604564333
166f0dc0-c485-4452-b4e3-2a5225eb18e8,1186b533-c494-418d-9b1b-0f15d1a397d4,0.761515485786124
166f0dc0-c485-4452-b4e3-2a5225eb18e8,11877969-2853-4b5d-8790-fd2309195e8c,0.9599092625856226
166f0dc0-c485-4452-b4e3-2a5225eb18e8,118a8974-defe-491e-9472-fe06e20bd4ab,0.8035827689850527
166f0dc0-c485-4452-b4e3-2a5225eb18e8,118d2fdc-4a14-4398-aafe-059e35568d6a,0.8182159198360311
166f0dc0-c485-4452-b4e3-2a5225eb18e8,118f7f2a-11cf-4f1c-9836-79086e09c805,0.9775240324904226
166f0dc0-c485-4452-b4e3-2a5225eb18e8,118fc08e-604f-40e2-b8ad-d054c0e2333b,0.9233688512608796
166f0dc0-c485-4452-b4e3-2a5225eb18e8,118ff760-7c42-4fd7-8ea5-a96f1dc76dd7,0.9501541640030798
166f0dc0-c485-4452-b4e3-2a5225eb18e8,1190ac51-3ecc-4f87-881d-3af3237111d4,0.8515288447303552
166f0dc0-c485-4452-b4e3-2a5225eb18e8,11925b7c-3cfb-410b-abf3-4b471d449d18,0.2416031110633452
166f0dc0-c485-4452-b4e3-2a5225eb18e8,1192b665-12a5-48da-bbac-7baa72f18bf8,0.980909737368515
166f0dc0-c485-4452-b4e3-2a5225eb18e8,1192cfe0-2a37-48a1-95b7-686389cbbfc8,0.8585062133234235
166f0dc0-c485-4452-b4e3-2a5225eb18e8,11933e01-9b9a-481f-b8ba-8892b88f44e8,0.7387106507060259
166f0dc0-c485-4452-b4e3-2a5225eb18e8,11934398-bcc5-419a-9c2e-ea9440c3d555,0.90331570491931
166f0dc0-c485-4452-b4e3-2a5225eb18e8,119366d7-58c0-4ec4-91c2-02d0a9ce025d,0.8125920929753742
166f0dc0-c485-4452-b4e3-2a5225eb18e8,1195df8d-58b1-42ec-87b4-c1c4991e713f,0.4544177084943626
166f0dc0-c485-4452-b4e3-2a5225eb18e8,11960eb1-665e-4f69-bbd9-ce8897897263,0.6018880417914974
166f0dc0-c485-4452-b4e3-2a5225eb18e8,1197b0ce-eb66-4646-a5c7-14e4302384f5,0.9256472444030712
166f0dc0-c485-4452-b4e3-2a5225eb18e8,11984a31-d478-49e4-8922-078691a13f86,0.7821430918610216
166f0dc0-c485-4452-b4e3-2a5225eb18e8,11988062-15e9-4482-8940-1bde0a60fb86,0.6238314745728565
166f0dc0-c485-4452-b4e3-2a5225eb18e8,1198831c-428f-474b-8949-efd8e05125c2,0.916876366875318
166f0dc0-c485-4452-b4e3-2a5225eb18e8,119bc421-2405-49d3-a68e-a813a17888c6,0.4524478185809973
166f0dc0-c485-4452-b4e3-2a5225eb18e8,119d7a1b-b155-45c1-83e3-57ce700330bf,0.7288216329684014
166f0dc0-c485-4452-b4e3-2a5225eb18e8,119dbd2b-2c20-4ece-8e32-31702a892cd2,0.6301473481788201
166f0dc0-c485-4452-b4e3-2a5225eb18e8,119e817c-e928-45ad-94b4-639211e82ef5,0.9105725780474268
166f0dc0-c485-4452-b4e3-2a5225eb18e8,11a0c64b-7eca-4bfe-8458-8ffefe773166,0.7559472653272314
166f0dc0-c485-4452-b4e3-2a5225eb18e8,11a44535-ae7b-4725-94c4-d00ab66f6046,0.7017253360468337
166f0dc0-c485-4452-b4e3-2a5225eb18e8,11a51cf2-f423-4f58-97db-737fd455c3bf,0.4552308899213489
166f0dc0-c485-4452-b4e3-2a5225eb18e8,11a61997-6c76-47f1-a2dc-c1199fd74237,0.8994737485817335
166f0dc0-c485-4452-b4e3-2a5225eb18e8,11aa0704-daa0-4ca6-a626-6b11053d579d,0.8323921126202681
166f0dc0-c485-4452-b4e3-2a5225eb18e8,11ab810a-00b7-435a-b95d-bd245384c3e0,0.8254521754584854
166f0dc0-c485-4452-b4e3-2a5225eb18e8,11abdab9-f698-48de-bbf6-f8e9ec221547,0.9190566779388124
166f0dc0-c485-4452-b4e3-2a5225eb18e8,11aca594-abdc-47c1-9515-39a37f7dba62,0.8777138396432507
166f0dc0-c485-4452-b4e3-2a5225eb18e8,11ad6f13-f2ab-448b-b0a4-e8821aed5410,0.8550816239053671
166f0dc0-c485-4452-b4e3-2a5225eb18e8,11adf5de-46cb-4a16-877f-f4f7472f8338,0.7669992481642792
166f0dc0-c485-4452-b4e3-2a5225eb18e8,11af67e2-aa7d-4e44-a678-61c20c9a6e41,0.4251742983356201
166f0dc0-c485-4452-b4e3-2a5225eb18e8,11afc643-7c83-4cc5-b0bd-5e3ad78eb90c,0.86232907146975
166f0dc0-c485-4452-b4e3-2a5225eb18e8,11aff0ab-cdee-4b69-a3a2-5f530286a749,0.7865926988985834
166f0dc0-c485-4452-b4e3-2a5225eb18e8,11b01b14-4980-457d-ab41-a11f64a52380,0.4332675526886953
166f0dc0-c485-4452-b4e3-2a5225eb18e8,11b11ebd-f3b9-4c17-8768-cc4b7ad8e910,0.5754037313124919
166f0dc0-c485-4452-b4e3-2a5225eb18e8,11b229c6-a6d9-46a5-8f5b-fcf3ac6f4186,0.7635627920336944
166f0dc0-c485-4452-b4e3-2a5225eb18e8,11b26cac-9264-4cb2-851d-e641b9fc63af,0.6416867991538949
166f0dc0-c485-4452-b4e3-2a5225eb18e8,11b3e4b8-8c62-4146-9830-af4a75f1f759,0.8350813871452744
166f0dc0-c485-4452-b4e3-2a5225eb18e8,11b45e1a-cf0f-4db0-964e-b1b4a1269bdc,0.9672360670681802
166f0dc0-c485-4452-b4e3-2a5225eb18e8,11b499ed-b180-4233-a61a-fe912873c0f6,0.9145653461723552
166f0dc0-c485-4452-b4e3-2a5225eb18e8,11b6a530-9f09-41d6-8942-9c1cecf82278,0.8886212359972047
166f0dc0-c485-4452-b4e3-2a5225eb18e8,11b6c4db-b1a0-4233-aa1e-ad44ec262f44,0.9777929451121496
166f0dc0-c485-4452-b4e3-2a5225eb18e8,11b6e56c-200f-4eee-9df1-c0c17015edbf,0.6542568482263253
166f0dc0-c485-4452-b4e3-2a5225eb18e8,11b77141-5f53-421a-8109-69e08525f5b1,0.961463253236583
166f0dc0-c485-4452-b4e3-2a5225eb18e8,11b8ba91-d53a-4d8f-9475-7827b6986040,0.5838853199219705
166f0dc0-c485-4452-b4e3-2a5225eb18e8,11bb8386-8299-43ca-89cf-3532b03aab30,0.6770559392383007
166f0dc0-c485-4452-b4e3-2a5225eb18e8,11bb894b-1be7-4fcc-b0b5-6c6eacdd73aa,0.7245248167796806
166f0dc0-c485-4452-b4e3-2a5225eb18e8,11bd0d90-0a96-4b0e-a493-f2ec846a6cad,0.896801992588485
166f0dc0-c485-4452-b4e3-2a5225eb18e8,11bd9659-f6ad-409f-9c35-e64a886c0c6c,0.8287118588399833
166f0dc0-c485-4452-b4e3-2a5225eb18e8,11bf4219-5505-4f6c-beee-364244cfa76a,0.63800642479735
166f0dc0-c485-4452-b4e3-2a5225eb18e8,11bfa239-ced7-4e69-847a-c8a9800d11e1,0.7934962899232654
166f0dc0-c485-4452-b4e3-2a5225eb18e8,11c096eb-c39f-4622-b1dd-7efecb7677f8,0.6463637283845527
166f0dc0-c485-4452-b4e3-2a5225eb18e8,11c1fc35-1f30-4e50-a839-8288138c9309,0.6491499220014763
166f0dc0-c485-4452-b4e3-2a5225eb18e8,11c61684-b830-496d-898a-e180029811f4,0.3360681668431039
166f0dc0-c485-4452-b4e3-2a5225eb18e8,11c641a1-5177-4eb6-a8ef-9f4e02e96f9f,0.9677529611298432
166f0dc0-c485-4452-b4e3-2a5225eb18e8,11c656cf-7775-435b-9dae-fde27234c36f,0.7607174657607155
166f0dc0-c485-4452-b4e3-2a5225eb18e8,11c790ab-0f6b-43a5-b864-50e5d76f2c1e,0.7137055371622367
166f0dc0-c485-4452-b4e3-2a5225eb18e8,11c960e7-bef3-478c-bb17-24da52ff0282,0.482334806474898
166f0dc0-c485-4452-b4e3-2a5225eb18e8,11cc3945-2b8b-4940-a210-8334adb9406c,0.9366269830679942
166f0dc0-c485-4452-b4e3-2a5225eb18e8,11cecde3-e83c-4c99-abb0-a0549cfb46a0,0.9040267571536966
166f0dc0-c485-4452-b4e3-2a5225eb18e8,11cfc1bf-4abe-4077-a943-f505eb34748b,0.9244076170313156
166f0dc0-c485-4452-b4e3-2a5225eb18e8,11d0765b-e489-4182-9e6c-a0f136cb255a,0.78366947832274
166f0dc0-c485-4452-b4e3-2a5225eb18e8,11d28ef7-46d8-43fb-b468-b99e9627dbfb,0.9316758956411748
166f0dc0-c485-4452-b4e3-2a5225eb18e8,11d2af65-c934-4335-9cd0-fb7065c8c522,0.6382620601109531
166f0dc0-c485-4452-b4e3-2a5225eb18e8,11d2ef24-c8d2-4968-a930-2520512242b4,0.9247152820517568
166f0dc0-c485-4452-b4e3-2a5225eb18e8,11d38996-6fea-433a-966f-2604b86dfadd,0.6046619798764186
166f0dc0-c485-4452-b4e3-2a5225eb18e8,11d4deb9-75f1-4f7d-8d51-20e9f52e8172,0.8573724699973727
166f0dc0-c485-4452-b4e3-2a5225eb18e8,11d5090c-de15-492e-849e-6f345173dad9,0.866547252782203
166f0dc0-c485-4452-b4e3-2a5225eb18e8,11d78352-1979-401a-9fe1-7c3b59aa38b8,0.7367555405520599
166f0dc0-c485-4452-b4e3-2a5225eb18e8,11da2d4b-8b11-42f9-9515-8b09e86ff18c,0.9423509425169998
166f0dc0-c485-4452-b4e3-2a5225eb18e8,11dbe731-9b43-41af-86e2-c08083270b53,0.6235972190959316
166f0dc0-c485-4452-b4e3-2a5225eb18e8,11dcbb4b-8c73-4c18-ac78-7b5887c3adcb,0.7163369408539084
166f0dc0-c485-4452-b4e3-2a5225eb18e8,11dd7a45-7384-4452-9cae-f9c358ec3dea,0.7390497487583253
166f0dc0-c485-4452-b4e3-2a5225eb18e8,11de611d-3e2b-4791-93ce-8450fcea669b,0.9435829053120234
166f0dc0-c485-4452-b4e3-2a5225eb18e8,11defa57-560e-4fc8-91be-08b7a8b591bb,0.973200182281006
166f0dc0-c485-4452-b4e3-2a5225eb18e8,11e166ff-a172-40df-94b8-50867cf39a2c,0.2609954150325995
166f0dc0-c485-4452-b4e3-2a5225eb18e8,11e1d743-f6af-49f1-adf1-f7f4cd2663d1,0.8091713834434255
166f0dc0-c485-4452-b4e3-2a5225eb18e8,11e37c0b-dee9-458d-9066-af484a32bfeb,0.949421339681418
166f0dc0-c485-4452-b4e3-2a5225eb18e8,11e3d266-ca64-4d7c-8fdc-d7584785bd77,0.4788829060747112
166f0dc0-c485-4452-b4e3-2a5225eb18e8,11e415ad-918e-4c24-a046-36a8d9ac159f,0.7934890360236929
166f0dc0-c485-4452-b4e3-2a5225eb18e8,11e4bdbd-a425-4976-90e0-e25b2e5952ba,0.950939199135195
166f0dc0-c485-4452-b4e3-2a5225eb18e8,11e4c96d-5162-4d97-9d48-dd7723d84a82,0.8229589811899125
166f0dc0-c485-4452-b4e3-2a5225eb18e8,11e5065a-499a-4da6-b073-daa360c73154,0.9397168627579152
166f0dc0-c485-4452-b4e3-2a5225eb18e8,11e56e73-59c7-4dd6-ac54-859b712e4c8a,0.8743048150893002
166f0dc0-c485-4452-b4e3-2a5225eb18e8,11e6080b-8ec5-48a8-b08b-8010ea10b62e,0.9063651104343168
166f0dc0-c485-4452-b4e3-2a5225eb18e8,11e6a6a0-6551-40e4-8395-ca8ce69ad3a3,0.566176689795987
166f0dc0-c485-4452-b4e3-2a5225eb18e8,11e8096c-0461-4c31-ad33-76eb08202ed7,0.6551362899001945
166f0dc0-c485-4452-b4e3-2a5225eb18e8,11e82047-66be-45c8-8db5-8a071e0b3175,0.8170325238897429
166f0dc0-c485-4452-b4e3-2a5225eb18e8,11e93dcf-812e-4851-9fea-23fead077e5e,0.914552876753503
166f0dc0-c485-4452-b4e3-2a5225eb18e8,11e9c1c4-1991-49bb-960a-198cf3f9e5a8,0.857904331408033
166f0dc0-c485-4452-b4e3-2a5225eb18e8,11e9fe4c-17af-4a74-8405-a6398bcbc2c4,0.9560794742855804
166f0dc0-c485-4452-b4e3-2a5225eb18e8,11ebca57-7aef-4552-a5df-79385c5f2f45,0.9650127680254096
166f0dc0-c485-4452-b4e3-2a5225eb18e8,11ede113-7438-4ee8-99c6-dfdd255c4141,0.5301996796856222
166f0dc0-c485-4452-b4e3-2a5225eb18e8,11f459c8-4d7e-425f-959d-b8c01f007b2f,0.6958480991224779
166f0dc0-c485-4452-b4e3-2a5225eb18e8,11f59e2b-9446-4864-bfcf-3086c0835b06,0.6876154358079349
166f0dc0-c485-4452-b4e3-2a5225eb18e8,11f7e996-75b8-4f1a-ae97-06d2c9b998db,0.9499277592812088
166f0dc0-c485-4452-b4e3-2a5225eb18e8,11f8c862-dddd-4fa0-8a6e-21215865b5a1,0.700582850924905
166f0dc0-c485-4452-b4e3-2a5225eb18e8,11fa0ae8-159b-4cfd-a651-f4e64c14ba8a,0.9066278532394348
166f0dc0-c485-4452-b4e3-2a5225eb18e8,11fa65b3-35ba-4a43-81c6-5bbbc0b83add,0.4541269526704961
166f0dc0-c485-4452-b4e3-2a5225eb18e8,11fb368b-29c2-456c-939f-b3a7f3747819,0.4865528414519858
166f0dc0-c485-4452-b4e3-2a5225eb18e8,11fbef8f-5767-4489-97ed-1ae60777ddf0,0.8055853963707508
166f0dc0-c485-4452-b4e3-2a5225eb18e8,11fd6c99-1623-4459-8213-3110dd3b1396,0.7847655789083818
166f0dc0-c485-4452-b4e3-2a5225eb18e8,11fe843a-b93f-4e5f-bb4c-a955d35bfa12,0.9617321848646038
166f0dc0-c485-4452-b4e3-2a5225eb18e8,11ffd146-9952-4769-9cb1-57d3fbbffa5a,0.7786857685666672
166f0dc0-c485-4452-b4e3-2a5225eb18e8,12051052-bf21-4b48-a00f-292ee3f7c9b4,0.7703393307772376
166f0dc0-c485-4452-b4e3-2a5225eb18e8,1205b4d0-bc64-430e-863c-720b630d27c1,0.8757310053615978
166f0dc0-c485-4452-b4e3-2a5225eb18e8,12060f08-ecca-445c-91a3-45169c4f4b1d,0.4812157311896276
166f0dc0-c485-4452-b4e3-2a5225eb18e8,1207460f-19e6-4a64-897f-421ed3d11cee,0.9024842615876072
166f0dc0-c485-4452-b4e3-2a5225eb18e8,12079f4b-fba4-407b-8d57-dbedb6aae1a1,0.963451145669506
166f0dc0-c485-4452-b4e3-2a5225eb18e8,120a54b1-b121-476e-ab42-9c67f0a56f14,0.9309443538135782
166f0dc0-c485-4452-b4e3-2a5225eb18e8,120adebd-3540-46e6-923b-3da25706fc2f,0.0273317074519922
166f0dc0-c485-4452-b4e3-2a5225eb18e8,120faa84-40d6-4f2d-8ea7-2d56082f07d7,0.217952256720591
166f0dc0-c485-4452-b4e3-2a5225eb18e8,1210d7d4-3bfb-4764-881c-40cc05aef85d,0.870747410768207
166f0dc0-c485-4452-b4e3-2a5225eb18e8,12161235-44c9-4220-96bb-02eeb8cb8f2c,0.2849228070162487
166f0dc0-c485-4452-b4e3-2a5225eb18e8,1216c212-8a49-4b85-8907-09bde5db8e89,0.5946115072967328
166f0dc0-c485-4452-b4e3-2a5225eb18e8,1217060e-54bf-4783-aeba-7d209051793f,0.3459996420810032
166f0dc0-c485-4452-b4e3-2a5225eb18e8,12176565-a98f-4f6c-ab28-6b07f4fa090d,0.924348243423567
166f0dc0-c485-4452-b4e3-2a5225eb18e8,1218ad8d-3553-41b8-835e-0e0a611357b5,0.9791357346890588
166f0dc0-c485-4452-b4e3-2a5225eb18e8,1218e0b0-e4ad-40a4-915f-7b69ab5e2a36,0.8560566527636844
166f0dc0-c485-4452-b4e3-2a5225eb18e8,121982ce-1c9d-4257-8025-f8944ddbf79e,0.9541602128069304
166f0dc0-c485-4452-b4e3-2a5225eb18e8,121a6d5f-6f5d-4eb6-9848-98545d5ed92e,0.9051479481960056
166f0dc0-c485-4452-b4e3-2a5225eb18e8,121bc247-e0f0-43c7-b6bd-271279fd3e42,0.4668867665523926
166f0dc0-c485-4452-b4e3-2a5225eb18e8,121be10d-6e55-49be-91d3-6c464feee1aa,0.9602658813032716
166f0dc0-c485-4452-b4e3-2a5225eb18e8,121d7f22-5172-4d4a-a88d-d397274ec6d9,0.9488365435990987
166f0dc0-c485-4452-b4e3-2a5225eb18e8,12206672-f02b-47ae-8b22-f1e7b97af189,0.92055486467391
166f0dc0-c485-4452-b4e3-2a5225eb18e8,1225979f-1a69-4bc9-9775-8e6033568172,0.6949410830938341
166f0dc0-c485-4452-b4e3-2a5225eb18e8,1225d9a0-10e3-4666-8f99-d42f7f31de71,0.9400332153630214
166f0dc0-c485-4452-b4e3-2a5225eb18e8,1226263a-2e70-4972-a3e8-1044ff135d44,0.5972022690418733
166f0dc0-c485-4452-b4e3-2a5225eb18e8,122720c3-eba0-432d-8f34-1b1ddf76d184,0.5780654629739027
166f0dc0-c485-4452-b4e3-2a5225eb18e8,1228d803-4926-4eb7-95c9-0418ce6b7b7f,0.0725244915063038
166f0dc0-c485-4452-b4e3-2a5225eb18e8,1229c84c-a996-4ea1-a696-819441e2ed97,0.5334030661880765
166f0dc0-c485-4452-b4e3-2a5225eb18e8,122c75d9-0df4-4a3a-84b3-58236f4f6a6f,0.6689129794100838
166f0dc0-c485-4452-b4e3-2a5225eb18e8,122d64dd-9ee2-4954-bf53-1f30648fa7ae,0.8615415320431832
166f0dc0-c485-4452-b4e3-2a5225eb18e8,122fcf0b-ef99-497d-b8b8-41ebaaf5f33b,0.6820571239578583
166f0dc0-c485-4452-b4e3-2a5225eb18e8,12308608-e3af-4f47-ab14-f6be8be7bfd8,0.8530715561094712
166f0dc0-c485-4452-b4e3-2a5225eb18e8,12334d7e-7fbd-4c59-ba2b-48afcf221f12,0.8005823686081085
166f0dc0-c485-4452-b4e3-2a5225eb18e8,12359200-2ce8-4aa9-bcab-cde00210cc18,0.5373950040994732
166f0dc0-c485-4452-b4e3-2a5225eb18e8,1235e75a-3c12-4ab7-94ac-ec31b11dd06b,0.8128952058214992
166f0dc0-c485-4452-b4e3-2a5225eb18e8,12378c24-5470-4001-a2a4-1b09a5b8c78f,0.8760311254174045
166f0dc0-c485-4452-b4e3-2a5225eb18e8,1237b6b7-97d2-4fa1-9eb2-69473c54f611,0.9233428610855262
166f0dc0-c485-4452-b4e3-2a5225eb18e8,1237f086-dbdb-4826-b6ec-46b1e8057b0c,0.8684854092855011
166f0dc0-c485-4452-b4e3-2a5225eb18e8,123851f6-4269-4b88-8816-2fcd85a665eb,0.4076619387784975
166f0dc0-c485-4452-b4e3-2a5225eb18e8,1238b3f8-e03a-42a4-a71d-ffc51e68ec35,0.5273093523402216
166f0dc0-c485-4452-b4e3-2a5225eb18e8,1239065a-b981-43a3-bc95-2fa1632bbcc9,0.8601031322308744
166f0dc0-c485-4452-b4e3-2a5225eb18e8,123eda7a-0588-4ef2-8ff4-5d9be08b2b8d,0.7778890510062845
166f0dc0-c485-4452-b4e3-2a5225eb18e8,12414c91-a226-42d5-88a5-188d52a4ca07,0.8360482098570736
166f0dc0-c485-4452-b4e3-2a5225eb18e8,1241a9bc-69cc-4ea3-a2ed-a669f9967854,0.8684414785636281
166f0dc0-c485-4452-b4e3-2a5225eb18e8,1247950d-f216-4965-8871-5fbce8be605e,0.9855953697626708
166f0dc0-c485-4452-b4e3-2a5225eb18e8,1247afff-c133-4f28-9cb0-ccde59d5f38e,0.9199834132306912
166f0dc0-c485-4452-b4e3-2a5225eb18e8,1248df10-e86f-4819-9068-03b60cfae90d,0.7622969566880772
166f0dc0-c485-4452-b4e3-2a5225eb18e8,12490ca4-963c-4039-a983-b37f6428ae9d,0.8919170450767465
166f0dc0-c485-4452-b4e3-2a5225eb18e8,12491099-9712-4de3-973a-08e141c46fa7,0.662790782083753
166f0dc0-c485-4452-b4e3-2a5225eb18e8,124a137b-fd55-4dec-8f46-79a867725aa4,0.8694766892280287
166f0dc0-c485-4452-b4e3-2a5225eb18e8,124bf6c8-d923-452b-a4d4-ff12eed3f63b,0.5999150361283632
166f0dc0-c485-4452-b4e3-2a5225eb18e8,1251ab99-8ecd-422e-b55d-0926a60b4965,0.7472689443665483
166f0dc0-c485-4452-b4e3-2a5225eb18e8,12524b6e-fc27-496c-b6aa-3d781fa24003,0.8923227275032706
166f0dc0-c485-4452-b4e3-2a5225eb18e8,12533298-dd5c-4258-8d08-52f5ab4da0dc,0.5031091773029676
166f0dc0-c485-4452-b4e3-2a5225eb18e8,12537266-2758-4cec-834f-ff42e7012e68,0.6606064648509766
166f0dc0-c485-4452-b4e3-2a5225eb18e8,1254408f-0598-495e-a763-9e0bcb36de15,0.8987631082312626
166f0dc0-c485-4452-b4e3-2a5225eb18e8,12568745-ce64-40c5-905c-5c25be631204,0.9574027490132074
166f0dc0-c485-4452-b4e3-2a5225eb18e8,12573a60-c039-4e27-9035-701d04d2f104,0.6883829448710838
166f0dc0-c485-4452-b4e3-2a5225eb18e8,1257c3ed-a429-4bdc-8544-d82aa318c5fe,0.8926147672462218
166f0dc0-c485-4452-b4e3-2a5225eb18e8,125968db-d42d-405b-9bc9-c8ff9148d6a8,0.4694068332315826
166f0dc0-c485-4452-b4e3-2a5225eb18e8,125b2e43-4423-4533-a10c-dcdf6b67e717,0.9699927584092076
166f0dc0-c485-4452-b4e3-2a5225eb18e8,125be7f1-96ad-4a4f-93af-193aa7013ad0,0.7702793702309926
166f0dc0-c485-4452-b4e3-2a5225eb18e8,125bfba7-aac3-4001-8f5b-612f8f6160d0,0.8660483967702148
166f0dc0-c485-4452-b4e3-2a5225eb18e8,125c93ee-d25e-49be-9495-df2f33e37b71,0.8951260489515597
166f0dc0-c485-4452-b4e3-2a5225eb18e8,125e66bb-4101-4851-a4d9-a17ed860e521,0.8191670555308036
166f0dc0-c485-4452-b4e3-2a5225eb18e8,12619343-dfb3-40f3-82e2-34fdd9b97324,0.7803626639706216
166f0dc0-c485-4452-b4e3-2a5225eb18e8,12631f09-2fad-4c8c-96e9-342e50d3f9f4,0.6128813362158447
166f0dc0-c485-4452-b4e3-2a5225eb18e8,12637cad-4c09-49cf-8abb-2abe69b92df1,0.9611224284534752
166f0dc0-c485-4452-b4e3-2a5225eb18e8,126452bb-5c29-4950-bf60-27f1ae5ac574,0.7262590902939506
166f0dc0-c485-4452-b4e3-2a5225eb18e8,1264a10b-499c-4c22-bc85-f02876682726,0.8193498556910777
166f0dc0-c485-4452-b4e3-2a5225eb18e8,1264ade9-fa16-42bd-94c4-2abbd26ed703,0.5442163648891761
166f0dc0-c485-4452-b4e3-2a5225eb18e8,1264b2f2-f3cf-418f-a990-4e8f5b97e434,0.948486859501384
166f0dc0-c485-4452-b4e3-2a5225eb18e8,1268b260-8569-4744-bc66-f447ee388a97,0.7813215064039913
166f0dc0-c485-4452-b4e3-2a5225eb18e8,1269a471-cd6c-44bb-a109-4a1f17714a49,0.9491668803556296
166f0dc0-c485-4452-b4e3-2a5225eb18e8,126a6ece-4bd7-4cf1-8355-f47035f7d50a,0.9429914131576524
166f0dc0-c485-4452-b4e3-2a5225eb18e8,126c9d99-4ca6-4b03-8bde-ed897b632068,0.9602681627531044
166f0dc0-c485-4452-b4e3-2a5225eb18e8,126ea82d-5784-48d3-9765-67876d7ebde8,0.8518435280172593
166f0dc0-c485-4452-b4e3-2a5225eb18e8,127136c1-d779-48d3-b624-ea0c81c81387,0.7558315471996467
166f0dc0-c485-4452-b4e3-2a5225eb18e8,12715bc9-293e-47d7-a57c-b891629be22f,0.8525593885363013
166f0dc0-c485-4452-b4e3-2a5225eb18e8,1271e19b-0624-4178-81d4-48f000443add,0.7228712336619828
166f0dc0-c485-4452-b4e3-2a5225eb18e8,12749786-405d-4ee9-a5cd-f87374e2e656,0.7895858694952748
166f0dc0-c485-4452-b4e3-2a5225eb18e8,12755990-9cd4-4f3b-b39e-426b8cdf734f,0.1063370643544763
166f0dc0-c485-4452-b4e3-2a5225eb18e8,12768af0-ab6f-4c19-8a8f-e179c9774791,0.6510127864300278
166f0dc0-c485-4452-b4e3-2a5225eb18e8,1276a709-b0d8-448f-a1df-113ce099eff0,0.7436517791341145
166f0dc0-c485-4452-b4e3-2a5225eb18e8,1276c070-3a92-4a22-9d2d-3f0c6d83c620,0.8430388430204412
166f0dc0-c485-4452-b4e3-2a5225eb18e8,127717d5-872d-48bb-951a-1e3f2bff7266,0.9424520336929402
166f0dc0-c485-4452-b4e3-2a5225eb18e8,1278c2d4-8044-49ad-93b1-2935cfa4418d,0.7073485775204741
166f0dc0-c485-4452-b4e3-2a5225eb18e8,127a75e4-c0ed-40e8-93d5-a67e373b5b7e,0.7175359315365081
166f0dc0-c485-4452-b4e3-2a5225eb18e8,127f83df-ba88-47b6-b8b7-1cdf2ba1f9a9,0.9733690600697632
166f0dc0-c485-4452-b4e3-2a5225eb18e8,1282784d-0120-4522-a026-65361938eb2e,0.7085327958288424
166f0dc0-c485-4452-b4e3-2a5225eb18e8,1283ef91-a05b-4ae6-9450-8acbfe78f8e3,0.9004440851571356
166f0dc0-c485-4452-b4e3-2a5225eb18e8,1286a4f7-41fe-42e7-8330-3c9a31827052,0.9712799959415964
166f0dc0-c485-4452-b4e3-2a5225eb18e8,12877e0e-4614-4074-97d0-f1fe13ed16b2,0.9768262374343546
166f0dc0-c485-4452-b4e3-2a5225eb18e8,1287a9a4-3b14-4546-b866-d109d58db147,0.9379618940046592
166f0dc0-c485-4452-b4e3-2a5225eb18e8,1288556e-f0d6-460a-a2c8-d240ad364831,0.8858352760268328
166f0dc0-c485-4452-b4e3-2a5225eb18e8,12886a45-1ccc-41cd-83a9-6c6ece319c77,0.4720653182472336
166f0dc0-c485-4452-b4e3-2a5225eb18e8,12895fd0-b923-4fbb-b294-7e2b2095b8ca,0.3134256290547998
166f0dc0-c485-4452-b4e3-2a5225eb18e8,128bfc89-b4f8-45ec-88ad-dac960704082,0.8215020706090982
166f0dc0-c485-4452-b4e3-2a5225eb18e8,128dab38-d1b1-473e-b2d1-be3f613ef2c9,0.9805842073829788
166f0dc0-c485-4452-b4e3-2a5225eb18e8,128e20f7-10dc-4668-925e-ec4580d7f291,0.742442562582407
166f0dc0-c485-4452-b4e3-2a5225eb18e8,128fd100-c765-41df-b676-2f47870d79d9,0.8419926140265459
166f0dc0-c485-4452-b4e3-2a5225eb18e8,12900a73-0772-43f3-af24-8a56afad47ca,0.7554707068942365
166f0dc0-c485-4452-b4e3-2a5225eb18e8,12903bc9-f63e-430f-afe0-9298a0fc94f3,0.9274410477065792
166f0dc0-c485-4452-b4e3-2a5225eb18e8,1290b408-df8c-4a55-8aaa-74cc31743171,0.816983085712273
166f0dc0-c485-4452-b4e3-2a5225eb18e8,1290d366-3b35-4f30-8e4b-781acaa2c69a,0.9427388814475778
166f0dc0-c485-4452-b4e3-2a5225eb18e8,12921519-4e42-4b1b-aec0-0fd3211c4591,0.7107530759487066
166f0dc0-c485-4452-b4e3-2a5225eb18e8,12921521-04e1-46bf-a50f-437670d418d0,0.935568997852491
166f0dc0-c485-4452-b4e3-2a5225eb18e8,129569df-25ac-4eea-830b-c7fc91d46e8f,0.9488286068031384
166f0dc0-c485-4452-b4e3-2a5225eb18e8,1296b5e4-f964-47c4-8b85-c5e7e8db7469,0.9048447066058286
166f0dc0-c485-4452-b4e3-2a5225eb18e8,1296c4a3-baff-49de-9723-d907488015a7,0.7986408423409878
166f0dc0-c485-4452-b4e3-2a5225eb18e8,1296dd4b-152b-415b-9831-516fb9c5be7a,0.815399036521711
166f0dc0-c485-4452-b4e3-2a5225eb18e8,1298eb82-b75f-49ca-a3c6-3b56c3cc4441,0.7105181164152683
166f0dc0-c485-4452-b4e3-2a5225eb18e8,129a0a70-c9c1-480f-ad31-2729ae4bb07a,0.960873748255702
166f0dc0-c485-4452-b4e3-2a5225eb18e8,129a0dee-a9c5-4c3e-9bbd-cdd7eee052b0,0.8149457196881928
166f0dc0-c485-4452-b4e3-2a5225eb18e8,129a46b4-6a4e-4f4b-b6bb-05a63268a69f,0.8687575330317525
166f0dc0-c485-4452-b4e3-2a5225eb18e8,129a771b-41ea-40a3-a571-0157a7e25f62,0.8936131812179903
166f0dc0-c485-4452-b4e3-2a5225eb18e8,129a7b9b-f29c-4bf5-9c10-2e42776f1e95,0.6884170872204937
166f0dc0-c485-4452-b4e3-2a5225eb18e8,129ab199-1780-423b-8e1f-8f3776ac0258,0.9630608349671596
166f0dc0-c485-4452-b4e3-2a5225eb18e8,129c0d13-bb4b-4a86-a298-2f6c74c7513a,0.8745825700119568
166f0dc0-c485-4452-b4e3-2a5225eb18e8,129d28a8-35b5-441b-9497-b91022de2b05,0.9341289752985008
166f0dc0-c485-4452-b4e3-2a5225eb18e8,129e54dd-9182-4b9a-8208-216ec6862775,0.9460721113748788
166f0dc0-c485-4452-b4e3-2a5225eb18e8,12a38e0c-a757-49a5-90bb-327afc06f3a8,0.9688306982900522
166f0dc0-c485-4452-b4e3-2a5225eb18e8,12a4c133-374b-48b8-944f-5a7fbc63d94e,0.3947112322302976
166f0dc0-c485-4452-b4e3-2a5225eb18e8,12a5708e-5b3b-4a28-b60d-50448df7cd75,0.9263375671192192
166f0dc0-c485-4452-b4e3-2a5225eb18e8,12a78e99-e6bc-4c74-b365-81b9410b439e,0.4937256701395061
166f0dc0-c485-4452-b4e3-2a5225eb18e8,12a8afd7-a123-4168-aaac-005b0633a90c,0.3396828092018756
166f0dc0-c485-4452-b4e3-2a5225eb18e8,12a9d8c5-66c7-447b-bc77-300f6db62269,0.919816169211793
166f0dc0-c485-4452-b4e3-2a5225eb18e8,12abe5ed-6145-4be8-b4f7-46dbc8c2db9d,0.9458541044007936
166f0dc0-c485-4452-b4e3-2a5225eb18e8,12ad6f24-6f5b-4461-b81e-5431ee0fde81,0.7373566369443431
166f0dc0-c485-4452-b4e3-2a5225eb18e8,12ada7dd-04fb-4750-af49-7bde8a938901,0.7293784678087546
166f0dc0-c485-4452-b4e3-2a5225eb18e8,12adb9b6-d332-45d7-9c7c-3e225c04c698,0.5672640448951932
166f0dc0-c485-4452-b4e3-2a5225eb18e8,12af1a69-6064-49a6-8d14-320b9c0a2d53,0.5656879447448359
166f0dc0-c485-4452-b4e3-2a5225eb18e8,12b07678-e91e-40bf-a114-c59f53ec2573,0.8514204666280611
166f0dc0-c485-4452-b4e3-2a5225eb18e8,12b6764b-326b-4ab8-92b7-aa2822f3dc94,0.9182547709453538
166f0dc0-c485-4452-b4e3-2a5225eb18e8,12b8b248-19bd-41dd-a46c-2c988bb63c3f,0.6590700594261604
166f0dc0-c485-4452-b4e3-2a5225eb18e8,12b8f001-b15e-48d0-9b57-530ad524984f,0.9400610104212582
166f0dc0-c485-4452-b4e3-2a5225eb18e8,12b98501-398a-469f-aad4-cecee6debf1e,0.5482711030182145
166f0dc0-c485-4452-b4e3-2a5225eb18e8,12bc1d32-b9e1-4d7b-a9c8-be09abecbd6b,0.6721367867668865
166f0dc0-c485-4452-b4e3-2a5225eb18e8,12bc3d1a-aa2c-495b-a771-ebbc9a9fe1df,0.9386073992466094
166f0dc0-c485-4452-b4e3-2a5225eb18e8,12bcdebb-a16e-4d14-8b53-3ca77f4cf77f,0.3952399157955681
166f0dc0-c485-4452-b4e3-2a5225eb18e8,12bd1e30-3efe-41a0-8b54-ead71108a7b7,0.7589183745164545
166f0dc0-c485-4452-b4e3-2a5225eb18e8,12bd98eb-543d-4aca-b928-40a3136b1960,0.765556244013364
166f0dc0-c485-4452-b4e3-2a5225eb18e8,12bf0950-7892-42c0-983c-e8a78a00dc73,0.9060337314502004
166f0dc0-c485-4452-b4e3-2a5225eb18e8,12c04997-06cb-4232-a3eb-d378992c4a56,0.8542308383623046
166f0dc0-c485-4452-b4e3-2a5225eb18e8,12c0da59-6c87-43d1-850e-a5f24cd699de,0.8699161706443117
166f0dc0-c485-4452-b4e3-2a5225eb18e8,12c201e7-abc1-47c6-a716-9ee905266d0e,0.8322252400538179
166f0dc0-c485-4452-b4e3-2a5225eb18e8,12c24dd3-cff4-4d5f-9106-78c0cca7a377,0.7049058904551282
166f0dc0-c485-4452-b4e3-2a5225eb18e8,12c279de-769e-45c5-aa62-6cfa5199a222,0.7911819530979828
166f0dc0-c485-4452-b4e3-2a5225eb18e8,12c2f061-d519-4d3c-b0f7-6b38d750fdef,0.9655243171740368
166f0dc0-c485-4452-b4e3-2a5225eb18e8,12c3376d-5d38-4c91-932e-e21c8010954c,0.9618412344545786
166f0dc0-c485-4452-b4e3-2a5225eb18e8,12c3651b-d243-48cf-b31e-ba2901acb496,0.9007061719100469
166f0dc0-c485-4452-b4e3-2a5225eb18e8,12c468b0-e79e-49ff-ada6-7ad9e3cf8329,0.9402860355171112
166f0dc0-c485-4452-b4e3-2a5225eb18e8,12c626dc-f97e-4488-b0ba-01dc70151165,0.2863031248784389
166f0dc0-c485-4452-b4e3-2a5225eb18e8,12c6610a-3029-45b0-88c6-cd79dbcdc0c6,0.9077835921040284
166f0dc0-c485-4452-b4e3-2a5225eb18e8,12c80e94-2e3d-4e01-8309-ab7278d4c99a,0.8159020061499481
166f0dc0-c485-4452-b4e3-2a5225eb18e8,12c96544-4761-4a39-877a-b865bac24c98,0.8583647127281292
166f0dc0-c485-4452-b4e3-2a5225eb18e8,12c99f4d-c793-4a1f-8e74-359e528e580a,0.8814455658610835
166f0dc0-c485-4452-b4e3-2a5225eb18e8,12c9d9ee-aac1-4454-8a24-0f2e01e8ee75,0.8652757332306303
166f0dc0-c485-4452-b4e3-2a5225eb18e8,12ca9311-4497-456a-99d1-5f6edf4376a8,0.2285117020520483
166f0dc0-c485-4452-b4e3-2a5225eb18e8,12cb69cf-bac2-4f7b-a320-bf2033221dcc,0.5343077440404329
166f0dc0-c485-4452-b4e3-2a5225eb18e8,12cfe4c1-b1a8-43ca-89f5-e46213e33d1b,0.8029840340578351
166f0dc0-c485-4452-b4e3-2a5225eb18e8,12d03bd8-6ecb-4384-b2ea-5fa8529375ae,0.4752698611055279
166f0dc0-c485-4452-b4e3-2a5225eb18e8,12d23003-f0ba-4d96-a0a8-243020f2fd11,0.6035502796949563
166f0dc0-c485-4452-b4e3-2a5225eb18e8,12d2654a-6340-4628-a4d8-09da2fe8e146,0.880828559026671
166f0dc0-c485-4452-b4e3-2a5225eb18e8,12d5ccaa-a27f-49b8-a6d2-ae9353774a37,0.550632152834286
166f0dc0-c485-4452-b4e3-2a5225eb18e8,12d7d0d6-e33a-45fc-b368-4ae5925d2737,0.8039503532028882
166f0dc0-c485-4452-b4e3-2a5225eb18e8,12d85e12-d3ce-47b2-bf72-ae80edfa51b1,0.9426342935361456
166f0dc0-c485-4452-b4e3-2a5225eb18e8,12d8849b-e887-4ca5-9387-b0832ecb38a6,0.9398725550273954
166f0dc0-c485-4452-b4e3-2a5225eb18e8,12d9a048-4b76-4f52-a952-fdc6e30d7931,0.7238602162490299
166f0dc0-c485-4452-b4e3-2a5225eb18e8,12da938c-cbe0-47f0-b28b-67c11de3f466,0.8556147142174717
166f0dc0-c485-4452-b4e3-2a5225eb18e8,12dc75fd-8e4d-4f0d-98d0-806f4bf4f59f,0.6928266324705907
166f0dc0-c485-4452-b4e3-2a5225eb18e8,12dc906a-38f8-4a3d-955a-e0d820e06f5a,0.8176425510203885
166f0dc0-c485-4452-b4e3-2a5225eb18e8,12de243e-fa03-4134-b3b8-9a2bcf501115,0.8957118866133302
166f0dc0-c485-4452-b4e3-2a5225eb18e8,12df83c3-c92d-42c8-ab54-37d951393b13,0.9681695570391652
166f0dc0-c485-4452-b4e3-2a5225eb18e8,12e0195c-909f-4ef4-803a-032955e5aaa2,0.8678542362441228
166f0dc0-c485-4452-b4e3-2a5225eb18e8,12e0d37a-043f-49e0-a0f3-847c65da0c2b,0.9366353469762864
166f0dc0-c485-4452-b4e3-2a5225eb18e8,12e18802-5cf3-4b60-9693-425b441ee7fa,0.8308758942545477
166f0dc0-c485-4452-b4e3-2a5225eb18e8,12e1c99e-ef6e-4673-b020-bebd7d8736c3,0.9078136789935984
166f0dc0-c485-4452-b4e3-2a5225eb18e8,12e21939-8027-4686-84be-3451c6ac9227,0.7480789995866214
166f0dc0-c485-4452-b4e3-2a5225eb18e8,12e367e9-281d-472e-9cf3-78014cec0ba4,0.8654792606301178
166f0dc0-c485-4452-b4e3-2a5225eb18e8,12e36b0a-df38-4576-8121-95494c16d7a2,0.8564200618041405
166f0dc0-c485-4452-b4e3-2a5225eb18e8,12e567cd-9242-4b34-ab5d-555d6123d7c4,0.9027564871857636
166f0dc0-c485-4452-b4e3-2a5225eb18e8,12e5c4b1-c89c-45e6-b266-30166afb0b14,0.7464327188912204
166f0dc0-c485-4452-b4e3-2a5225eb18e8,12e5e462-53a4-43db-8164-acf483a25e97,0.9278863443071246
166f0dc0-c485-4452-b4e3-2a5225eb18e8,12e74252-bb7c-411c-8bdd-52bcae3edb20,0.7786622419151967
166f0dc0-c485-4452-b4e3-2a5225eb18e8,12e78a95-f784-43ca-86fd-1bf97ec3548f,0.9151152178808908
166f0dc0-c485-4452-b4e3-2a5225eb18e8,12ea7a5c-65d2-493a-b23e-499709d1f327,0.7333005865891027
166f0dc0-c485-4452-b4e3-2a5225eb18e8,12ed8c8a-204a-48f9-8e80-83b2841d0f53,0.8899252741977363
166f0dc0-c485-4452-b4e3-2a5225eb18e8,12ede251-50ec-43d0-b94d-9b6528a1b9c6,0.8951775729183062
166f0dc0-c485-4452-b4e3-2a5225eb18e8,12f1bde3-0253-4a60-aa2e-5fb118691f96,0.9030828212838096
166f0dc0-c485-4452-b4e3-2a5225eb18e8,12f20e15-82b1-4279-8ace-ef5797157438,0.8459038577931888
166f0dc0-c485-4452-b4e3-2a5225eb18e8,12f69727-48e5-4e15-9211-212f3cc8e3e8,0.8895721648447164
166f0dc0-c485-4452-b4e3-2a5225eb18e8,12f6ee69-8b02-4ae9-ab25-8e2f28ea5225,0.8106353367827552
166f0dc0-c485-4452-b4e3-2a5225eb18e8,12f7933f-e4b3-4ec6-b57d-789cf036add7,0.8876004995309127
166f0dc0-c485-4452-b4e3-2a5225eb18e8,12f8fed0-88e3-47df-a856-dca3b0068eda,0.9220636048680988
166f0dc0-c485-4452-b4e3-2a5225eb18e8,12f97e42-c99d-46c4-bf20-5b06b97e5881,0.302816039911282
166f0dc0-c485-4452-b4e3-2a5225eb18e8,12f9cbd5-b5b8-453f-9fdb-05050cc0c5a8,0.630540352809808
166f0dc0-c485-4452-b4e3-2a5225eb18e8,12faf890-6788-478f-bc85-14f06a8d44f0,0.941803089535264
166f0dc0-c485-4452-b4e3-2a5225eb18e8,12fc1dbe-410a-4383-824d-bbe47fb6c613,0.8809697529998473
166f0dc0-c485-4452-b4e3-2a5225eb18e8,12fd7726-c3a3-427b-8045-1ed5dba428f4,0.8272922667218258
166f0dc0-c485-4452-b4e3-2a5225eb18e8,12fdc1b4-cf91-4cb1-8106-c4597e0a87e5,0.8264519689979093
166f0dc0-c485-4452-b4e3-2a5225eb18e8,12fe24a3-439a-49f9-afc8-1ea56e3d7a6f,0.7867322739076632
166f0dc0-c485-4452-b4e3-2a5225eb18e8,12fe9f4d-f551-4266-87da-4fe47134a27f,0.8094667298867707
166f0dc0-c485-4452-b4e3-2a5225eb18e8,12ff6ed1-edb4-4968-8710-3801ca6d3275,0.9042448553862033
166f0dc0-c485-4452-b4e3-2a5225eb18e8,1300009f-f42a-4372-ad93-3f072d21e901,0.5450798006336707
166f0dc0-c485-4452-b4e3-2a5225eb18e8,130136bc-0d47-428a-86b5-3bab0ea4d216,0.5296138979269526
166f0dc0-c485-4452-b4e3-2a5225eb18e8,13059984-0ae5-438b-97d2-d6a48e902563,0.8756692579916383
166f0dc0-c485-4452-b4e3-2a5225eb18e8,1305e9e7-0d0a-49e5-8163-1d1fed353e06,0.6588437517704117
166f0dc0-c485-4452-b4e3-2a5225eb18e8,130a001f-1c51-4aed-a22d-0cbafbf136b6,0.8921550746278675
166f0dc0-c485-4452-b4e3-2a5225eb18e8,130a613c-c7f0-407c-ac15-47548ccea2b7,0.5883506859805783
166f0dc0-c485-4452-b4e3-2a5225eb18e8,130a6522-4af1-4210-bfa3-79412a4f9612,0.8617361697997665
166f0dc0-c485-4452-b4e3-2a5225eb18e8,130c1771-6ce6-48ed-a15f-a7afa7e11f41,0.601213912570653
166f0dc0-c485-4452-b4e3-2a5225eb18e8,130c9266-6fe9-40c1-9461-6e9d1bb84095,0.8114771249922135
166f0dc0-c485-4452-b4e3-2a5225eb18e8,130cbe44-d223-4b4f-a8e2-6df48b4b64f0,0.8757041689686934
166f0dc0-c485-4452-b4e3-2a5225eb18e8,130d4992-4553-4fda-9007-db72fb0ea7df,0.928572081988141
166f0dc0-c485-4452-b4e3-2a5225eb18e8,130e5c1a-ccde-4fb1-8f47-7815b7e60009,0.3899295771421998
166f0dc0-c485-4452-b4e3-2a5225eb18e8,130edd0d-9de0-44a5-bf61-a4c64a7563bd,0.822593658848351
166f0dc0-c485-4452-b4e3-2a5225eb18e8,130f04c0-3dbb-407f-b5a7-d23f92111107,0.8966001458773969
166f0dc0-c485-4452-b4e3-2a5225eb18e8,130f4510-48e9-48ec-9e4d-9438965d4ba3,0.6950707772791187
166f0dc0-c485-4452-b4e3-2a5225eb18e8,13101dfd-93d0-4b13-a63a-741154e985bb,0.8771804972346574
166f0dc0-c485-4452-b4e3-2a5225eb18e8,131050ea-3b4f-48e6-883b-4f31af1546e5,0.6254724364131882
166f0dc0-c485-4452-b4e3-2a5225eb18e8,131111f3-03b0-4b46-b248-7cc1d15b474f,0.5736190957746825
166f0dc0-c485-4452-b4e3-2a5225eb18e8,1311967f-62ea-4b50-9362-d4cc7fc9a0e3,0.7317986676474751
166f0dc0-c485-4452-b4e3-2a5225eb18e8,13124892-16c8-458d-8c31-85e9a208aa76,0.7204331081575137
166f0dc0-c485-4452-b4e3-2a5225eb18e8,13132c8c-6335-4fe0-92b3-21b5dca116ab,0.9020411253220916
166f0dc0-c485-4452-b4e3-2a5225eb18e8,1314aafa-408f-4621-81de-5ac63f67bdc1,0.9769138976667152
166f0dc0-c485-4452-b4e3-2a5225eb18e8,1315117a-e003-4b37-9e69-f96f2d85baeb,0.7851646733549178
166f0dc0-c485-4452-b4e3-2a5225eb18e8,131655c2-ccee-459a-a31c-5c6a67189e9d,0.9544464465799196
166f0dc0-c485-4452-b4e3-2a5225eb18e8,1317e17e-1d6c-49d1-932c-38682471167d,0.7231682085389339
166f0dc0-c485-4452-b4e3-2a5225eb18e8,1318982e-02c1-4c79-b47b-d94b0c130197,0.9175891802828354
166f0dc0-c485-4452-b4e3-2a5225eb18e8,1319f517-3734-4f7b-bd0d-9a1edee9cbbf,0.8201314471976218
166f0dc0-c485-4452-b4e3-2a5225eb18e8,131d8621-7880-427a-b782-a9d1eb0d0a98,0.8354241894294353
166f0dc0-c485-4452-b4e3-2a5225eb18e8,131da1e9-e9ea-4cbb-b7f2-f85d7729a20c,0.6627080207219213
166f0dc0-c485-4452-b4e3-2a5225eb18e8,131df061-6e78-4a5b-b569-b30f1c9e3332,0.8303285117783531
166f0dc0-c485-4452-b4e3-2a5225eb18e8,131f1224-e634-4c9f-b736-d00ff3d4d439,0.7776049632615414
166f0dc0-c485-4452-b4e3-2a5225eb18e8,131f754b-a9c8-4614-9c3e-af93ba19c3b7,0.3936439467379337
166f0dc0-c485-4452-b4e3-2a5225eb18e8,1321cf79-4a0a-458b-bce9-f7be135e0e95,0.9024804822599776
166f0dc0-c485-4452-b4e3-2a5225eb18e8,13226969-a1c2-44f6-84b0-aea7938d03eb,0.916055173195445
166f0dc0-c485-4452-b4e3-2a5225eb18e8,1323755e-7c8c-414e-a532-f9e4815fcbdb,0.3754846777401003
166f0dc0-c485-4452-b4e3-2a5225eb18e8,1323d4d9-da36-4eb4-86bc-683b526e43ce,0.9368507148643797
166f0dc0-c485-4452-b4e3-2a5225eb18e8,1324b882-b93c-4e9d-a429-962810a85dec,0.708920935388338
166f0dc0-c485-4452-b4e3-2a5225eb18e8,1325308d-b14d-46ca-b7a4-575690eb0cff,0.8619252120663506
166f0dc0-c485-4452-b4e3-2a5225eb18e8,1327c829-c8c1-44a3-9da2-c3dbbb541919,0.7900201699206278
166f0dc0-c485-4452-b4e3-2a5225eb18e8,13292bbf-0d4e-4d3b-ba14-e00a43205a61,0.890692390099047
166f0dc0-c485-4452-b4e3-2a5225eb18e8,132bdb0c-5f2d-4579-94fb-e029fa1a0593,0.855212591907874
166f0dc0-c485-4452-b4e3-2a5225eb18e8,132cb007-080f-4c59-ba9b-d434c22fc3a9,0.7086422484914142
166f0dc0-c485-4452-b4e3-2a5225eb18e8,132f28f3-730b-4e2f-afaf-e76d319220d3,0.4421469640485259
166f0dc0-c485-4452-b4e3-2a5225eb18e8,132f54b6-9f32-4640-a429-2fa9cbe206b1,0.8056568233072192
166f0dc0-c485-4452-b4e3-2a5225eb18e8,132f5792-d1ff-425b-b2ad-3c24f728dfdf,0.7756883821486391
166f0dc0-c485-4452-b4e3-2a5225eb18e8,13306363-6ebf-4992-b479-0b3e55fa5ad9,0.7932364930977402
166f0dc0-c485-4452-b4e3-2a5225eb18e8,1331607f-7eab-4761-acd6-371b442014da,0.8898217071347331
166f0dc0-c485-4452-b4e3-2a5225eb18e8,13342d2b-bc47-4f13-9b68-1fa8e824f11a,0.9102400419195824
166f0dc0-c485-4452-b4e3-2a5225eb18e8,1334a27a-0649-433f-8643-de2685c78c40,0.9023732181783268
166f0dc0-c485-4452-b4e3-2a5225eb18e8,1337255a-0abb-4a65-a69f-821b53f43b33,0.8889622834750557
166f0dc0-c485-4452-b4e3-2a5225eb18e8,1338e2ae-4884-4967-a536-f208b8aa279c,0.9520380225859392
166f0dc0-c485-4452-b4e3-2a5225eb18e8,1339b015-56d1-4f4e-b051-6f114064078a,0.844545242960206
166f0dc0-c485-4452-b4e3-2a5225eb18e8,133a5fef-0208-44b5-a101-20d3f904b9cc,0.9706443615940396
166f0dc0-c485-4452-b4e3-2a5225eb18e8,133a9bc1-e6fb-4488-baef-36d1e42e747b,0.8736428290804963
166f0dc0-c485-4452-b4e3-2a5225eb18e8,133b46cf-bd56-4a38-991d-1ba1ea4ad9de,0.8574446119267027
166f0dc0-c485-4452-b4e3-2a5225eb18e8,133c3e43-df85-44b5-ac05-d0cb16bbbde3,0.8247439627434541
166f0dc0-c485-4452-b4e3-2a5225eb18e8,133cdb26-48f6-4eb1-bdb7-80758810f71e,0.9079943816104996
166f0dc0-c485-4452-b4e3-2a5225eb18e8,133fdea7-cb97-4cdb-badb-3ae056a91442,0.7922331080127767
166f0dc0-c485-4452-b4e3-2a5225eb18e8,1340ae93-ca9a-432a-894b-07f3fa8b0b62,0.932797414482594
166f0dc0-c485-4452-b4e3-2a5225eb18e8,13413b3a-ef12-45f6-932b-bafea50580dc,0.9254119284156151
166f0dc0-c485-4452-b4e3-2a5225eb18e8,1341e5c8-f16b-448f-8263-d4efc364153b,0.5236820932184842
166f0dc0-c485-4452-b4e3-2a5225eb18e8,1342c711-458b-4549-9ab7-a6b3ef895010,0.7168817769106451
166f0dc0-c485-4452-b4e3-2a5225eb18e8,13456227-7034-431e-978e-819a1242865d,0.7626526310615418
166f0dc0-c485-4452-b4e3-2a5225eb18e8,13461487-396c-4d6b-9936-b2e1ad60c42f,0.975129259355602
166f0dc0-c485-4452-b4e3-2a5225eb18e8,134943d9-f6e3-4377-a401-0e3277e04d7a,0.8639413744670682
166f0dc0-c485-4452-b4e3-2a5225eb18e8,1349b5ae-e641-4a32-8da2-90d18f31277e,0.609273115149445
166f0dc0-c485-4452-b4e3-2a5225eb18e8,134a5db8-6504-491f-ae17-b9a0f9c3e019,0.7029164313306394
166f0dc0-c485-4452-b4e3-2a5225eb18e8,134b9d8f-67d1-47eb-9510-dac3ec3950d5,0.6954854146269958
166f0dc0-c485-4452-b4e3-2a5225eb18e8,134d20f6-a5aa-4123-b629-41de9d18b6bf,0.9587044551573236
166f0dc0-c485-4452-b4e3-2a5225eb18e8,134e270a-2124-4a6e-bf49-084a989f47fb,0.7484274508888981
166f0dc0-c485-4452-b4e3-2a5225eb18e8,134e38fc-9f11-4fd3-8a60-81f88f6b6c4a,0.4606976678714516
166f0dc0-c485-4452-b4e3-2a5225eb18e8,134ebf8b-ccc2-4911-9c73-4d7e7ada6983,0.7863829677132704
166f0dc0-c485-4452-b4e3-2a5225eb18e8,134f220c-93cd-4125-acff-d3fe6044f411,0.7704319106974811
166f0dc0-c485-4452-b4e3-2a5225eb18e8,1350c7b8-d64e-4c6d-8cce-0f72590f109b,0.9270939830340186
166f0dc0-c485-4452-b4e3-2a5225eb18e8,1351f399-5e22-4259-8a36-54db17ca37b9,0.8595338304008727
166f0dc0-c485-4452-b4e3-2a5225eb18e8,135298f0-c032-46ce-ad86-52be38a31fd3,0.8781215141947774
166f0dc0-c485-4452-b4e3-2a5225eb18e8,13533b8f-8cdb-4edf-9619-5a8ecb3b9ed6,0.8268030573355578
166f0dc0-c485-4452-b4e3-2a5225eb18e8,1353edd0-209f-4de1-9db3-c8d65e992f36,0.9066399976899812
166f0dc0-c485-4452-b4e3-2a5225eb18e8,13545c55-3619-4c4c-8e7a-bf103f450aae,0.181416320474852
166f0dc0-c485-4452-b4e3-2a5225eb18e8,13556a69-d4b7-41f4-9f78-70cff89a6305,0.9845314353916036
166f0dc0-c485-4452-b4e3-2a5225eb18e8,1355cd0c-8905-4918-ac0b-171a75c6e66b,0.923153558437284
166f0dc0-c485-4452-b4e3-2a5225eb18e8,1356a62e-a6e0-45a5-8972-615b88ae9ebd,0.7003970628891325
166f0dc0-c485-4452-b4e3-2a5225eb18e8,1357763a-f0dc-4734-b7f4-2d727e0ef4b2,0.0258858201263625
166f0dc0-c485-4452-b4e3-2a5225eb18e8,1357da8c-5e32-4d6b-b7e7-f0fdc52aacc5,0.712297333333526
166f0dc0-c485-4452-b4e3-2a5225eb18e8,1359569f-96c1-4d4a-ac30-f5195ee83255,0.7900082403398812
166f0dc0-c485-4452-b4e3-2a5225eb18e8,135a65eb-5ad6-46f3-be3e-e41fb4036c06,0.9596808214046212
166f0dc0-c485-4452-b4e3-2a5225eb18e8,135adfed-c4b5-45e7-a48a-d58c915d0f99,0.5661865533859229
166f0dc0-c485-4452-b4e3-2a5225eb18e8,135ce619-118a-4d11-a5fa-7e062e43fc9b,0.4127683662685814
166f0dc0-c485-4452-b4e3-2a5225eb18e8,135d35d5-4963-4b48-a5c6-1aeac88bf0d1,0.5784397624360375
166f0dc0-c485-4452-b4e3-2a5225eb18e8,135d8781-d9eb-4205-ae6b-527db5ba59d8,0.5539317570655031
166f0dc0-c485-4452-b4e3-2a5225eb18e8,135f8acd-28a6-4373-89ee-a75dc842ad31,0.8845308286321827
166f0dc0-c485-4452-b4e3-2a5225eb18e8,135fb38e-505c-4742-9c6f-5b90f45d67a3,0.8650932714789844
166f0dc0-c485-4452-b4e3-2a5225eb18e8,13616814-2fbd-4f7b-b37b-5fc90acf8df4,0.9704646747187172
166f0dc0-c485-4452-b4e3-2a5225eb18e8,13617054-5a98-450c-a288-fa741a8578de,0.5954448416953846
166f0dc0-c485-4452-b4e3-2a5225eb18e8,13621322-929e-4534-b83a-61a78098b22d,0.589617909718231
166f0dc0-c485-4452-b4e3-2a5225eb18e8,1366b0f9-64f8-4bb2-9825-a478f020398c,0.7591033334475149
166f0dc0-c485-4452-b4e3-2a5225eb18e8,1367987f-164c-4b8b-a03a-87e7b8003191,0.8215928501085926
166f0dc0-c485-4452-b4e3-2a5225eb18e8,13688456-f513-4857-8b18-27eae7245dec,0.956490587263268
166f0dc0-c485-4452-b4e3-2a5225eb18e8,136a323b-499a-4787-b112-d8d3dd8f10a5,0.558768112208159
166f0dc0-c485-4452-b4e3-2a5225eb18e8,136aa9c9-9d69-42e1-8e2a-99027ac77335,0.8436232857126916
166f0dc0-c485-4452-b4e3-2a5225eb18e8,136aaf0a-c474-410d-a374-15156bde4886,0.8139939013025099
166f0dc0-c485-4452-b4e3-2a5225eb18e8,136b4080-0c88-4dc9-bf28-cc8ef4197b12,0.8362672423018909
166f0dc0-c485-4452-b4e3-2a5225eb18e8,136bdf74-0e69-4412-a8fa-ec783d7ededf,0.8808056227157608
166f0dc0-c485-4452-b4e3-2a5225eb18e8,136c32fb-4037-4ae6-a199-cc33eb174e96,0.2624325714207534
166f0dc0-c485-4452-b4e3-2a5225eb18e8,136d620a-acbe-44a0-a7d1-62f597f7d239,0.7072925246112128
166f0dc0-c485-4452-b4e3-2a5225eb18e8,13702432-b6d3-47f9-bb27-b4783ee948b6,0.8497115784710143
166f0dc0-c485-4452-b4e3-2a5225eb18e8,1370c313-83a0-4fa2-87dc-cfbc67c4e507,0.8733171570270393
166f0dc0-c485-4452-b4e3-2a5225eb18e8,13724088-9be4-4e2e-b2e4-dfa2cffba6ce,0.9269183924573584
166f0dc0-c485-4452-b4e3-2a5225eb18e8,13725e56-77a9-48af-94c5-f0f4ab3358b1,0.7311362712331698
166f0dc0-c485-4452-b4e3-2a5225eb18e8,13729d16-7f6b-4e39-9415-b8c9d9dd6c3f,0.7418332236503794
166f0dc0-c485-4452-b4e3-2a5225eb18e8,1374ebc9-3c33-430f-b7c5-d80163e47eba,0.7665718540503964
166f0dc0-c485-4452-b4e3-2a5225eb18e8,13752b7c-8f06-46b6-9127-229b3fdf41d1,0.8243479223164233
166f0dc0-c485-4452-b4e3-2a5225eb18e8,1375ccd5-4d0d-4414-b480-0705e164befa,0.7596429930609407
166f0dc0-c485-4452-b4e3-2a5225eb18e8,13796a8e-c3f7-4d92-a261-f39ba1bb766b,0.9490040824011444
166f0dc0-c485-4452-b4e3-2a5225eb18e8,1379b6ab-1d7b-47e4-97fc-d059017b708a,0.5799604653604641
166f0dc0-c485-4452-b4e3-2a5225eb18e8,137b9ab7-1ac9-4e26-8f67-8565b48f943a,0.9078347619758684
166f0dc0-c485-4452-b4e3-2a5225eb18e8,137bd55e-9e67-4277-8208-b5c3475e8aca,0.8818996447036129
166f0dc0-c485-4452-b4e3-2a5225eb18e8,137c5857-6daf-4137-b6f6-b6d24eb2d87f,0.6291317920568703
166f0dc0-c485-4452-b4e3-2a5225eb18e8,137de57d-83cb-4f33-921c-e3ba65f9a6a1,0.7511597821272602
166f0dc0-c485-4452-b4e3-2a5225eb18e8,137e29a3-e193-4886-8dba-c2694b392950,0.8878892328356989
166f0dc0-c485-4452-b4e3-2a5225eb18e8,13812e6b-0163-43de-a6ac-f7f58c063257,0.8752791825298574
166f0dc0-c485-4452-b4e3-2a5225eb18e8,1381a61e-a697-4360-9916-07fa26015d76,0.6202356290488982
166f0dc0-c485-4452-b4e3-2a5225eb18e8,1381c625-9353-4a99-abda-6774d14b7f06,0.8803069110222704
166f0dc0-c485-4452-b4e3-2a5225eb18e8,13824bcb-6134-4b2c-8179-92882cafd60f,0.9553737795924618
166f0dc0-c485-4452-b4e3-2a5225eb18e8,138539ab-a9c2-4fc1-8bd7-daa69a11255f,0.794145184551859
166f0dc0-c485-4452-b4e3-2a5225eb18e8,13870d67-87ea-4022-8baa-505d63b72786,0.7508580415860555
166f0dc0-c485-4452-b4e3-2a5225eb18e8,13872d9b-0a1e-4d2f-ab44-363bca356068,0.840030816266689
166f0dc0-c485-4452-b4e3-2a5225eb18e8,13891363-f155-4b08-b4c3-4ca1a64e071a,0.8703277464939221
166f0dc0-c485-4452-b4e3-2a5225eb18e8,13895ccb-824b-409f-8e4d-64f74a08f5e8,0.5209034615578478
166f0dc0-c485-4452-b4e3-2a5225eb18e8,1389dbcc-53b2-4dab-af52-a907fe4c1f70,0.7510822583852845
166f0dc0-c485-4452-b4e3-2a5225eb18e8,138a3adc-07f6-49a6-acf9-75f31c833c0b,0.6072609440526568
166f0dc0-c485-4452-b4e3-2a5225eb18e8,138bf8ab-37db-4ae4-9fcc-20fe7a6c2e31,0.4293993621891193
166f0dc0-c485-4452-b4e3-2a5225eb18e8,138cb4e0-b2ac-4eb5-be18-61574592d352,0.3575721013333718
166f0dc0-c485-4452-b4e3-2a5225eb18e8,138cf99c-7ef6-43b9-ad32-0b8e9c56b48c,0.957131102136016
166f0dc0-c485-4452-b4e3-2a5225eb18e8,138d2d8b-6c6c-4b3e-9654-68dc421fb328,0.2582458584896721
166f0dc0-c485-4452-b4e3-2a5225eb18e8,138d72b1-2786-4869-93de-59ae04453a56,0.8135776592830567
166f0dc0-c485-4452-b4e3-2a5225eb18e8,138d8531-703e-4ca4-a2e3-e0f27709dd2c,0.9663007436326309
166f0dc0-c485-4452-b4e3-2a5225eb18e8,138f4d0b-5e08-4095-9e6e-2bc2fd5afad4,0.584489240509883
166f0dc0-c485-4452-b4e3-2a5225eb18e8,13902431-862a-44ef-9306-63c01765ab50,0.96585523293711
166f0dc0-c485-4452-b4e3-2a5225eb18e8,1391c54e-1739-49eb-bdf6-39a821c20630,0.8315430402750175
166f0dc0-c485-4452-b4e3-2a5225eb18e8,1391e83a-9581-4a24-8752-73b3cea63900,0.768732516401547
166f0dc0-c485-4452-b4e3-2a5225eb18e8,1392fb73-cc5c-4f10-92fd-207bb95c1346,0.9384101840829324
166f0dc0-c485-4452-b4e3-2a5225eb18e8,1392fedf-a128-4d90-910e-754f7b70a70d,0.8766805978723728
166f0dc0-c485-4452-b4e3-2a5225eb18e8,1394003e-5cd9-4033-925e-e72a5054d5c2,0.9796490837190714
166f0dc0-c485-4452-b4e3-2a5225eb18e8,13949377-510c-4179-9dbd-1159fcf64c4f,0.2109142286692463
166f0dc0-c485-4452-b4e3-2a5225eb18e8,1395effc-38b9-42c8-8a87-db7b413d69ec,0.8591329784133321
166f0dc0-c485-4452-b4e3-2a5225eb18e8,13978047-5ff6-4234-a616-6f7331912e58,0.7805754140229528
166f0dc0-c485-4452-b4e3-2a5225eb18e8,1397e71d-23d0-4359-a3d1-abf6d07906d0,0.7675189362727599
166f0dc0-c485-4452-b4e3-2a5225eb18e8,1398217e-1b45-4d2f-8378-8dcf5907f17f,0.8523033312929685
166f0dc0-c485-4452-b4e3-2a5225eb18e8,13988dc5-329d-4092-bb49-eab214db078c,0.9558056945299698
166f0dc0-c485-4452-b4e3-2a5225eb18e8,139a3d8e-6b7d-47f7-93da-ff424e62397e,0.8511014354734918
166f0dc0-c485-4452-b4e3-2a5225eb18e8,139ac373-2790-4664-90af-341f10e0db5b,0.8164194838659347
166f0dc0-c485-4452-b4e3-2a5225eb18e8,139e2e28-ccc1-45ee-b080-52e2e1e7ea8e,0.7513214092933148
166f0dc0-c485-4452-b4e3-2a5225eb18e8,13a3add3-f956-4275-a1d6-79acfbc331ba,0.7420730186710807
166f0dc0-c485-4452-b4e3-2a5225eb18e8,13a3ce93-555b-44a6-89e1-a439b1503463,0.6711617220283829
166f0dc0-c485-4452-b4e3-2a5225eb18e8,13a519c6-f433-456c-bcbd-9213aaa9e2fb,0.6426440438114609
166f0dc0-c485-4452-b4e3-2a5225eb18e8,13a6a7cf-e7b4-406e-a75e-7789c574f8fb,0.6791219226346367
166f0dc0-c485-4452-b4e3-2a5225eb18e8,13a743c4-96c2-469a-b5d6-b9d54c067faa,0.8621576964681841
166f0dc0-c485-4452-b4e3-2a5225eb18e8,13a7b649-058a-4b08-80c4-0e0483308ce6,0.8444869065557358
166f0dc0-c485-4452-b4e3-2a5225eb18e8,13a90bbe-712a-4d57-9b18-03a9e7e62390,0.4852546551310888
166f0dc0-c485-4452-b4e3-2a5225eb18e8,13a955f7-24a2-444b-a3f8-f0112462133e,0.9579442629280616
166f0dc0-c485-4452-b4e3-2a5225eb18e8,13afeba0-42e5-48de-86e6-044e2a6152aa,0.9004635933270266
166f0dc0-c485-4452-b4e3-2a5225eb18e8,13b015b5-0687-4a6c-aea2-fd30613db966,0.5259404483708855
166f0dc0-c485-4452-b4e3-2a5225eb18e8,13b2ab30-dd25-45d1-901f-9788fb71b234,0.954189592074382
166f0dc0-c485-4452-b4e3-2a5225eb18e8,13b2d945-7ab4-4d5a-98de-0d2359ed4510,0.6940756105749118
166f0dc0-c485-4452-b4e3-2a5225eb18e8,13b33c97-6cd9-46ba-9170-40b9ad96f01e,0.8638650382947849
166f0dc0-c485-4452-b4e3-2a5225eb18e8,13b41543-03e2-4061-9977-a09b65b65b3f,0.9460961643272398
166f0dc0-c485-4452-b4e3-2a5225eb18e8,13b49d9c-e241-4eb6-a657-b829f28f6ab3,0.7198343687787417
166f0dc0-c485-4452-b4e3-2a5225eb18e8,13b52cb0-6f38-4447-b1ab-dbc6ea29660b,0.7834790208974765
166f0dc0-c485-4452-b4e3-2a5225eb18e8,13b6079a-35c6-4574-af33-aac4903d23bc,0.58790321054853
166f0dc0-c485-4452-b4e3-2a5225eb18e8,13b71166-4b15-49e2-ad06-b807ab56726e,0.9682548562421144
166f0dc0-c485-4452-b4e3-2a5225eb18e8,13b87027-c096-4120-8561-335f522ce5e6,0.6282081766770293
166f0dc0-c485-4452-b4e3-2a5225eb18e8,13ba1abf-8847-4d27-bf68-85fbd858e075,0.8451590718446342
166f0dc0-c485-4452-b4e3-2a5225eb18e8,13ba653d-6257-43bd-97a2-a4df608ea06a,0.9030043982793808
166f0dc0-c485-4452-b4e3-2a5225eb18e8,13ba7c49-8af4-4b27-9d4a-fd2e4a2d18b4,0.8944545529969983
166f0dc0-c485-4452-b4e3-2a5225eb18e8,13bb595c-6251-4a9d-bf59-2c0a00b3d3e6,0.9768578430240736
166f0dc0-c485-4452-b4e3-2a5225eb18e8,13be8c7f-7523-4def-acd7-708314994227,0.953137079744922
166f0dc0-c485-4452-b4e3-2a5225eb18e8,13bf95a7-a9d5-4abc-a928-e8a12d500138,0.7226743566131342
166f0dc0-c485-4452-b4e3-2a5225eb18e8,13bf98ad-86a0-4e9d-a691-eeb12796fcaf,0.7518284175506761
166f0dc0-c485-4452-b4e3-2a5225eb18e8,13c0a819-2055-42db-ba0f-b8218ec59e63,0.8151420228394675
166f0dc0-c485-4452-b4e3-2a5225eb18e8,13c0f3b0-ba85-4222-99bd-665f52f81b7c,0.6229757086003018
166f0dc0-c485-4452-b4e3-2a5225eb18e8,13c1dcab-3f61-4853-b1c4-ef56ab65602e,0.8115985526754075
166f0dc0-c485-4452-b4e3-2a5225eb18e8,13c1e845-775c-4451-b883-be1cca858f18,0.8338482632260381
166f0dc0-c485-4452-b4e3-2a5225eb18e8,13c25014-04c3-421e-b2a5-53dc11c48cc5,0.9464592638304292
166f0dc0-c485-4452-b4e3-2a5225eb18e8,13c398ab-4229-4b25-9ad5-a6a434937a69,0.5234653390066888
166f0dc0-c485-4452-b4e3-2a5225eb18e8,13c635e7-57a8-4822-9a55-de2d8b9d1c75,0.6135223283872506
166f0dc0-c485-4452-b4e3-2a5225eb18e8,13c8414a-a885-4578-be15-666465c94e3c,0.9073481261478475
166f0dc0-c485-4452-b4e3-2a5225eb18e8,13c869b2-0ad6-4a54-b3bb-a00f82d40a7b,0.4750609143667099
166f0dc0-c485-4452-b4e3-2a5225eb18e8,13cae3c7-de87-4afb-ac17-ae7948b24e4e,0.9457449541274304
166f0dc0-c485-4452-b4e3-2a5225eb18e8,13cafa7f-4cc5-4bbe-ad5f-55d61d6cc664,0.6350420182515827
166f0dc0-c485-4452-b4e3-2a5225eb18e8,13cb8463-2643-492e-ba61-b551085bf1e3,0.841367733094617
166f0dc0-c485-4452-b4e3-2a5225eb18e8,13cc5fa4-e398-4bde-9109-6d701c211e97,0.8966615490958336
166f0dc0-c485-4452-b4e3-2a5225eb18e8,13cc8382-1d2a-47f3-992f-a121c75cb93a,0.8947741904841648
166f0dc0-c485-4452-b4e3-2a5225eb18e8,13ccc8ad-2475-402a-9eae-24734ea41f2c,0.3256136730788592
166f0dc0-c485-4452-b4e3-2a5225eb18e8,13ccf20e-084a-49ae-b457-859555d21bcf,0.8333445002232203
166f0dc0-c485-4452-b4e3-2a5225eb18e8,13cd027d-86c3-4d05-8165-648708c9bcb5,0.8685162370899303
166f0dc0-c485-4452-b4e3-2a5225eb18e8,13cd2c3a-507d-491e-836d-3d7682d12668,0.8811294690578156
166f0dc0-c485-4452-b4e3-2a5225eb18e8,13cf5cb7-e99f-4c76-9b4a-60de491cf816,0.3489239557043393
166f0dc0-c485-4452-b4e3-2a5225eb18e8,13d24598-b597-4766-a052-a1eae667aa8e,0.6341992449300929
166f0dc0-c485-4452-b4e3-2a5225eb18e8,13d28506-289c-4e75-9169-4dc3b4b08028,0.9819609731935386
166f0dc0-c485-4452-b4e3-2a5225eb18e8,13d32a47-8e31-4592-8655-3860b233d4fb,0.543000219615039
166f0dc0-c485-4452-b4e3-2a5225eb18e8,13d3301b-3c14-48bd-a35e-ff6d113a96f3,0.9386807247761156
166f0dc0-c485-4452-b4e3-2a5225eb18e8,13d37775-c657-4ebe-a9bd-cf08797369ab,0.2790823723695582
166f0dc0-c485-4452-b4e3-2a5225eb18e8,13d37b66-f2b5-46aa-9827-0a2a21186419,0.2694132687869466
166f0dc0-c485-4452-b4e3-2a5225eb18e8,13d3c7e4-1564-4cab-9465-c78d6b2d0437,0.885064870258366
166f0dc0-c485-4452-b4e3-2a5225eb18e8,13d3c8e0-d9b8-4248-9b72-ab3e049c763c,0.9507985754806748
166f0dc0-c485-4452-b4e3-2a5225eb18e8,13d5415b-93e3-47b4-9043-4b1563eeab7d,0.7331834678838757
166f0dc0-c485-4452-b4e3-2a5225eb18e8,13d74128-6608-45a7-b725-1475d1c26f9b,0.9490929356634816
166f0dc0-c485-4452-b4e3-2a5225eb18e8,13d7d29b-b200-4dd0-9499-daa16cda5459,0.7922245389412015
166f0dc0-c485-4452-b4e3-2a5225eb18e8,13d8276a-c71c-4f56-a052-2d8ae55ec5a6,0.8725712957968181
166f0dc0-c485-4452-b4e3-2a5225eb18e8,13d84586-9a63-4d84-a2a0-ecaa71b4ee18,0.8152237976307847
166f0dc0-c485-4452-b4e3-2a5225eb18e8,13d97a5e-7fd2-4976-b3f0-b0901f6d149a,0.9419480808636278
166f0dc0-c485-4452-b4e3-2a5225eb18e8,13d9d162-29a2-4741-b930-ff4fadd49b2a,0.5820021999916225
166f0dc0-c485-4452-b4e3-2a5225eb18e8,13dce4ea-532a-476a-b107-077dc6ca4148,0.8543558591720568
166f0dc0-c485-4452-b4e3-2a5225eb18e8,13dd3410-c1b4-4458-abab-125e30f1a601,0.7503882087637399
166f0dc0-c485-4452-b4e3-2a5225eb18e8,13dd6014-a9f1-4848-b5be-338f45dd64d2,0.7894431412288955
166f0dc0-c485-4452-b4e3-2a5225eb18e8,13df06fc-7cee-4f3d-8064-e787ee937e5d,0.8040607300031626
166f0dc0-c485-4452-b4e3-2a5225eb18e8,13df532d-6079-4086-9c0a-523b6170ac2a,0.0637842014352787
166f0dc0-c485-4452-b4e3-2a5225eb18e8,13dfdeae-6155-4f65-ade3-01ccd6df5169,0.5427254588912434
166f0dc0-c485-4452-b4e3-2a5225eb18e8,13e0fbb1-2a84-4881-a2ed-4c3a44ddc91a,0.958093726431234
166f0dc0-c485-4452-b4e3-2a5225eb18e8,13e30a11-ec5a-4e3d-ab7d-454c5ae1806a,0.3403044928664657
166f0dc0-c485-4452-b4e3-2a5225eb18e8,13e35b13-4ffd-4f29-8322-e392b9581613,0.7840050847496369
166f0dc0-c485-4452-b4e3-2a5225eb18e8,13e4390b-e7ee-4792-8deb-ec4990e8f36d,0.4579698750655429
166f0dc0-c485-4452-b4e3-2a5225eb18e8,13e5a4d5-09df-4b28-bdea-674f0bb3b7ff,0.8133203413911155
166f0dc0-c485-4452-b4e3-2a5225eb18e8,13e66b89-3421-4d99-a533-7efc8a79c020,0.8759023816445893
166f0dc0-c485-4452-b4e3-2a5225eb18e8,13e69e09-b093-4983-b115-4fde8f4ba396,0.7912808297688687
166f0dc0-c485-4452-b4e3-2a5225eb18e8,13e6bf13-eb09-4726-91f7-92a1c42157ca,0.9012698947072324
166f0dc0-c485-4452-b4e3-2a5225eb18e8,13e6ecf1-950a-4abf-a6af-1ce972ee066f,0.3700670479676221
166f0dc0-c485-4452-b4e3-2a5225eb18e8,13e756f3-94de-4a42-92d6-670b0122eccc,0.8120156014019682
166f0dc0-c485-4452-b4e3-2a5225eb18e8,13e8feee-b96b-4c36-a266-a91bce36c072,0.7570738204949453
166f0dc0-c485-4452-b4e3-2a5225eb18e8,13ea27c7-215b-4573-a439-70a9a68a1f0f,0.9811621150008504
166f0dc0-c485-4452-b4e3-2a5225eb18e8,13eb15ee-19a3-49d2-a539-11697c19d835,0.8978266734401383
166f0dc0-c485-4452-b4e3-2a5225eb18e8,13eb9396-05d7-4924-adc2-2abfdd1721f7,0.975471580322979
166f0dc0-c485-4452-b4e3-2a5225eb18e8,13eda2bf-5128-4fe3-97a7-ac2de08b26a3,0.9315807767452484
166f0dc0-c485-4452-b4e3-2a5225eb18e8,13eda8d4-cc6c-4cc5-a0fe-f8b7787399b2,0.7523340094344121
166f0dc0-c485-4452-b4e3-2a5225eb18e8,13ef2bbd-d2d5-4320-8955-fb79ea51bca0,0.8361350826082324
166f0dc0-c485-4452-b4e3-2a5225eb18e8,13efaed3-a468-4f43-982b-0c4d75df2849,0.8915020948631073
166f0dc0-c485-4452-b4e3-2a5225eb18e8,13f0b4f1-8c8a-40da-83a2-5fdd5b4ec064,0.7868536072045579
166f0dc0-c485-4452-b4e3-2a5225eb18e8,13f2c297-53cf-460b-9857-aae656dd68bf,0.8800378361585619
166f0dc0-c485-4452-b4e3-2a5225eb18e8,13f3bc2d-d391-43ab-b477-c712741450ae,0.9661759714389806
166f0dc0-c485-4452-b4e3-2a5225eb18e8,13f5905a-2b22-40cd-89e9-8abf75cc84c0,0.9278781080317632
166f0dc0-c485-4452-b4e3-2a5225eb18e8,13f6137c-4e93-4232-95bc-2a15639afd35,0.9508581433866335
166f0dc0-c485-4452-b4e3-2a5225eb18e8,13f69140-3513-4b44-b946-a73714884943,0.8716841771704422
166f0dc0-c485-4452-b4e3-2a5225eb18e8,13f73ce3-8e0f-4120-83a7-6f1b4d83faee,0.1801892369952765
166f0dc0-c485-4452-b4e3-2a5225eb18e8,13f73d0b-f7de-4eeb-858e-ea35df1b9b2a,0.7642227179149343
166f0dc0-c485-4452-b4e3-2a5225eb18e8,13f7f9ed-4f45-4be1-aef5-27a17c20dc87,0.9278670234080146
166f0dc0-c485-4452-b4e3-2a5225eb18e8,13f93928-b516-47ea-922d-cc077230b487,0.2694587773322124
166f0dc0-c485-4452-b4e3-2a5225eb18e8,13f98af9-0441-41c7-991c-021eaf548b1e,0.7452326876088115
166f0dc0-c485-4452-b4e3-2a5225eb18e8,13fa8875-1c1f-41c3-bbc8-2464c3564d62,0.7550438834576647
166f0dc0-c485-4452-b4e3-2a5225eb18e8,13fb2375-836d-44f9-9558-cedd8715527c,0.4262564692964332
166f0dc0-c485-4452-b4e3-2a5225eb18e8,13fb66ec-a4ff-47f6-a648-41a8fee5f22c,0.5590641308888865
166f0dc0-c485-4452-b4e3-2a5225eb18e8,1400f56b-9a28-490b-a19d-acba7498cbe3,0.7799972629899776
166f0dc0-c485-4452-b4e3-2a5225eb18e8,14015c64-461c-44d5-b8f7-c99a8aadead6,0.9730130672215902
166f0dc0-c485-4452-b4e3-2a5225eb18e8,14021318-f564-4e7e-8be2-df7a728e2d91,0.8798324326057453
166f0dc0-c485-4452-b4e3-2a5225eb18e8,14029a34-eb57-4c81-b435-c396f7f8b7d5,0.9603610303824864
166f0dc0-c485-4452-b4e3-2a5225eb18e8,1406ffff-7f98-4333-abe2-2b4cdbbf6801,0.935141354891976
166f0dc0-c485-4452-b4e3-2a5225eb18e8,1407ab9d-61e3-436b-96a7-55e8acdabc5d,0.8212931815258868
166f0dc0-c485-4452-b4e3-2a5225eb18e8,1407c057-7654-4879-a234-c941b9d56cc5,0.918891255227418
166f0dc0-c485-4452-b4e3-2a5225eb18e8,14096095-0ab2-4b9c-be2f-e5d77a998424,0.6317090404777052
166f0dc0-c485-4452-b4e3-2a5225eb18e8,140bc61c-2a71-463a-b35e-95be4203f3ab,0.4885615744156121
166f0dc0-c485-4452-b4e3-2a5225eb18e8,140beb1e-e4d8-48d9-9332-02ade21b9722,0.7174938181734709
166f0dc0-c485-4452-b4e3-2a5225eb18e8,140c3fd9-3c98-4de5-95c7-8d7855879bec,0.7847770609674136
166f0dc0-c485-4452-b4e3-2a5225eb18e8,140c6f02-cbc0-402a-ada1-853e6de9f8be,0.7276722261455808
166f0dc0-c485-4452-b4e3-2a5225eb18e8,140e5185-6f17-4cd7-b710-5b7a04a24241,0.2613630655931624
166f0dc0-c485-4452-b4e3-2a5225eb18e8,14103fd5-0783-4ee8-bd46-db49a085ab99,0.9178035249404208
166f0dc0-c485-4452-b4e3-2a5225eb18e8,1411062d-0a48-42b6-8cfa-8a2dec8c5585,0.9381868074090596
166f0dc0-c485-4452-b4e3-2a5225eb18e8,1411062e-85da-4234-8ad8-1256d2e94161,0.8515971728133622
166f0dc0-c485-4452-b4e3-2a5225eb18e8,1412412f-3084-4571-81e6-6a78962d4ae3,0.9817842113228804
166f0dc0-c485-4452-b4e3-2a5225eb18e8,1412c3cd-0e00-4e5e-8fc6-9601b6e0f234,0.9484249643751068
166f0dc0-c485-4452-b4e3-2a5225eb18e8,1412f7a2-b73b-4b15-9f7f-5901e35b8e9a,0.7870946248331672
166f0dc0-c485-4452-b4e3-2a5225eb18e8,141341e8-105e-4873-a975-fa0a961c47d7,0.7244221311310776
166f0dc0-c485-4452-b4e3-2a5225eb18e8,1413e3c4-72dd-40b8-a413-3a0e0fdf6371,0.8975418705486864
166f0dc0-c485-4452-b4e3-2a5225eb18e8,1415403c-9032-4be0-948c-71b752a1dceb,0.8739895118918136
166f0dc0-c485-4452-b4e3-2a5225eb18e8,141560a7-ec7d-4109-8f42-8b1e0076cc91,0.4796460732035619
166f0dc0-c485-4452-b4e3-2a5225eb18e8,1415fc4f-276c-457f-85b9-f35f18915374,0.6414575293263218
166f0dc0-c485-4452-b4e3-2a5225eb18e8,1415fda3-3d5f-49c5-a50e-371de6c30ce0,0.8056701233784658
166f0dc0-c485-4452-b4e3-2a5225eb18e8,1418def6-f6a8-492b-b63c-b3b69c342f75,0.8876092575775004
166f0dc0-c485-4452-b4e3-2a5225eb18e8,14191831-ee58-4ee3-a08d-89dcb4db31bb,0.7032540969343452
166f0dc0-c485-4452-b4e3-2a5225eb18e8,141b17a4-9393-4910-a801-718cbef74a49,0.6361157326648559
166f0dc0-c485-4452-b4e3-2a5225eb18e8,141c4dd5-c94a-48ba-93a9-dd7c86817527,0.8861438307562
166f0dc0-c485-4452-b4e3-2a5225eb18e8,141d1840-d2ba-404c-a5e9-8ec483e513b8,0.94081918606334
166f0dc0-c485-4452-b4e3-2a5225eb18e8,141e5623-700a-4eb2-9e65-b3e5ff41f70a,0.8777048773231371
166f0dc0-c485-4452-b4e3-2a5225eb18e8,141e773b-29e9-451c-bdf8-d08db0974795,0.9523258301273082
166f0dc0-c485-4452-b4e3-2a5225eb18e8,141f7d19-00f7-4390-9501-6f6e05888097,0.4491800057391424
166f0dc0-c485-4452-b4e3-2a5225eb18e8,141fbe6b-e981-48b7-a372-211ce2e57641,0.6487867210683763
166f0dc0-c485-4452-b4e3-2a5225eb18e8,141ff68e-7c89-4ef2-8ae3-c0bee4408e38,0.8794448312720052
166f0dc0-c485-4452-b4e3-2a5225eb18e8,14201296-2364-4a21-b857-c544cbab346e,0.9349430415307748
166f0dc0-c485-4452-b4e3-2a5225eb18e8,1420b4fc-03ce-40c8-a7ad-5ab63697f17f,0.9049300158916498
166f0dc0-c485-4452-b4e3-2a5225eb18e8,1422a85f-674e-4a82-8061-297fefe2bba1,0.8076692010608942
166f0dc0-c485-4452-b4e3-2a5225eb18e8,1423b3b3-3a28-4d9d-8eb9-0d768acf8829,0.9000108721985304
166f0dc0-c485-4452-b4e3-2a5225eb18e8,1424062c-d91a-40fd-9d63-7f6fda508665,0.4268244401270744
166f0dc0-c485-4452-b4e3-2a5225eb18e8,142407ba-496c-4037-b45c-28e1e4844974,0.9654761102386648
166f0dc0-c485-4452-b4e3-2a5225eb18e8,14265755-7d77-4614-bd61-74860c566bb8,0.8943361632364113
166f0dc0-c485-4452-b4e3-2a5225eb18e8,14266167-2ef1-48d8-84aa-0f371b90fb0f,0.3022220361478029
166f0dc0-c485-4452-b4e3-2a5225eb18e8,14270a90-09e7-44b0-b081-a040df60bfaf,0.7210854855762728
166f0dc0-c485-4452-b4e3-2a5225eb18e8,142848c0-7fba-4bf4-9c1d-3f058b5eb611,0.9137853503940444
166f0dc0-c485-4452-b4e3-2a5225eb18e8,14287c23-cff5-4a9b-9040-d4bfcef84ccc,0.9416351881171972
166f0dc0-c485-4452-b4e3-2a5225eb18e8,142913db-a437-4209-ac7b-ccd554a047f8,0.7837403295318707
166f0dc0-c485-4452-b4e3-2a5225eb18e8,14291a78-0540-4087-ad19-58c8c9e8762f,0.9614369265506072
166f0dc0-c485-4452-b4e3-2a5225eb18e8,14293336-fc98-4421-8a3a-f21d875e072e,0.9438077567925172
166f0dc0-c485-4452-b4e3-2a5225eb18e8,1429c8f9-b605-450a-859e-e058fc26c57e,0.9817658072672404
166f0dc0-c485-4452-b4e3-2a5225eb18e8,142a6cb2-ca23-400d-b61c-546d8c86b115,0.750822195829837
166f0dc0-c485-4452-b4e3-2a5225eb18e8,142c5fd6-04f3-4e76-9b11-39b29c5d0e1e,0.9107024035514014
166f0dc0-c485-4452-b4e3-2a5225eb18e8,142cacc0-0553-4f2c-a0d7-460eaf46e8ff,0.8362229805394417
166f0dc0-c485-4452-b4e3-2a5225eb18e8,142ce647-32ec-4176-88cc-7b19d0848caf,0.8505885686066547
166f0dc0-c485-4452-b4e3-2a5225eb18e8,142ef286-d762-45da-8c37-a723867875ce,0.922195902681984
166f0dc0-c485-4452-b4e3-2a5225eb18e8,1431271e-d275-4117-bb76-5f88d57f7caa,0.7832725639704624
166f0dc0-c485-4452-b4e3-2a5225eb18e8,14321adc-9ff5-4008-8993-121e98590515,0.7067658514526117
166f0dc0-c485-4452-b4e3-2a5225eb18e8,1433612d-c066-4be0-91ee-385cd4fc0090,0.5574783159811648
166f0dc0-c485-4452-b4e3-2a5225eb18e8,143481b7-06cf-413b-b731-27cd18286c68,0.4805465973284232
166f0dc0-c485-4452-b4e3-2a5225eb18e8,1434c37e-196e-45fd-9d19-46ab68ff602c,0.6436325497696699
166f0dc0-c485-4452-b4e3-2a5225eb18e8,14360274-e0f4-4033-bc8c-8686baaeca82,0.8510951677474389
166f0dc0-c485-4452-b4e3-2a5225eb18e8,1436e79b-e7e9-42a5-84a2-77380bb1dbf4,0.5463576941733983
166f0dc0-c485-4452-b4e3-2a5225eb18e8,1437388d-6c61-48fe-9e5f-03c0c3f978ce,0.3954345432817844
166f0dc0-c485-4452-b4e3-2a5225eb18e8,143778ba-4c8a-4800-85a9-c125a12bd372,0.7025782367235425
166f0dc0-c485-4452-b4e3-2a5225eb18e8,1437b93d-2c61-43a3-ab8b-8e939a4e99b3,0.4476698084414772
166f0dc0-c485-4452-b4e3-2a5225eb18e8,143a3bcb-6bea-4757-be3a-9a00df78e842,0.9124557612697172
166f0dc0-c485-4452-b4e3-2a5225eb18e8,143b1f0f-1e2b-4a54-b063-285ad271978f,0.9444493537162504
166f0dc0-c485-4452-b4e3-2a5225eb18e8,1440f800-eab3-42bb-bc08-c23ee860f15f,0.7281643692605551
166f0dc0-c485-4452-b4e3-2a5225eb18e8,1441aa8e-b02b-4d49-a2d9-f9b720f828be,0.8718556940606389
166f0dc0-c485-4452-b4e3-2a5225eb18e8,14439778-b75d-4af1-aa0e-0de55991448c,0.9506088277284208
166f0dc0-c485-4452-b4e3-2a5225eb18e8,1443c800-a03a-452b-acd3-adc660f2ce36,0.6451062308728787
166f0dc0-c485-4452-b4e3-2a5225eb18e8,1443f03b-4ffd-43bb-9038-e5e6761b1b83,0.9164459981655212
166f0dc0-c485-4452-b4e3-2a5225eb18e8,14445a45-710f-4e31-abfa-88e179469135,0.9328725221957832
166f0dc0-c485-4452-b4e3-2a5225eb18e8,14465102-1237-46c4-ad7c-debf0d00cba8,0.741966864569926
166f0dc0-c485-4452-b4e3-2a5225eb18e8,1447c2c2-282e-4741-a171-d88a3e81957c,0.5643565436392655
166f0dc0-c485-4452-b4e3-2a5225eb18e8,144a201f-b51e-4046-84c0-e58ce85406eb,0.3368752597046727
166f0dc0-c485-4452-b4e3-2a5225eb18e8,144b1ec9-5d0e-46d5-b147-e2af23c5a6e9,0.8558249876141603
166f0dc0-c485-4452-b4e3-2a5225eb18e8,14523337-7159-4999-8aaf-504f92805604,0.2858844720773741
166f0dc0-c485-4452-b4e3-2a5225eb18e8,14534464-557e-4763-9220-09f761e50766,0.9113970652194964
166f0dc0-c485-4452-b4e3-2a5225eb18e8,1453a2f3-a28a-484d-a473-2cc5215986e3,0.5248506729358537
166f0dc0-c485-4452-b4e3-2a5225eb18e8,14562170-931f-4ba1-925c-932141c3545f,0.8530994524600777
166f0dc0-c485-4452-b4e3-2a5225eb18e8,14576f7e-1baf-4e86-9af4-9e79dfd7afc5,0.8992368757965665
166f0dc0-c485-4452-b4e3-2a5225eb18e8,14578c46-37a0-433f-b0e4-782886a95773,0.7374290971704129
166f0dc0-c485-4452-b4e3-2a5225eb18e8,14585bca-38fd-4421-8fca-63bb5709dd36,0.5678552842270427
166f0dc0-c485-4452-b4e3-2a5225eb18e8,1459318b-a831-4dba-92ed-9f61c6f13f47,0.6851128082734713
166f0dc0-c485-4452-b4e3-2a5225eb18e8,145b78f9-1b8d-4371-ae03-5b7758bff99b,0.7794184510180923
166f0dc0-c485-4452-b4e3-2a5225eb18e8,145c88cc-31b4-453c-a51c-dc649a262717,0.949942737566024
166f0dc0-c485-4452-b4e3-2a5225eb18e8,145d8fc5-8c1e-4466-b0be-f32d68e9c2dc,0.9533118698157926
166f0dc0-c485-4452-b4e3-2a5225eb18e8,145e1fef-83ec-45d6-9a26-fdb47b52f2ee,0.1955439588642134
166f0dc0-c485-4452-b4e3-2a5225eb18e8,145ef585-58c0-4847-a0f0-fbbee95d5986,0.9762745703397752
166f0dc0-c485-4452-b4e3-2a5225eb18e8,145f4984-b6d8-4b54-bae3-bba90019fca9,0.6759912633783174
166f0dc0-c485-4452-b4e3-2a5225eb18e8,146377d2-e556-4eeb-a03a-34bed9d4e05d,0.628038165456838
166f0dc0-c485-4452-b4e3-2a5225eb18e8,1463b341-fd9e-4b15-832c-b30b7de9773d,0.8813301244672445
166f0dc0-c485-4452-b4e3-2a5225eb18e8,1464791a-c185-499c-a4bd-73622ee61b43,0.6815080069157329
166f0dc0-c485-4452-b4e3-2a5225eb18e8,1464bc55-49b4-420f-8614-902cf2e6ac41,0.913416318351704
166f0dc0-c485-4452-b4e3-2a5225eb18e8,1464e3fa-a8ed-4c11-9d12-e7418e70b6a5,0.895025202525644
166f0dc0-c485-4452-b4e3-2a5225eb18e8,146521d3-39c3-468e-9433-6e502da631c6,0.9596642162297324
166f0dc0-c485-4452-b4e3-2a5225eb18e8,14664212-fff8-4778-ad6f-69410024f32b,0.7320354302893913
166f0dc0-c485-4452-b4e3-2a5225eb18e8,14676802-bb70-4215-a622-9b9ba78853ce,0.5815872627880326
166f0dc0-c485-4452-b4e3-2a5225eb18e8,14683258-59ba-492d-b1d7-6d4e84a5c1ec,0.9711451617477008
166f0dc0-c485-4452-b4e3-2a5225eb18e8,146891d3-ca20-4acb-a345-48a3b65f8aab,0.8971427797463534
166f0dc0-c485-4452-b4e3-2a5225eb18e8,14699630-ff85-493a-9baa-98fbdfefa707,0.728814283072027
166f0dc0-c485-4452-b4e3-2a5225eb18e8,146a718f-edee-4370-a1cc-8800f34f2781,0.948463497597962
166f0dc0-c485-4452-b4e3-2a5225eb18e8,146c5540-75bf-4358-94c7-80f58a69fb85,0.5668052428216409
166f0dc0-c485-4452-b4e3-2a5225eb18e8,146cd3d4-3b35-44a7-8ac7-f7d5787233e5,0.7993388112473411
166f0dc0-c485-4452-b4e3-2a5225eb18e8,146ebd38-61ea-4fa9-8781-d30e666c2e1e,0.7931959740483885
166f0dc0-c485-4452-b4e3-2a5225eb18e8,146fef5a-8e6b-4d41-a8c5-da8d0b22c771,0.477589500581231
166f0dc0-c485-4452-b4e3-2a5225eb18e8,14709ad1-defe-46b7-8feb-eebdd0e8d2db,0.8905773070669081
166f0dc0-c485-4452-b4e3-2a5225eb18e8,1472e4fb-75d0-4705-9596-5d9a0ccefe56,0.9286873560866848
166f0dc0-c485-4452-b4e3-2a5225eb18e8,147352e5-7f56-4b1a-8983-36f73a6a852b,0.5846483200900646
166f0dc0-c485-4452-b4e3-2a5225eb18e8,1473bd20-83ff-49f5-85c1-801a3d3b01c1,0.7343420483472676
166f0dc0-c485-4452-b4e3-2a5225eb18e8,147421a1-b76a-480b-bc8c-672b7f40e0c1,0.6905898058559321
166f0dc0-c485-4452-b4e3-2a5225eb18e8,14749eb2-25e9-4180-832c-3273642aa54b,0.2175910090563174
166f0dc0-c485-4452-b4e3-2a5225eb18e8,14764ecd-9443-481e-b0cc-77420a26892b,0.4776254457659937
166f0dc0-c485-4452-b4e3-2a5225eb18e8,1477abb7-fd1e-44f1-a977-286bee129639,0.8247003733388569
166f0dc0-c485-4452-b4e3-2a5225eb18e8,147827e7-5201-455b-9b7d-a3993a5a8b7f,0.9384016817078024
166f0dc0-c485-4452-b4e3-2a5225eb18e8,147a1ee4-5be2-4b04-b833-25bc88922ddb,0.8564626998586577
166f0dc0-c485-4452-b4e3-2a5225eb18e8,147b2967-1d48-495f-8b1f-4b90c5dd2e0f,0.6295671775987444
166f0dc0-c485-4452-b4e3-2a5225eb18e8,147cd15f-2ee1-470a-9721-789583621909,0.7056992527855594
166f0dc0-c485-4452-b4e3-2a5225eb18e8,147d823c-2c76-4900-8944-ae77a295c3d9,0.7635207919702703
166f0dc0-c485-4452-b4e3-2a5225eb18e8,147db0af-297c-422d-a1bc-cd31e3c920d0,0.3385019253990523
166f0dc0-c485-4452-b4e3-2a5225eb18e8,1480d064-6e6f-414a-8ae2-cfdc557956b4,0.802053707438316
166f0dc0-c485-4452-b4e3-2a5225eb18e8,14831ff2-8bc8-48f5-a42d-cdfee25c7440,0.8942333683462986
166f0dc0-c485-4452-b4e3-2a5225eb18e8,14863eb3-5acd-48e4-978d-eb173e13ccc5,0.7608250500729836
166f0dc0-c485-4452-b4e3-2a5225eb18e8,14875e8c-9aec-4406-94f8-fb1ede34213a,0.9367696703848992
166f0dc0-c485-4452-b4e3-2a5225eb18e8,1487aabd-4721-4ce4-8332-a160531398cb,0.9552710390266382
166f0dc0-c485-4452-b4e3-2a5225eb18e8,148ab0a8-0cb6-4bd1-a41b-4bd9eb6f7a2d,0.3454277915744297
166f0dc0-c485-4452-b4e3-2a5225eb18e8,148c81da-2894-4978-9381-456cb50bf1d8,0.9065044788405466
166f0dc0-c485-4452-b4e3-2a5225eb18e8,148ca9b3-edc3-480e-b5b9-07c6479ca1df,0.8987700724461279
166f0dc0-c485-4452-b4e3-2a5225eb18e8,14915241-0e02-48a6-9917-980952f47731,0.6082391433810667
166f0dc0-c485-4452-b4e3-2a5225eb18e8,149431b4-67b9-452e-aa93-80803e620c0d,0.8171966935396661
166f0dc0-c485-4452-b4e3-2a5225eb18e8,149666f6-9a93-40cd-9784-c1cd6a015794,0.8905100381995843
166f0dc0-c485-4452-b4e3-2a5225eb18e8,14981da9-7fd6-4374-b571-f5daa15d7707,0.5726596456163557
166f0dc0-c485-4452-b4e3-2a5225eb18e8,149acc06-8ec4-4420-85cf-521b68536441,0.4263177750254143
166f0dc0-c485-4452-b4e3-2a5225eb18e8,149d1b7f-5ae1-4b29-a7eb-cde4e054d8bd,0.8496381967310828
166f0dc0-c485-4452-b4e3-2a5225eb18e8,149d8290-0f60-4310-acfd-116c70a1ffb1,0.851632222658591
166f0dc0-c485-4452-b4e3-2a5225eb18e8,149fbb47-6834-4dce-b366-f8f5664fd26a,0.7017833075131693
166f0dc0-c485-4452-b4e3-2a5225eb18e8,149fd893-03a2-4836-9466-d56423b0bbbb,0.8667045506880731
166f0dc0-c485-4452-b4e3-2a5225eb18e8,14a21519-ac81-4364-8982-5caa996ff383,0.9710020499172622
166f0dc0-c485-4452-b4e3-2a5225eb18e8,14a4c92b-e4ec-4bfc-b78c-483d54c13c88,0.9680924077260508
166f0dc0-c485-4452-b4e3-2a5225eb18e8,14a57e36-f12a-4ff4-b9af-ebcfd7374bf3,0.865199709407847
166f0dc0-c485-4452-b4e3-2a5225eb18e8,14a6e881-76a9-4a25-97fb-7714ffab7c15,0.720674813125125
166f0dc0-c485-4452-b4e3-2a5225eb18e8,14a6f335-33c0-45b8-ac1e-d5305eb1e412,0.5290044413377023
166f0dc0-c485-4452-b4e3-2a5225eb18e8,14a73df5-edd6-4c87-95dc-bc51fa3646b5,0.9569574800879002
166f0dc0-c485-4452-b4e3-2a5225eb18e8,14a8a2c0-1daa-4e7c-89b3-41fc46486548,0.3298577081657572
166f0dc0-c485-4452-b4e3-2a5225eb18e8,14a8a8c0-d170-4b18-8097-0411f7f72a35,0.7912984137482675
166f0dc0-c485-4452-b4e3-2a5225eb18e8,14a98b0b-a15a-43d3-abad-376b973e25bb,0.7817294606605685
166f0dc0-c485-4452-b4e3-2a5225eb18e8,14a9b027-d3ad-41f0-8e70-5d4d2ec877f1,0.8684996440943694
166f0dc0-c485-4452-b4e3-2a5225eb18e8,14ab43d0-ec29-4d31-ab6c-b3371def4152,0.5212045603220542
166f0dc0-c485-4452-b4e3-2a5225eb18e8,14ac174f-7117-4a95-9009-8a788959ed05,0.3154741515864708
166f0dc0-c485-4452-b4e3-2a5225eb18e8,14ac4adf-a904-42b8-aa47-2ed7c34a5b1d,0.619159861302846
166f0dc0-c485-4452-b4e3-2a5225eb18e8,14ad3233-2204-40a0-a2ac-8d1117798349,0.8846939201403162
166f0dc0-c485-4452-b4e3-2a5225eb18e8,14b24319-42dd-4208-87e0-80558a8a014b,0.4749478994107199
166f0dc0-c485-4452-b4e3-2a5225eb18e8,14b974af-efa5-4126-951b-8da837a31ea6,0.9674865221112892
166f0dc0-c485-4452-b4e3-2a5225eb18e8,14ba4d6b-4bb5-4d7a-ab4d-2acc21575aba,0.8604225977934402
166f0dc0-c485-4452-b4e3-2a5225eb18e8,14bb292c-335e-44cd-92ec-318bbb5fd2eb,0.9340138484453184
166f0dc0-c485-4452-b4e3-2a5225eb18e8,14bba233-a51c-4f7b-bed2-5ce583e290c1,0.8987204076424538
166f0dc0-c485-4452-b4e3-2a5225eb18e8,14bc934d-ac20-42e5-be61-b9e763156446,0.945806005262997
166f0dc0-c485-4452-b4e3-2a5225eb18e8,14bfa8e6-9b4b-407c-844b-9494152d8167,0.8225719230869787
166f0dc0-c485-4452-b4e3-2a5225eb18e8,14bfc221-c827-4a1d-97f4-8ffff66b5161,0.8254820627945847
166f0dc0-c485-4452-b4e3-2a5225eb18e8,14c172a4-7a0c-4c98-bcff-85238772b00a,0.5655184308563449
166f0dc0-c485-4452-b4e3-2a5225eb18e8,14c22d00-dfef-4948-a6c5-fa117ba706c6,0.8894456694818621
166f0dc0-c485-4452-b4e3-2a5225eb18e8,14c455a2-e8a4-4bf5-9165-29b0bc961223,0.9472706178156154
166f0dc0-c485-4452-b4e3-2a5225eb18e8,14c51647-fa3d-40f8-89c6-ef5233cb19c8,0.9656475822773942
166f0dc0-c485-4452-b4e3-2a5225eb18e8,14c5e96f-701c-430f-8314-68d2970c068b,0.5501072424372104
166f0dc0-c485-4452-b4e3-2a5225eb18e8,14c74d5f-8411-46e4-bd06-e2ade23f28a6,0.7252402979588604
166f0dc0-c485-4452-b4e3-2a5225eb18e8,14c944aa-b7b5-4fd4-ab7f-c8686696319b,0.7395999534942064
166f0dc0-c485-4452-b4e3-2a5225eb18e8,14c9b696-01fb-493b-ad1b-30b957af19bf,0.9437192447968824
166f0dc0-c485-4452-b4e3-2a5225eb18e8,14ca4b76-b318-40e5-a20b-df5ec09f3fa2,0.8567012912291319
166f0dc0-c485-4452-b4e3-2a5225eb18e8,14cb455b-6618-4cb0-8066-b1ea20595835,0.8709429703652397
166f0dc0-c485-4452-b4e3-2a5225eb18e8,14cbe0d4-0cc2-4565-aa93-0598a3509f03,0.7335613477610673
166f0dc0-c485-4452-b4e3-2a5225eb18e8,14ce4bc9-5d78-4b00-99a5-3894e80839c2,0.9037063424718071
166f0dc0-c485-4452-b4e3-2a5225eb18e8,14ceb1e7-e9dc-4f0b-bbb6-ee311c58fa3d,0.9622881161817708
166f0dc0-c485-4452-b4e3-2a5225eb18e8,14cefcb2-3e6b-4dec-a8a9-b44a74c3fe06,0.9298126653884798
166f0dc0-c485-4452-b4e3-2a5225eb18e8,14cf0169-1c86-4702-addf-7421604cdc1d,0.7948442937603075
166f0dc0-c485-4452-b4e3-2a5225eb18e8,14d0d0fd-eb65-4b2d-ba26-cc25b55c19b6,0.8095005027233741
166f0dc0-c485-4452-b4e3-2a5225eb18e8,14d183fc-8813-4382-b04e-a8cd5d511707,0.7631283978427569
166f0dc0-c485-4452-b4e3-2a5225eb18e8,14d4e61f-58ab-47fe-b255-610fcec852dc,0.9195096710427002
166f0dc0-c485-4452-b4e3-2a5225eb18e8,14d5e88f-1d73-4320-a032-0516195dedbe,0.6113993520576044
166f0dc0-c485-4452-b4e3-2a5225eb18e8,14d614c7-051d-4c40-ada1-7d891cdb1ee8,0.4933118051493854
166f0dc0-c485-4452-b4e3-2a5225eb18e8,14d633f1-c23d-48f8-b713-a1b8bc282e2d,0.8103769157230047
166f0dc0-c485-4452-b4e3-2a5225eb18e8,14d873be-1b0e-41b3-83a3-54238aa08fa7,0.9367198501013771
166f0dc0-c485-4452-b4e3-2a5225eb18e8,14d94619-db41-45de-984c-24d6f34a4041,0.6416270986529519
166f0dc0-c485-4452-b4e3-2a5225eb18e8,14da1fc4-960e-4dcd-b700-e3ba07d4ee56,0.5523044982639608
166f0dc0-c485-4452-b4e3-2a5225eb18e8,14da36d5-e140-4abd-bc91-a1e5aa5db6d8,0.6947803062913342
166f0dc0-c485-4452-b4e3-2a5225eb18e8,14dc3835-1895-45f4-bf74-dab05120d970,0.9224960603940964
166f0dc0-c485-4452-b4e3-2a5225eb18e8,14dcf772-7dae-4d6d-806f-a22ad2824455,0.973833147243573
166f0dc0-c485-4452-b4e3-2a5225eb18e8,14dd0c4c-346a-42d1-9a41-27b4b5c00f2e,0.6662430678777208
166f0dc0-c485-4452-b4e3-2a5225eb18e8,14df985c-50dd-4ec0-80f4-fda512d359f4,0.9526768630629242
166f0dc0-c485-4452-b4e3-2a5225eb18e8,14dfe29f-99b1-4393-8886-d55c435ef4d7,0.8494446144548262
166f0dc0-c485-4452-b4e3-2a5225eb18e8,14e153b6-4fa4-4541-8f63-722139fcf270,0.8779615943857022
166f0dc0-c485-4452-b4e3-2a5225eb18e8,14e424a3-2ef9-45a5-8a4e-e6587fbae932,0.9638246560150698
166f0dc0-c485-4452-b4e3-2a5225eb18e8,14e58afc-6361-4ad0-9016-20cbc1282d1c,0.9052100854893768
166f0dc0-c485-4452-b4e3-2a5225eb18e8,14e65b0e-d6c0-4b7d-b553-88f5c828b8c2,0.964918591036992
166f0dc0-c485-4452-b4e3-2a5225eb18e8,14e73d66-660d-47c0-9262-aac62d871482,0.4891304295627767
166f0dc0-c485-4452-b4e3-2a5225eb18e8,14e7dc2c-fcf1-4b4e-ab4c-1da4870bb01c,0.9480198190229968
166f0dc0-c485-4452-b4e3-2a5225eb18e8,14e91aa9-6c44-495c-84d0-f89825ac8be5,0.8262472525997155
166f0dc0-c485-4452-b4e3-2a5225eb18e8,14e92fde-45ff-4ffe-9297-c0280abbbf20,0.8875267300817589
166f0dc0-c485-4452-b4e3-2a5225eb18e8,14e94c11-2352-48b0-b7b0-8933149519d2,0.8648531740978443
166f0dc0-c485-4452-b4e3-2a5225eb18e8,14e97065-54fb-407d-bf60-e373a3ce44a6,0.7675556782556148
166f0dc0-c485-4452-b4e3-2a5225eb18e8,14eaa3d8-b7ee-4372-82c9-b6e3c9b3dc8b,0.7807017383624564
166f0dc0-c485-4452-b4e3-2a5225eb18e8,14ebea06-9192-4acf-bc82-b520750efc28,0.8897849579235819
166f0dc0-c485-4452-b4e3-2a5225eb18e8,14ee0c8c-80a5-4c4d-93fc-3ed11050dec9,0.715657469653245
166f0dc0-c485-4452-b4e3-2a5225eb18e8,14f0933e-41a8-4704-a3e1-dac802bd278c,0.9775154432541252
166f0dc0-c485-4452-b4e3-2a5225eb18e8,14f12923-85eb-4863-85c4-77838e946bb1,0.8748705718606989
166f0dc0-c485-4452-b4e3-2a5225eb18e8,14f274b9-4d2b-469c-8b1a-09be2647f926,0.8448200073065453
166f0dc0-c485-4452-b4e3-2a5225eb18e8,14f303d5-5a18-48d1-9ba7-23d1f960c89b,0.7698643073637998
166f0dc0-c485-4452-b4e3-2a5225eb18e8,14f4fc38-e1fd-4889-89fe-f654928e5d5f,0.7671597728673585
166f0dc0-c485-4452-b4e3-2a5225eb18e8,14f63053-6054-4cd2-9fee-1a7a3b79bbdb,0.4813322941337193
166f0dc0-c485-4452-b4e3-2a5225eb18e8,14f75712-7089-47b0-9e43-b1d3da6627e2,0.8355944950363461
166f0dc0-c485-4452-b4e3-2a5225eb18e8,14f7ff12-8d17-4038-8e12-4154a1f4a558,0.9277479651391206
166f0dc0-c485-4452-b4e3-2a5225eb18e8,14fa1770-bac8-474f-9f33-8fca299d5294,0.768097323675617
166f0dc0-c485-4452-b4e3-2a5225eb18e8,14fabfb7-b17e-4621-81f8-57879debaee6,0.9576634817975864
166f0dc0-c485-4452-b4e3-2a5225eb18e8,14fe243e-9545-4bcb-ae3e-4c469709e45d,0.8999109359947731
166f0dc0-c485-4452-b4e3-2a5225eb18e8,150307c4-0ba8-4869-be8d-3386cf3dfdbf,0.758749204793091
166f0dc0-c485-4452-b4e3-2a5225eb18e8,150542c1-3412-490a-aa59-30b5521205eb,0.8138140430363894
166f0dc0-c485-4452-b4e3-2a5225eb18e8,150548f9-bac7-487a-9c60-2330e31a341e,0.4082632588497491
166f0dc0-c485-4452-b4e3-2a5225eb18e8,1505d614-abf2-406c-9e9f-cd2845e434a2,0.7645945229653941
166f0dc0-c485-4452-b4e3-2a5225eb18e8,150b43fb-3885-4d99-b64d-91ea2b789301,0.5518362816887227
166f0dc0-c485-4452-b4e3-2a5225eb18e8,150bf315-11d4-44bb-84c9-c76ba8ccf89e,0.8495224492538735
166f0dc0-c485-4452-b4e3-2a5225eb18e8,150cfba3-bb71-4d60-8f8f-417da931463e,0.9490474993626334
166f0dc0-c485-4452-b4e3-2a5225eb18e8,150d8e60-4f1b-4507-bee0-b369e151f3a6,0.9042581837555622
166f0dc0-c485-4452-b4e3-2a5225eb18e8,150dbd37-fd91-4f59-bca3-76b623b75041,0.8340299807980809
166f0dc0-c485-4452-b4e3-2a5225eb18e8,150e4565-7cea-474b-a632-2a5078b0135b,0.8999392009378312
166f0dc0-c485-4452-b4e3-2a5225eb18e8,150eb7ce-3c37-4a46-8e6d-09cc5ca58d56,0.1790046041938434
166f0dc0-c485-4452-b4e3-2a5225eb18e8,15101984-6d0a-4aa3-9eb1-33899145ebe7,0.7927802781901147
166f0dc0-c485-4452-b4e3-2a5225eb18e8,1511da47-07b9-4450-ae4c-eaaec058152e,0.9816082297287207
166f0dc0-c485-4452-b4e3-2a5225eb18e8,1513b1f9-6137-4a6a-a48a-63602c8a9e8b,0.7416914251684769
166f0dc0-c485-4452-b4e3-2a5225eb18e8,1514ede9-5cb9-455d-8210-0668b6f92045,0.6539570602128004
166f0dc0-c485-4452-b4e3-2a5225eb18e8,1516764c-6044-442e-b14d-dac7c2761386,0.8320584910691414
166f0dc0-c485-4452-b4e3-2a5225eb18e8,151ac2cc-2f06-4f5b-9835-a86ba97f0a43,0.8227163538011739
166f0dc0-c485-4452-b4e3-2a5225eb18e8,151b7867-5ab1-40b4-9083-3be100530d18,0.9395879682835064
166f0dc0-c485-4452-b4e3-2a5225eb18e8,151bb63d-94fe-44c4-9bcc-45efc5654838,0.8342627687868021
166f0dc0-c485-4452-b4e3-2a5225eb18e8,151bf2e8-0dc9-4844-a51f-0cd76a76bbfe,0.9604129924345804
166f0dc0-c485-4452-b4e3-2a5225eb18e8,151d3050-8789-402a-a6a9-c0da502499cc,0.9333619198245464
166f0dc0-c485-4452-b4e3-2a5225eb18e8,1523a4d8-e522-47c5-8ab5-91555df578f9,0.5055393207296427
166f0dc0-c485-4452-b4e3-2a5225eb18e8,1523f0ea-822d-4024-8bc2-61fc5ebca172,0.8343118000707294
166f0dc0-c485-4452-b4e3-2a5225eb18e8,152647b9-a7ef-4eb5-8b40-f5b9481e0e93,0.928936928302044
166f0dc0-c485-4452-b4e3-2a5225eb18e8,1527efe7-7c4c-426a-9124-6999db0519fa,0.7765706170696929
166f0dc0-c485-4452-b4e3-2a5225eb18e8,152894bb-b135-4f4c-b3d9-0cf22a8f7592,0.7848511642468032
166f0dc0-c485-4452-b4e3-2a5225eb18e8,1529e2f2-8816-45d3-98d3-0d7f21a8f6c5,0.7949412050940884
166f0dc0-c485-4452-b4e3-2a5225eb18e8,152d9009-39f8-4571-b776-d8170ff8e9aa,0.7960165945336508
166f0dc0-c485-4452-b4e3-2a5225eb18e8,152f6ee9-3f2b-43cb-ba7f-6a79f209c6d0,0.4057409180374614
166f0dc0-c485-4452-b4e3-2a5225eb18e8,15304c6a-dad6-4ac6-b360-374c96883139,0.926739784181374
166f0dc0-c485-4452-b4e3-2a5225eb18e8,1530812f-0ac8-4e7f-9424-a398b01d9637,0.4783842626493749
166f0dc0-c485-4452-b4e3-2a5225eb18e8,1530b3db-413b-4d10-a571-00999eeab04e,0.796372082826509
166f0dc0-c485-4452-b4e3-2a5225eb18e8,1531ac45-4147-4aa4-88d2-589c4dfd094e,0.6749420551550407
166f0dc0-c485-4452-b4e3-2a5225eb18e8,1533fc43-88d5-4fa1-9f02-6f154a11f654,0.5721857121351384
166f0dc0-c485-4452-b4e3-2a5225eb18e8,1534d778-a342-4eba-bfef-3acf94151ab5,0.6528963617972787
166f0dc0-c485-4452-b4e3-2a5225eb18e8,15367d5a-ed3e-4e37-b5ef-4c2b2d6e2959,0.8701247360048266
166f0dc0-c485-4452-b4e3-2a5225eb18e8,15372e57-e9cd-463e-9d1c-e0a397da0d55,0.9464165094358972
166f0dc0-c485-4452-b4e3-2a5225eb18e8,153737b2-0b2d-4ca1-910e-15495c60889f,0.8435445027854466
166f0dc0-c485-4452-b4e3-2a5225eb18e8,15385104-30e2-4cd0-94c3-b7b2a42649ce,0.914322111589547
166f0dc0-c485-4452-b4e3-2a5225eb18e8,153a1422-338b-4dcc-973d-62b9568202ca,0.9467377031534666
166f0dc0-c485-4452-b4e3-2a5225eb18e8,153ccef2-b3a3-4390-ab11-832506785a50,0.8818996447036129
166f0dc0-c485-4452-b4e3-2a5225eb18e8,153e9b23-ba7a-4f17-b9d8-c2cee5087bd9,0.469224593948557
166f0dc0-c485-4452-b4e3-2a5225eb18e8,153eb38f-5e29-4fda-886f-3dde6885a396,0.4425492835449506
166f0dc0-c485-4452-b4e3-2a5225eb18e8,153fe66f-53fa-46c6-85e5-dd55b426f263,0.7835637385938872
166f0dc0-c485-4452-b4e3-2a5225eb18e8,15423134-b33a-4fd2-a419-4d199321b00e,0.9202339545733248
166f0dc0-c485-4452-b4e3-2a5225eb18e8,15439abf-1e2f-42c2-97bc-efb51169f12e,0.962459764944451
166f0dc0-c485-4452-b4e3-2a5225eb18e8,154450e7-cf53-4b0c-a62d-06b88977dd66,0.7902357870880999
166f0dc0-c485-4452-b4e3-2a5225eb18e8,1544c5d0-7905-42f5-a70a-11dc8c7c2b1a,0.5136790333074708
166f0dc0-c485-4452-b4e3-2a5225eb18e8,15454c8a-394c-4292-8d31-2891c2621230,0.8834485793712864
166f0dc0-c485-4452-b4e3-2a5225eb18e8,15458d81-8981-4162-8b15-f08dd0b21693,0.8575726466341922
166f0dc0-c485-4452-b4e3-2a5225eb18e8,1545c200-253d-4d90-a5ce-1631aefcf48b,0.624388036862613
166f0dc0-c485-4452-b4e3-2a5225eb18e8,15465e31-b5f4-41a7-9931-7d4bf3198600,0.8025207665064676
166f0dc0-c485-4452-b4e3-2a5225eb18e8,1546c7bd-383a-4a7a-8ba1-4be8a9affc82,0.7574566740203963
166f0dc0-c485-4452-b4e3-2a5225eb18e8,154773df-ec03-44e2-8ac9-78f29ee2d384,0.4341454953590388
166f0dc0-c485-4452-b4e3-2a5225eb18e8,1548d317-3806-4364-827f-bef4fd653502,0.916795315780352
166f0dc0-c485-4452-b4e3-2a5225eb18e8,154b4dd4-db27-4b51-a736-0a7adaa85874,0.9089135869878942
166f0dc0-c485-4452-b4e3-2a5225eb18e8,154be8ed-09eb-45ad-bb88-c02650343b8e,0.3910423262535873
166f0dc0-c485-4452-b4e3-2a5225eb18e8,154c2dff-0e69-4777-a2ec-1facf4fd5159,0.3667335378185187
166f0dc0-c485-4452-b4e3-2a5225eb18e8,154da9e0-194f-40e5-ae0d-a5410f1a72d0,0.9608983094809702
166f0dc0-c485-4452-b4e3-2a5225eb18e8,154e508d-8986-4738-af55-4e1434e87fbd,0.982486921792513
166f0dc0-c485-4452-b4e3-2a5225eb18e8,155066d1-fb54-4fad-8fa9-155345ec2815,0.8340113559247608
166f0dc0-c485-4452-b4e3-2a5225eb18e8,1553ee22-d7a5-4611-9795-ac1246420ef6,0.7097055870638123
166f0dc0-c485-4452-b4e3-2a5225eb18e8,15552103-b8c4-4c77-b50b-cba8826f7692,0.9186259823376896
166f0dc0-c485-4452-b4e3-2a5225eb18e8,15555a23-c4c1-4430-933f-08d6a1f7cabb,0.9332504076119308
166f0dc0-c485-4452-b4e3-2a5225eb18e8,1555b3cc-6aaf-474b-a486-438929810ee5,0.9668830119779506
166f0dc0-c485-4452-b4e3-2a5225eb18e8,155619d6-ef16-4ff5-ad5c-32004ad74f53,0.9211464875307368
166f0dc0-c485-4452-b4e3-2a5225eb18e8,15566b5c-29fa-4015-b756-238b4a0adece,0.8305488425426949
166f0dc0-c485-4452-b4e3-2a5225eb18e8,1556814b-1d37-49a2-8da3-a5a2d6b90623,0.5258055985168827
166f0dc0-c485-4452-b4e3-2a5225eb18e8,15594d11-f62f-4e38-8c91-2d6352314c0a,0.8479548096341212
166f0dc0-c485-4452-b4e3-2a5225eb18e8,155a2afa-1a15-4be3-b5a8-f03c80defbc7,0.9461410704780888
166f0dc0-c485-4452-b4e3-2a5225eb18e8,155ac144-e02e-4a08-bd17-462a2684552f,0.9774226975574254
166f0dc0-c485-4452-b4e3-2a5225eb18e8,155c2c3e-313a-417f-ba5e-188e44601cdc,0.7231268826975557
166f0dc0-c485-4452-b4e3-2a5225eb18e8,155c6b76-f7a8-4491-a4a6-6caf2635f3c7,0.8758076498616011
166f0dc0-c485-4452-b4e3-2a5225eb18e8,155c9ed1-7003-466c-87b1-ebe2f5a1655e,0.831887388269367
166f0dc0-c485-4452-b4e3-2a5225eb18e8,155f4bb0-2d59-45ed-a4b1-e772c60bc848,0.9679515706323862
166f0dc0-c485-4452-b4e3-2a5225eb18e8,15605373-1795-47c0-a8c6-11b4370a2b56,0.9596409072190888
166f0dc0-c485-4452-b4e3-2a5225eb18e8,15607585-ec31-4ad4-ad81-6604bc179592,0.9037373175944928
166f0dc0-c485-4452-b4e3-2a5225eb18e8,15615f08-0c2a-4009-8c35-88f61f2b764d,0.7173377319787031
166f0dc0-c485-4452-b4e3-2a5225eb18e8,1561b5fd-c6f8-4dd7-b88e-6d7a4267cf04,0.4984864964215999
166f0dc0-c485-4452-b4e3-2a5225eb18e8,156299fb-602a-423d-bace-e8ade6cb709f,0.803704274575565
166f0dc0-c485-4452-b4e3-2a5225eb18e8,15641094-ebd8-48a0-84c5-78e251d4b315,0.8001748822065633
166f0dc0-c485-4452-b4e3-2a5225eb18e8,1564697a-eac5-4547-a52b-6bdc84af30dc,0.8712460284394701
166f0dc0-c485-4452-b4e3-2a5225eb18e8,156547b5-b6c9-4dd7-a128-4b65d29589db,0.7569483022223489
166f0dc0-c485-4452-b4e3-2a5225eb18e8,15667df0-8b6e-4359-b2b6-a547a4a73eeb,0.6292516427246362
166f0dc0-c485-4452-b4e3-2a5225eb18e8,1566fdc3-3332-4fa8-8b1d-6e71174ab7ed,0.8232320626808202
166f0dc0-c485-4452-b4e3-2a5225eb18e8,156a410b-dac4-4f1e-82d8-9d68227c5447,0.8610133993808845
166f0dc0-c485-4452-b4e3-2a5225eb18e8,156a71c8-c1b4-46b1-94db-fd64f034d129,0.7449429119314942
166f0dc0-c485-4452-b4e3-2a5225eb18e8,156d9a7e-5d6d-4576-9bed-a7f468eaa85b,0.8966082656146294
166f0dc0-c485-4452-b4e3-2a5225eb18e8,156f0daf-076c-43b9-b3ca-59f41e7c5271,0.5536552652600452
166f0dc0-c485-4452-b4e3-2a5225eb18e8,156fea16-8f80-4c61-a0d8-5d7cb1cfdfa5,0.8308013095583417
166f0dc0-c485-4452-b4e3-2a5225eb18e8,1570f841-f573-49bf-9141-3ac26147a671,0.92553499256488
166f0dc0-c485-4452-b4e3-2a5225eb18e8,1571bbf9-228a-4493-822e-3484689bb57c,0.780345619896597
166f0dc0-c485-4452-b4e3-2a5225eb18e8,15725ef9-dc44-426f-b5e7-62765a555e1c,0.5023464637807452
166f0dc0-c485-4452-b4e3-2a5225eb18e8,15762c43-9a21-443e-ac26-98de8ef00e6a,0.8710090385850024
166f0dc0-c485-4452-b4e3-2a5225eb18e8,15764cc4-a2c4-4523-a3b2-9080cd564262,0.8971735077132112
166f0dc0-c485-4452-b4e3-2a5225eb18e8,15768ae8-ecf0-4e80-b6ae-2e06dcea26fe,0.6783746519865448
166f0dc0-c485-4452-b4e3-2a5225eb18e8,157854b6-082f-4028-bcc0-6df844d380a5,0.7263669726343946
166f0dc0-c485-4452-b4e3-2a5225eb18e8,1578bc67-2b97-4b01-9f3d-337c566f4f00,0.8350901054806078
166f0dc0-c485-4452-b4e3-2a5225eb18e8,15795f8f-b47b-4758-884b-b6fa65f04120,0.8688635432162238
166f0dc0-c485-4452-b4e3-2a5225eb18e8,1579ca70-9944-4107-81a9-93b8be1fc8a3,0.8892154852586468
166f0dc0-c485-4452-b4e3-2a5225eb18e8,157af1dc-530d-4b66-af5b-f59e863f3f44,0.8979803661070012
166f0dc0-c485-4452-b4e3-2a5225eb18e8,157c1432-3e7b-47f0-b8a3-18867d227b29,0.901997967068208
166f0dc0-c485-4452-b4e3-2a5225eb18e8,157cbb60-9eb9-4247-a010-9abb61916bc9,0.7003120840416547
166f0dc0-c485-4452-b4e3-2a5225eb18e8,157d3170-3ccf-4b27-a61c-412bdbaccace,0.7603522898966255
166f0dc0-c485-4452-b4e3-2a5225eb18e8,157e3dc6-3984-4133-a672-ebbfcbf05bac,0.7600707632813862
166f0dc0-c485-4452-b4e3-2a5225eb18e8,1580b1e9-a867-422b-a925-3b881db8ec58,0.6151121107045416
166f0dc0-c485-4452-b4e3-2a5225eb18e8,1580f8dd-946d-411d-88a1-74174098979e,0.920249786619197
166f0dc0-c485-4452-b4e3-2a5225eb18e8,158305f1-cf27-48f1-af9b-8d997df50f3d,0.8430783499525347
166f0dc0-c485-4452-b4e3-2a5225eb18e8,158467f0-4a5d-40f1-a4e7-3fbc03778a89,0.834022875026681
166f0dc0-c485-4452-b4e3-2a5225eb18e8,15866b9a-371a-4046-ae62-5d9af13e1c37,0.814703204691683
166f0dc0-c485-4452-b4e3-2a5225eb18e8,15879bdf-e5ce-4f75-9988-5e3e12757d0d,0.7856822973623562
166f0dc0-c485-4452-b4e3-2a5225eb18e8,158812b6-2c43-45f9-9b78-77d44be17d83,0.7722589958468833
166f0dc0-c485-4452-b4e3-2a5225eb18e8,1588234f-b2c2-4386-99df-ca4200ac74e3,0.8818996447036129
166f0dc0-c485-4452-b4e3-2a5225eb18e8,1588529b-dee3-438c-a55a-c515b45def26,0.5970503688829131
166f0dc0-c485-4452-b4e3-2a5225eb18e8,158d2bf9-c5db-440f-8c36-0e8925fd2c5a,0.8283228441745347
166f0dc0-c485-4452-b4e3-2a5225eb18e8,158e177e-6931-48dc-8f0f-95c1927d5e68,0.4162920414359068
166f0dc0-c485-4452-b4e3-2a5225eb18e8,158e6bf1-ec57-4926-b075-01e1f387fb9d,0.9773885514397628
166f0dc0-c485-4452-b4e3-2a5225eb18e8,1590c21e-2172-444a-b2b4-c980bfe6f698,0.769027950157879
166f0dc0-c485-4452-b4e3-2a5225eb18e8,159288b4-5731-4383-a04b-213839e6580a,0.8710029734467397
166f0dc0-c485-4452-b4e3-2a5225eb18e8,15936e33-4a1f-4a9a-a827-44dbcd874993,0.8768198393251793
166f0dc0-c485-4452-b4e3-2a5225eb18e8,15949ecd-6437-4728-b50e-6c4ef1cf4556,0.6124012870854258
166f0dc0-c485-4452-b4e3-2a5225eb18e8,159523ee-1dd7-4011-81bf-da588bd3d8ff,0.9292979998343311
166f0dc0-c485-4452-b4e3-2a5225eb18e8,15953e45-7674-4d5f-8e02-9d4bc205bedf,0.4664433389463183
166f0dc0-c485-4452-b4e3-2a5225eb18e8,1595b29e-8134-4939-9572-605e19513224,0.5447186712044821
166f0dc0-c485-4452-b4e3-2a5225eb18e8,1595b2d1-0b49-4b53-b362-c0e23e3ea5e2,0.7856858582857689
166f0dc0-c485-4452-b4e3-2a5225eb18e8,1596250e-23f9-4ab4-8f23-1075d093eca4,0.9803597976183328
166f0dc0-c485-4452-b4e3-2a5225eb18e8,15983e18-f214-4ddf-88ef-f6f30e4131e0,0.9367047143655362
166f0dc0-c485-4452-b4e3-2a5225eb18e8,159965e7-1499-454d-ada2-78c7c3e78ddc,0.5786241876158871
166f0dc0-c485-4452-b4e3-2a5225eb18e8,159c033c-28e7-411a-a10c-0dce09bc85eb,0.8310247618067408
166f0dc0-c485-4452-b4e3-2a5225eb18e8,159da7b1-f9d5-4207-be5e-a78652de3571,0.753909248002125
166f0dc0-c485-4452-b4e3-2a5225eb18e8,159e1613-f64e-4a45-adce-65ba12901f1e,0.9735751965586354
166f0dc0-c485-4452-b4e3-2a5225eb18e8,159f0ea4-5841-4bda-8c78-ef95c824b5ac,0.8376749123436953
166f0dc0-c485-4452-b4e3-2a5225eb18e8,159fa548-ca60-46f1-93f0-db732c61db3b,0.988607296138526
166f0dc0-c485-4452-b4e3-2a5225eb18e8,15a09558-e740-44f0-aba9-47ce24cb334f,0.733090964652687
166f0dc0-c485-4452-b4e3-2a5225eb18e8,15a12eee-29b2-411f-a141-2520088d855e,0.5306294367461972
166f0dc0-c485-4452-b4e3-2a5225eb18e8,15a4ffd4-0873-4d10-8a39-1297ca1d9518,0.8682273818797683
166f0dc0-c485-4452-b4e3-2a5225eb18e8,15a735f2-4e73-48aa-b782-d64509da84df,0.9349895397009677
166f0dc0-c485-4452-b4e3-2a5225eb18e8,15a7e384-a129-4919-9688-66992418e65e,0.9510415601425192
166f0dc0-c485-4452-b4e3-2a5225eb18e8,15a81bba-9b23-49f5-9f3c-82d31fad15ea,0.0061226936724085
166f0dc0-c485-4452-b4e3-2a5225eb18e8,15a826ca-6613-4fe1-b685-ce9ea59c8f92,0.7328591059767152
166f0dc0-c485-4452-b4e3-2a5225eb18e8,15a83168-c195-450a-b120-257cae945a04,0.9084219024373617
166f0dc0-c485-4452-b4e3-2a5225eb18e8,15a96631-a7e6-4f31-8fab-e287f25a2771,0.8845857149152042
166f0dc0-c485-4452-b4e3-2a5225eb18e8,15aaa692-5e8b-4a43-9b17-8175457f252e,0.9576525809288134
166f0dc0-c485-4452-b4e3-2a5225eb18e8,15aade2b-730e-4d31-a3d4-5bf3d63b39a7,0.9275969136931984
166f0dc0-c485-4452-b4e3-2a5225eb18e8,15ae2d87-a5d1-40c9-a893-aaaeba598c7b,0.9295321524841764
166f0dc0-c485-4452-b4e3-2a5225eb18e8,15aebf62-3184-4e0e-95a3-d0f73074cff6,0.7976244273459766
166f0dc0-c485-4452-b4e3-2a5225eb18e8,15af100e-551f-4f5a-aa06-281db742ab22,0.8341675231027166
166f0dc0-c485-4452-b4e3-2a5225eb18e8,15af8f41-a4b1-4b44-9f59-3d724bc304fe,0.9339986597184384
166f0dc0-c485-4452-b4e3-2a5225eb18e8,15af95fb-1ddf-4f96-a78f-f0084404b32b,0.9421550611923968
166f0dc0-c485-4452-b4e3-2a5225eb18e8,15afd5b2-d6cb-49dd-b7af-2ea24020d92c,0.8239144849084001
166f0dc0-c485-4452-b4e3-2a5225eb18e8,15b1c924-af54-48bf-af9c-336ba94a03b8,0.8672623264034716
166f0dc0-c485-4452-b4e3-2a5225eb18e8,15b2f124-45ff-4b8f-8d3c-fdefe7fc3560,0.6454127394385577
166f0dc0-c485-4452-b4e3-2a5225eb18e8,15b50777-1177-47d4-ab56-d0af04a4f091,0.8486908371027359
166f0dc0-c485-4452-b4e3-2a5225eb18e8,15b51a88-6865-416c-9050-526a9aa67644,0.9504979579919216
166f0dc0-c485-4452-b4e3-2a5225eb18e8,15b57b75-09f8-4067-b87e-ba46946c8ee9,0.9531124998461498
166f0dc0-c485-4452-b4e3-2a5225eb18e8,15b5fcf9-a76e-418e-8a36-00a05ae88c3d,0.886097736694319
166f0dc0-c485-4452-b4e3-2a5225eb18e8,15b97d37-3a79-4f76-b9a9-2161083c36b1,0.9629919161828124
166f0dc0-c485-4452-b4e3-2a5225eb18e8,15ba086c-eff7-4c21-974a-4966d25b2a35,0.7859750318021091
166f0dc0-c485-4452-b4e3-2a5225eb18e8,15bc7f9c-3760-4f92-8138-f28ce3d7afc2,0.9376435247925168
166f0dc0-c485-4452-b4e3-2a5225eb18e8,15bd7cf2-1039-425e-839c-3fa43c0b8a9f,0.6596376209485953
166f0dc0-c485-4452-b4e3-2a5225eb18e8,15bdb9de-52d9-42c4-bb04-53669aab9612,0.8535209592989561
166f0dc0-c485-4452-b4e3-2a5225eb18e8,15be4812-ad40-4975-82ed-e9c07f6c838a,0.4159392451598354
166f0dc0-c485-4452-b4e3-2a5225eb18e8,15c034a7-b78f-482b-9815-c23dddc06d5d,0.693212122321872
166f0dc0-c485-4452-b4e3-2a5225eb18e8,15c43926-5331-4478-b24e-bf67d4e6cde9,0.8110798333259204
166f0dc0-c485-4452-b4e3-2a5225eb18e8,15c53f85-cd79-4c8c-8405-e02a76bc5a6c,0.8223368955795408
166f0dc0-c485-4452-b4e3-2a5225eb18e8,15c5a2f8-1862-41f9-b714-ef31072a5c72,0.4696311772152394
166f0dc0-c485-4452-b4e3-2a5225eb18e8,15c805cc-289b-4313-b0f5-d0edea7a0d4b,0.8624920273540646
166f0dc0-c485-4452-b4e3-2a5225eb18e8,15cc1c49-839f-490e-9bfa-b1c39db9e8dc,0.9180046916951414
166f0dc0-c485-4452-b4e3-2a5225eb18e8,15d273b6-b3cc-44dc-995a-642ce394e28e,0.8675246493342608
166f0dc0-c485-4452-b4e3-2a5225eb18e8,15d35377-b3f5-4a4f-a094-4853ae21b439,0.8845813517507454
166f0dc0-c485-4452-b4e3-2a5225eb18e8,15d7041f-8ca7-406b-a45b-d3a5c4602b0a,0.7248669377467085
166f0dc0-c485-4452-b4e3-2a5225eb18e8,15d76b4f-3b1e-4db4-ad17-fe05f77c0fea,0.9472107351006208
166f0dc0-c485-4452-b4e3-2a5225eb18e8,15d79ce8-0354-42ad-a819-3a954bb2fdf1,0.7980640122290703
166f0dc0-c485-4452-b4e3-2a5225eb18e8,15d83817-0365-4184-8b7c-94588cda4e72,0.8875811079468083
166f0dc0-c485-4452-b4e3-2a5225eb18e8,15d8e4f5-e9b8-4684-9799-329a346462df,0.9438918466085804
166f0dc0-c485-4452-b4e3-2a5225eb18e8,15dabcf2-aa11-4572-9f6d-e9e52ad01f19,0.8999302116973362
166f0dc0-c485-4452-b4e3-2a5225eb18e8,15db6c07-7270-492a-bfa9-822f8f777513,0.4367039253591623
166f0dc0-c485-4452-b4e3-2a5225eb18e8,15dbc2a4-303b-4f36-ad11-b3053380d029,0.9153594149901544
166f0dc0-c485-4452-b4e3-2a5225eb18e8,15e0ccd3-66b6-4479-8394-5be53aa8f825,0.7769398851817827
166f0dc0-c485-4452-b4e3-2a5225eb18e8,15e45801-4379-4364-b3b2-e5083a96b79a,0.8262743866916524
166f0dc0-c485-4452-b4e3-2a5225eb18e8,15e59517-4038-4da7-8b53-68d6987d1045,0.5839220117019377
166f0dc0-c485-4452-b4e3-2a5225eb18e8,15e7dbee-a3e2-4fe0-aba1-16cb8caf3d1f,0.9509822605648038
166f0dc0-c485-4452-b4e3-2a5225eb18e8,15e8251d-09ab-4b26-83c5-c525b3b36e57,0.3669033207981715
166f0dc0-c485-4452-b4e3-2a5225eb18e8,15e88cb8-6885-48a5-9b6e-5ad81841761f,0.9400594758204944
166f0dc0-c485-4452-b4e3-2a5225eb18e8,15e8b6fb-cb88-4263-aeec-6c6bec3f37b7,0.8634314620790381
166f0dc0-c485-4452-b4e3-2a5225eb18e8,15eab392-bd56-4272-a187-9c2471ca8716,0.8945172244231552
166f0dc0-c485-4452-b4e3-2a5225eb18e8,15ed12b0-246f-4208-9519-4ecb91cef618,0.8397731838827301
166f0dc0-c485-4452-b4e3-2a5225eb18e8,15ed32b6-d829-46a9-b851-89b5f631002c,0.7758461348930406
166f0dc0-c485-4452-b4e3-2a5225eb18e8,15eef939-054a-4358-92ed-c485364d01eb,0.8147588033000633
166f0dc0-c485-4452-b4e3-2a5225eb18e8,15ef73af-eb75-4eba-bb61-993bcad12632,0.3437042731011595
166f0dc0-c485-4452-b4e3-2a5225eb18e8,15eff749-a1b4-414b-b8e4-9b2f1a307ef9,0.7681209813327632
166f0dc0-c485-4452-b4e3-2a5225eb18e8,15f0bf68-c540-4ef1-807e-bc03a1e20ccd,0.8795764290741886
166f0dc0-c485-4452-b4e3-2a5225eb18e8,15f2bbb6-bb9e-4b54-896a-6e4efcbeab21,0.5584995083664644
166f0dc0-c485-4452-b4e3-2a5225eb18e8,15f4fd61-2136-4718-88c3-8adfaeb80f91,0.5150218675989642
166f0dc0-c485-4452-b4e3-2a5225eb18e8,15f611ad-5ec3-4a66-809c-14790b11307a,0.7725984797215585
166f0dc0-c485-4452-b4e3-2a5225eb18e8,15f7244b-ee33-4a15-8834-de89a9d10a0f,0.8717015160767253
166f0dc0-c485-4452-b4e3-2a5225eb18e8,15f78e3b-b76e-44e4-a152-e9d8d5fce324,0.8973373951547293
166f0dc0-c485-4452-b4e3-2a5225eb18e8,15f7b292-7c25-4ffa-8b9b-1ece8cbe5c92,0.7267238041479596
166f0dc0-c485-4452-b4e3-2a5225eb18e8,15f7c4e7-a671-4433-8ded-aa4073e0e532,0.7496567842712393
166f0dc0-c485-4452-b4e3-2a5225eb18e8,15f8d0ce-ed96-48b5-8cc9-779f996e92a5,0.9345007443543198
166f0dc0-c485-4452-b4e3-2a5225eb18e8,15f9322f-7d43-4e27-b97c-b9b485a05c09,0.7586496113340218
166f0dc0-c485-4452-b4e3-2a5225eb18e8,15fb1a34-218d-4c53-907d-bee53ec40d2e,0.6896398890449703
166f0dc0-c485-4452-b4e3-2a5225eb18e8,15fbd161-9fb7-4c66-b060-b13bcb4b3686,0.4612952187723942
166f0dc0-c485-4452-b4e3-2a5225eb18e8,15fd187b-c757-408c-a256-56fc7d61bc55,0.9152900880380233
166f0dc0-c485-4452-b4e3-2a5225eb18e8,15fdfb39-88a1-40d5-9888-553dfa3b480f,0.6367958419666112
166f0dc0-c485-4452-b4e3-2a5225eb18e8,1600d7be-3c8d-4f96-a5dc-053fe5834cc8,0.7432125388069852
166f0dc0-c485-4452-b4e3-2a5225eb18e8,1600e63b-eb07-4d77-9eaa-caaee2c8019a,0.6469666764074931
166f0dc0-c485-4452-b4e3-2a5225eb18e8,16019a86-3b98-43ab-9495-27c063bef8bc,0.8503758125634494
166f0dc0-c485-4452-b4e3-2a5225eb18e8,16019d95-815b-4771-9ef5-98745933680c,0.829324418106636
166f0dc0-c485-4452-b4e3-2a5225eb18e8,16019e2e-1b75-4308-847a-109ea0b12afd,0.9707382441048278
166f0dc0-c485-4452-b4e3-2a5225eb18e8,16022952-7924-41ef-af17-f48400f9b51d,0.8929882929691922
166f0dc0-c485-4452-b4e3-2a5225eb18e8,160234e2-c286-42a2-a9c1-7812a4402346,0.9644324739089402
166f0dc0-c485-4452-b4e3-2a5225eb18e8,1603057d-c5c8-44f0-9dc6-4920479392c2,0.362510665565128
166f0dc0-c485-4452-b4e3-2a5225eb18e8,16036df7-9b55-4115-a78c-b5ecfeb96620,0.793712601082865
166f0dc0-c485-4452-b4e3-2a5225eb18e8,16078abe-8dc0-490e-b87c-c892471bd5b5,0.8750910943672898
166f0dc0-c485-4452-b4e3-2a5225eb18e8,1608124b-e9af-47f9-af6f-7435c3f843f1,0.9874746622096858
166f0dc0-c485-4452-b4e3-2a5225eb18e8,1609390d-5d28-4864-beb6-b5e9a7bc0919,0.7747122923195033
166f0dc0-c485-4452-b4e3-2a5225eb18e8,160a4b3a-573b-42bf-b7e0-f18bda90bfd0,0.7840464252645112
166f0dc0-c485-4452-b4e3-2a5225eb18e8,160c8a16-7052-4617-b3e1-3f4bd5c98651,0.7216306860462484
166f0dc0-c485-4452-b4e3-2a5225eb18e8,160dca32-53a4-43c1-b91d-aa3c0d244c9a,0.8174598501238135
166f0dc0-c485-4452-b4e3-2a5225eb18e8,160e0dc3-9597-4928-aef7-9b3d744190e4,0.8453592953425177
166f0dc0-c485-4452-b4e3-2a5225eb18e8,160f0089-56d0-40d0-aea2-3fb3d3a1df04,0.958829794938031
166f0dc0-c485-4452-b4e3-2a5225eb18e8,1610661f-b0fd-400c-9f0f-1b638a0c4958,0.9131430291037244
166f0dc0-c485-4452-b4e3-2a5225eb18e8,161122e1-8804-48af-8040-98c5e0ef1156,0.8779275693277294
166f0dc0-c485-4452-b4e3-2a5225eb18e8,16135232-1c08-40de-96c3-7fef627c0bcf,0.6983606314162671
166f0dc0-c485-4452-b4e3-2a5225eb18e8,1613e6bc-82b6-470d-8b73-b3c905891e19,0.8520969619396077
166f0dc0-c485-4452-b4e3-2a5225eb18e8,16145c95-394d-4c11-8836-f8217b22315f,0.7178051551374677
166f0dc0-c485-4452-b4e3-2a5225eb18e8,1615bd29-eebc-44da-abb6-15cae09a3ff2,0.5999667791906891
166f0dc0-c485-4452-b4e3-2a5225eb18e8,1616898f-a604-416b-8ea4-a5a101a30632,0.961535546480869
166f0dc0-c485-4452-b4e3-2a5225eb18e8,161689e2-cbdc-414e-a90b-d9076ba06c43,0.5466041842725954
166f0dc0-c485-4452-b4e3-2a5225eb18e8,16174d84-736f-42be-8f11-374573fb6abc,0.7247134588392894
166f0dc0-c485-4452-b4e3-2a5225eb18e8,161918cc-f9a5-4f66-873d-c1be529f48c4,0.91623563841115
166f0dc0-c485-4452-b4e3-2a5225eb18e8,161927cb-fa7f-415e-9c06-adb7ce1e845d,0.8483456390017792
166f0dc0-c485-4452-b4e3-2a5225eb18e8,1619f888-c775-4b84-b71b-4c31b2c764a8,0.7176720953970147
166f0dc0-c485-4452-b4e3-2a5225eb18e8,161afdeb-6994-4aa8-8593-ed1632767c57,0.9117490087472284
166f0dc0-c485-4452-b4e3-2a5225eb18e8,161b7b26-7474-4d7f-81d9-47a7999d5920,0.5621950878300974
166f0dc0-c485-4452-b4e3-2a5225eb18e8,161c2f6b-206f-4df1-bea8-694f51b5caa5,0.979015481601222
166f0dc0-c485-4452-b4e3-2a5225eb18e8,161c538b-208d-44e5-b72c-81c012b1258f,0.7581828312280993
166f0dc0-c485-4452-b4e3-2a5225eb18e8,161e80c4-cfc8-4340-b627-4dd1500572c6,0.9623259168432288
166f0dc0-c485-4452-b4e3-2a5225eb18e8,161ea7bc-9251-4d34-98b0-c07d5b972a1d,0.8364691859804697
166f0dc0-c485-4452-b4e3-2a5225eb18e8,161eac51-2736-4904-be5f-c06bb2ef6394,0.8383748844037805
166f0dc0-c485-4452-b4e3-2a5225eb18e8,161f72f1-326a-4992-b37c-f1eba6531948,0.5111844438254058
166f0dc0-c485-4452-b4e3-2a5225eb18e8,161fdf51-7804-4424-b7a7-1c13bd77aa80,0.7647148998713182
166f0dc0-c485-4452-b4e3-2a5225eb18e8,1621f139-9715-434d-a0f0-fc1d3bb2c14a,0.8077806104574788
166f0dc0-c485-4452-b4e3-2a5225eb18e8,1623b86c-fcd9-45c2-bef2-86b927ed759f,0.5543100288531072
166f0dc0-c485-4452-b4e3-2a5225eb18e8,16245319-dc87-4f0a-b16a-023f42ac5944,0.7867141127767555
166f0dc0-c485-4452-b4e3-2a5225eb18e8,16250ab9-4647-4e32-ac95-587a47e26c77,0.8156949433707301
166f0dc0-c485-4452-b4e3-2a5225eb18e8,16252fba-7c5b-46ed-b07b-faa81374f816,0.972786889912767
166f0dc0-c485-4452-b4e3-2a5225eb18e8,16268655-b912-4cd7-8209-3b61f3325150,0.8936769464374171
166f0dc0-c485-4452-b4e3-2a5225eb18e8,1626a668-46e8-43c6-a05a-0900e4c3a4e5,0.7634924335237417
166f0dc0-c485-4452-b4e3-2a5225eb18e8,1627014f-2654-495b-a554-f1061b766168,0.9098160872057646
166f0dc0-c485-4452-b4e3-2a5225eb18e8,162a5dcb-89ed-411f-81a7-b65eec71ce08,0.8089002087900009
166f0dc0-c485-4452-b4e3-2a5225eb18e8,162c8781-7bd3-45e5-b19d-ccc4a992911c,0.699365567605268
166f0dc0-c485-4452-b4e3-2a5225eb18e8,163184ad-ae3d-4207-9bee-773944bfd219,0.9375308912538884
166f0dc0-c485-4452-b4e3-2a5225eb18e8,1634121b-f120-4ff6-8e3b-52adf6175d34,0.5949871185107808
166f0dc0-c485-4452-b4e3-2a5225eb18e8,163432f1-2ce6-4472-8cc7-4a292c27fa5e,0.8412532582136526
166f0dc0-c485-4452-b4e3-2a5225eb18e8,163464a4-9909-490a-a651-88b12f759611,0.948351412127226
166f0dc0-c485-4452-b4e3-2a5225eb18e8,163524db-a6ca-4772-9fb4-0d3995e251bc,0.7180733416309187
166f0dc0-c485-4452-b4e3-2a5225eb18e8,1635e1cd-717e-4739-95ec-50874b8bce11,0.7318294435645021
166f0dc0-c485-4452-b4e3-2a5225eb18e8,1636726f-a633-4c39-b3e4-09833feac341,0.7757590990749857
166f0dc0-c485-4452-b4e3-2a5225eb18e8,16370083-d1fa-46a5-b4a9-2a2cf3269580,0.7027557633254763
166f0dc0-c485-4452-b4e3-2a5225eb18e8,16370e78-5d81-4bb8-b45c-0cde24b2b714,0.874990399758329
166f0dc0-c485-4452-b4e3-2a5225eb18e8,163730b7-2aae-4d06-b3a0-76071d740b3c,0.945807473314279
166f0dc0-c485-4452-b4e3-2a5225eb18e8,16376227-2cd1-4535-b2f8-9a46afe89718,0.86063427194696
166f0dc0-c485-4452-b4e3-2a5225eb18e8,163ad974-a6af-4077-8917-2c58af391146,0.2396487196396193
166f0dc0-c485-4452-b4e3-2a5225eb18e8,163b3f1a-6488-43fa-80af-59552da6c685,0.8550199128794167
166f0dc0-c485-4452-b4e3-2a5225eb18e8,163ba198-525c-43bd-8291-f0e0c5d3fd52,0.4720670169916719
166f0dc0-c485-4452-b4e3-2a5225eb18e8,163c43d1-7c9e-403b-9e62-b91fc7f6d2e2,0.4005044161418755
166f0dc0-c485-4452-b4e3-2a5225eb18e8,163caf3d-9c56-42a9-ac71-8415557409d5,0.9099231616319906
166f0dc0-c485-4452-b4e3-2a5225eb18e8,163d1c3d-ce0a-459d-a7e6-7b976720ad49,0.7421101137546636
166f0dc0-c485-4452-b4e3-2a5225eb18e8,163e2777-3964-492e-bce5-5d8f787b9754,0.928131670588315
166f0dc0-c485-4452-b4e3-2a5225eb18e8,163f9e3d-12d5-43f4-99e7-a82ee329d0ec,0.8340154648851135
166f0dc0-c485-4452-b4e3-2a5225eb18e8,16402029-4b51-4ebf-be84-108ddde00bef,0.8175955846443437
166f0dc0-c485-4452-b4e3-2a5225eb18e8,16411636-5798-4445-8899-5e8f72e4122c,0.7621337896697609
166f0dc0-c485-4452-b4e3-2a5225eb18e8,1642fb17-cc16-4727-bdee-4ed66932552e,0.5708814723251797
166f0dc0-c485-4452-b4e3-2a5225eb18e8,164644d2-2c45-4408-8434-14625ee99332,0.7902860644024285
166f0dc0-c485-4452-b4e3-2a5225eb18e8,1648bf6b-65a8-433b-9501-2458c0fbd2ad,0.3237133078825797
166f0dc0-c485-4452-b4e3-2a5225eb18e8,164943eb-78a7-407a-a003-d6f7feb1dc24,0.864986643368013
166f0dc0-c485-4452-b4e3-2a5225eb18e8,1649ab19-4336-4ae2-ba8d-a05f754abace,0.9387001197887146
166f0dc0-c485-4452-b4e3-2a5225eb18e8,164b5710-466b-4efd-be94-47374d006c07,0.9408205020232268
166f0dc0-c485-4452-b4e3-2a5225eb18e8,164b82ae-d43d-41f6-9544-6b527e4edc1a,0.8127605783684352
166f0dc0-c485-4452-b4e3-2a5225eb18e8,164bbec0-7cea-491a-afec-190fa1732d66,0.591187447157696
166f0dc0-c485-4452-b4e3-2a5225eb18e8,164c2558-f519-49f4-a164-a609df195bff,0.4362845188863191
166f0dc0-c485-4452-b4e3-2a5225eb18e8,164ce14b-238e-424a-a43c-4dbb03410817,0.9655372785505276
166f0dc0-c485-4452-b4e3-2a5225eb18e8,16506f2f-3cd2-454a-9bb0-21e7573b19da,0.506592670302493
166f0dc0-c485-4452-b4e3-2a5225eb18e8,165373d0-ee09-4397-9e6c-bbc8590b68b2,0.9439692161956772
166f0dc0-c485-4452-b4e3-2a5225eb18e8,165426e0-e5b1-4dfc-bd73-991c40ca8336,0.870691990229857
166f0dc0-c485-4452-b4e3-2a5225eb18e8,165440a2-9376-4ae8-aa73-990163cdd5d7,0.7559286475209137
166f0dc0-c485-4452-b4e3-2a5225eb18e8,16554e24-ea94-49d0-9057-b26b31d1d1e4,0.881435926743146
166f0dc0-c485-4452-b4e3-2a5225eb18e8,1658054f-2ba3-47ce-adb0-3c6fb8c80829,0.7576382473824007
166f0dc0-c485-4452-b4e3-2a5225eb18e8,165870a9-15cf-432e-8488-d5e5798aa6cc,0.7325635288197717
166f0dc0-c485-4452-b4e3-2a5225eb18e8,16596212-5224-4a5c-930f-b16d35f71fa8,0.8148246681122217
166f0dc0-c485-4452-b4e3-2a5225eb18e8,1659a511-9fff-4784-8b63-364f2c46eaf9,0.7838562532668876
166f0dc0-c485-4452-b4e3-2a5225eb18e8,165e9327-19c6-46d5-bffd-5a35a41b920d,0.9807601006770248
166f0dc0-c485-4452-b4e3-2a5225eb18e8,165f0d7b-1368-48b0-8bb3-2cd6ffc82f4a,0.8299072300222669
166f0dc0-c485-4452-b4e3-2a5225eb18e8,165fe20c-4ac1-4d58-b0b2-e303b8d61249,0.9052984785309304
166f0dc0-c485-4452-b4e3-2a5225eb18e8,1661b112-bb18-4775-875f-584abdd01d1f,0.8086693062408813
166f0dc0-c485-4452-b4e3-2a5225eb18e8,166270ba-5fac-4606-bc50-a35d0bce5671,0.6956229393115358
166f0dc0-c485-4452-b4e3-2a5225eb18e8,166454c8-03ce-4ef9-a833-0951fdfe0e5c,0.2268532336488232
166f0dc0-c485-4452-b4e3-2a5225eb18e8,166665b0-11f6-43b4-bc38-0365e7c9b35d,0.7714002483876049
166f0dc0-c485-4452-b4e3-2a5225eb18e8,16684607-c184-4474-93ea-0bf8515db4e9,0.942167057781384
166f0dc0-c485-4452-b4e3-2a5225eb18e8,1668fa49-0247-4119-8081-49d5667bfc42,0.9310844188569356
166f0dc0-c485-4452-b4e3-2a5225eb18e8,1669b3a8-3ea6-4eb6-b11f-20915590f176,0.6901775703162277
166f0dc0-c485-4452-b4e3-2a5225eb18e8,166aeff0-e96a-460f-b00f-ce3c74586a2e,0.9739686890896136
166f0dc0-c485-4452-b4e3-2a5225eb18e8,166af057-2a1f-4e26-b567-4ae785604be2,0.807507145965963
166f0dc0-c485-4452-b4e3-2a5225eb18e8,166c257a-5cb7-454f-9f16-5a205b283a0d,0.920847606989485
166f0dc0-c485-4452-b4e3-2a5225eb18e8,166c2af8-77c5-4ae2-ac81-50cbad777246,0.4362094789667406
166f0dc0-c485-4452-b4e3-2a5225eb18e8,166ef0df-1c26-4ec7-9fed-8ccb5a5b6945,0.78134910398238
166f0dc0-c485-4452-b4e3-2a5225eb18e8,16706466-4218-46ce-b720-aefdb5dba600,0.8535415634452918
166f0dc0-c485-4452-b4e3-2a5225eb18e8,16719eaf-0d3e-43f3-80d0-3251cfd02ec2,0.8696589432311123
166f0dc0-c485-4452-b4e3-2a5225eb18e8,16723255-3cba-451a-a0fb-ba7f3a14a6b0,0.8196652951153919
166f0dc0-c485-4452-b4e3-2a5225eb18e8,167252cf-32d3-4b82-b242-27746ca07df3,0.8935240442966037
166f0dc0-c485-4452-b4e3-2a5225eb18e8,1672857b-9ac5-4f05-ba1d-14287fc9b2c3,0.825801050991096
166f0dc0-c485-4452-b4e3-2a5225eb18e8,1672b461-c84c-441b-a5d6-9c0ec4ee3f76,0.919050541619436
166f0dc0-c485-4452-b4e3-2a5225eb18e8,167367ab-edcf-4ffc-a9d2-e528af222060,0.9097280151273512
166f0dc0-c485-4452-b4e3-2a5225eb18e8,1673be0d-4084-488b-8ef0-23ca95bc4e2b,0.882212088512386
166f0dc0-c485-4452-b4e3-2a5225eb18e8,16747e6e-44af-4cda-af74-5f1e1182fbd5,0.7764921439714847
166f0dc0-c485-4452-b4e3-2a5225eb18e8,1676481a-3458-414f-9e88-21619983da9c,0.8777464242218316
166f0dc0-c485-4452-b4e3-2a5225eb18e8,16765ce0-942e-4267-ad81-2788c5687b3e,0.9173356625397208
166f0dc0-c485-4452-b4e3-2a5225eb18e8,1676b05b-3405-40a9-b52e-62e6f085321b,0.6952375624155728
166f0dc0-c485-4452-b4e3-2a5225eb18e8,167751e2-6b68-4180-9b04-24b54595338d,0.7943595241766455
166f0dc0-c485-4452-b4e3-2a5225eb18e8,1678a916-000a-48be-ad1d-468bd0b92872,0.6066504307766423
166f0dc0-c485-4452-b4e3-2a5225eb18e8,167b954a-9637-4ed6-b5be-d5a23ba6589a,0.645810642684195
166f0dc0-c485-4452-b4e3-2a5225eb18e8,167e1ad4-bced-42ba-bfe5-96d5a9c87619,0.903021226655588
166f0dc0-c485-4452-b4e3-2a5225eb18e8,167e84aa-6f11-406d-9291-3c1b4f12f75d,0.7105054370099079
166f0dc0-c485-4452-b4e3-2a5225eb18e8,1681d2fd-8ba0-4a06-a121-8ff550d8f72c,0.9332939081936864
166f0dc0-c485-4452-b4e3-2a5225eb18e8,1682d1c3-e936-4f49-8cb7-074a8fe9342d,0.953089183022404
166f0dc0-c485-4452-b4e3-2a5225eb18e8,16845343-a531-464c-9b58-49eaeae44556,0.3216550969162208
166f0dc0-c485-4452-b4e3-2a5225eb18e8,1684e9e8-1358-4dfb-814e-38c7d985e244,0.341678396377316
166f0dc0-c485-4452-b4e3-2a5225eb18e8,16862460-85e1-4718-93ff-e695c46a3bc2,0.8836395317435332
166f0dc0-c485-4452-b4e3-2a5225eb18e8,16863177-14f3-4fd6-a675-e26b9608dff3,0.8575711892626751
166f0dc0-c485-4452-b4e3-2a5225eb18e8,168642bd-43ce-45a5-b43f-fcac579ba6a8,0.9477138763872592
166f0dc0-c485-4452-b4e3-2a5225eb18e8,16868e8a-1f46-43c8-a2b4-4131e1167c83,0.8229334495861643
166f0dc0-c485-4452-b4e3-2a5225eb18e8,1686da35-4326-457d-ac33-daa81df9d78f,0.7204931965157346
166f0dc0-c485-4452-b4e3-2a5225eb18e8,16871836-fb6d-48a9-87da-5caa2482f8f2,0.7056812690291607
166f0dc0-c485-4452-b4e3-2a5225eb18e8,16872c0b-aff5-470b-abd2-9b63b7b96e2e,0.8517666354146247
166f0dc0-c485-4452-b4e3-2a5225eb18e8,16889f9f-bd83-4348-809a-618fe5534d6e,0.7177449143065437
166f0dc0-c485-4452-b4e3-2a5225eb18e8,168abdc2-6212-421b-b506-535fdc6c2bb2,0.7787466042840993
166f0dc0-c485-4452-b4e3-2a5225eb18e8,168de885-f9d0-4331-ba96-aede1c06b61d,0.8707183769532398
166f0dc0-c485-4452-b4e3-2a5225eb18e8,168eeb8a-344d-4a64-ba62-cd2b136eb73b,0.671816111724114
166f0dc0-c485-4452-b4e3-2a5225eb18e8,168efe17-9134-4df4-b65f-64cad4169564,0.6417542171179789
166f0dc0-c485-4452-b4e3-2a5225eb18e8,168f72cf-65a2-4fbd-8943-65c57274b032,0.681529845456488
166f0dc0-c485-4452-b4e3-2a5225eb18e8,1690435c-935f-4a05-afd2-2cd7d35d2591,0.6442327383579787
166f0dc0-c485-4452-b4e3-2a5225eb18e8,169061ee-a51e-4f38-98d3-51facd487cf9,0.7026751991295995
166f0dc0-c485-4452-b4e3-2a5225eb18e8,1691066c-b130-4165-b7b9-42c02a52d2d3,0.7856305984830924
166f0dc0-c485-4452-b4e3-2a5225eb18e8,1691a785-82a3-4c1b-ab10-f1cac474401b,0.6784528258587862
166f0dc0-c485-4452-b4e3-2a5225eb18e8,1691c165-1f01-4fb7-8471-928623923a88,0.8662437195167322
166f0dc0-c485-4452-b4e3-2a5225eb18e8,16924dc8-137d-4366-aa07-9f958bee1e74,0.7486943308478615
166f0dc0-c485-4452-b4e3-2a5225eb18e8,1692fdff-674f-434d-aace-fee588413eb0,0.9600425143037912
166f0dc0-c485-4452-b4e3-2a5225eb18e8,16931f22-f05b-490f-aa30-b54d9f66ec3a,0.7285287906854225
166f0dc0-c485-4452-b4e3-2a5225eb18e8,169376dc-d923-43a0-876f-7678c1431a05,0.7246711488543214
166f0dc0-c485-4452-b4e3-2a5225eb18e8,1694206e-77c0-4e70-861b-4026fbfef535,0.3143914775363075
166f0dc0-c485-4452-b4e3-2a5225eb18e8,169589e6-7464-4565-868e-6a9208a1ce2c,0.9240582895059914
166f0dc0-c485-4452-b4e3-2a5225eb18e8,16961314-3f1f-4150-8978-cb8bf1c38e11,0.6470610575080084
166f0dc0-c485-4452-b4e3-2a5225eb18e8,169ab1af-78b3-4aab-9066-7f1859eb38ef,0.9730139192795806
166f0dc0-c485-4452-b4e3-2a5225eb18e8,169abf7f-e7da-49aa-8080-a217e88826cb,0.8300150394433189
166f0dc0-c485-4452-b4e3-2a5225eb18e8,169b6765-de34-4a15-ab4a-e5ed94606045,0.3808375151692962
166f0dc0-c485-4452-b4e3-2a5225eb18e8,169de417-43e0-462c-9b98-5f998fa80c52,0.925053522070896
166f0dc0-c485-4452-b4e3-2a5225eb18e8,169f4cda-9e5f-4150-b091-f16293f0407f,0.5862294317996882
166f0dc0-c485-4452-b4e3-2a5225eb18e8,169f6b97-7c13-4d03-952c-fc6bd1882dfc,0.7486531535960884
166f0dc0-c485-4452-b4e3-2a5225eb18e8,16a07d60-fd51-41f9-b359-a860fb6b5709,0.3198118419542763
166f0dc0-c485-4452-b4e3-2a5225eb18e8,16a126c3-5b1f-4401-83f3-36c0add88f3f,0.7457124035956557
166f0dc0-c485-4452-b4e3-2a5225eb18e8,16a13ce7-c786-415f-a895-52dfe9df160f,0.7160822908342511
166f0dc0-c485-4452-b4e3-2a5225eb18e8,16a30268-41f7-47f6-915a-9405aa87e7bb,0.8728886013679764
166f0dc0-c485-4452-b4e3-2a5225eb18e8,16a354b7-d097-425c-b260-67213286fccc,0.8905072337433353
166f0dc0-c485-4452-b4e3-2a5225eb18e8,16a4333c-5f3c-44d4-83bf-de28ff72d8a3,0.4673289593973236
166f0dc0-c485-4452-b4e3-2a5225eb18e8,16a47192-5976-43cd-a4c7-bd5a7cddefcb,0.6495717460992004
166f0dc0-c485-4452-b4e3-2a5225eb18e8,16a5439f-9fff-41aa-babb-4a00887e788d,0.8956796092108641
166f0dc0-c485-4452-b4e3-2a5225eb18e8,16a5bf8e-96bb-4eca-8e13-1f80492f82ba,0.6346713666310443
166f0dc0-c485-4452-b4e3-2a5225eb18e8,16a6d048-df97-47c6-8b8d-7e64d18525cd,0.368475567467251
166f0dc0-c485-4452-b4e3-2a5225eb18e8,16a86a4d-f3f5-45e7-9e7d-cc64af7d2287,0.7021085979942925
166f0dc0-c485-4452-b4e3-2a5225eb18e8,16a94daa-af5f-42ac-a05f-b645886eb8c0,0.9715593563799412
166f0dc0-c485-4452-b4e3-2a5225eb18e8,16ac933c-20dc-4eb7-8b92-c182a96db6d8,0.8826228778873952
166f0dc0-c485-4452-b4e3-2a5225eb18e8,16ad4c66-d776-43fa-8f25-f13292808b2f,0.8226191818610398
166f0dc0-c485-4452-b4e3-2a5225eb18e8,16ae1dc7-fc81-4471-9e36-47e0df216bdc,0.8746335947142766
166f0dc0-c485-4452-b4e3-2a5225eb18e8,16ae2606-2194-4599-8fcb-c70451342301,0.949366315310164
166f0dc0-c485-4452-b4e3-2a5225eb18e8,16ae35a3-551c-41b1-b871-649c715a9a1c,0.6543504365096221
166f0dc0-c485-4452-b4e3-2a5225eb18e8,16aeaad5-3a82-4f24-94af-a5b9b29b47a0,0.8109610844461876
166f0dc0-c485-4452-b4e3-2a5225eb18e8,16aedc09-a3c2-4c12-bc49-d9eb964f3d35,0.6505958519060114
166f0dc0-c485-4452-b4e3-2a5225eb18e8,16b02c12-78c2-44e2-8034-176ebd79b4c9,0.966770270907972
166f0dc0-c485-4452-b4e3-2a5225eb18e8,16b0658d-2306-4115-a202-11db660ceb84,0.8468558047274063
166f0dc0-c485-4452-b4e3-2a5225eb18e8,16b10476-2c40-4fd5-9e15-ec616da2f37e,0.428339426902786
166f0dc0-c485-4452-b4e3-2a5225eb18e8,16b13183-ad73-4464-a915-692c9b685c02,0.9209623685114164
166f0dc0-c485-4452-b4e3-2a5225eb18e8,16b139e3-e0d9-4366-a37e-2c7b06365abb,0.7982997587862748
166f0dc0-c485-4452-b4e3-2a5225eb18e8,16b4d20e-81c7-41a3-851e-f85c703c069a,0.7339542341469842
166f0dc0-c485-4452-b4e3-2a5225eb18e8,16b69d6d-d1c6-4297-b51f-a60ff526b788,0.1651765475055113
166f0dc0-c485-4452-b4e3-2a5225eb18e8,16b80722-cdec-4546-8fc5-c9b8abcde918,0.8487071589844342
166f0dc0-c485-4452-b4e3-2a5225eb18e8,16b8a69d-4049-419e-aec7-d5fc1b5812b6,0.5726765114658698
166f0dc0-c485-4452-b4e3-2a5225eb18e8,16b8fdc9-c30e-4eb1-91c6-18e96610d4d6,0.7282285762628218
166f0dc0-c485-4452-b4e3-2a5225eb18e8,16b94b63-51b8-4375-b01b-a749236e405a,0.6542558116776207
166f0dc0-c485-4452-b4e3-2a5225eb18e8,16bbd225-7ac8-43e0-af9b-d2facf06c65f,0.8864602103424705
166f0dc0-c485-4452-b4e3-2a5225eb18e8,16be4750-8d4b-4e0f-8bcd-1f23ead12fc9,0.8852208118748597
166f0dc0-c485-4452-b4e3-2a5225eb18e8,16bf598f-0a1d-4f60-b288-7ddb70ad051c,0.8683680819870093
166f0dc0-c485-4452-b4e3-2a5225eb18e8,16c1244c-df05-49ef-a05a-62ff2b720f18,0.5997177256252837
166f0dc0-c485-4452-b4e3-2a5225eb18e8,16c14e7c-193a-4700-b377-d19e0b87fa9d,0.8484751218890756
166f0dc0-c485-4452-b4e3-2a5225eb18e8,16c16eda-eeed-4319-bdc4-73d025b2ecc2,0.8507797603285584
166f0dc0-c485-4452-b4e3-2a5225eb18e8,16c22f4b-5f09-4396-8ffa-e5016b0cc3e3,0.8349466781615476
166f0dc0-c485-4452-b4e3-2a5225eb18e8,16c29b39-ef2d-40c6-ad6a-768fe0e0e55d,0.9270067540441717
166f0dc0-c485-4452-b4e3-2a5225eb18e8,16c4a1db-2ddb-422f-a304-8d4d2beb2a5a,0.7305166826149496
166f0dc0-c485-4452-b4e3-2a5225eb18e8,16c7b30f-4dd3-4708-a2bd-e793f653ae94,0.535551543850584
166f0dc0-c485-4452-b4e3-2a5225eb18e8,16c82753-806f-4dc0-860f-a13c8fe5d2f5,0.8635679770921351
166f0dc0-c485-4452-b4e3-2a5225eb18e8,16c896bd-1a2c-4a57-bd58-6cb2df1de2da,0.8263790089860651
166f0dc0-c485-4452-b4e3-2a5225eb18e8,16c8d9fa-e040-4482-ba3d-1b12d804cd66,0.8210307074471077
166f0dc0-c485-4452-b4e3-2a5225eb18e8,16c93ad7-8855-4a1a-b418-297d0e298622,0.9066407090583256
166f0dc0-c485-4452-b4e3-2a5225eb18e8,16cb4681-a1b4-4b31-a34d-79a3a30c60cf,0.8372616574433368
166f0dc0-c485-4452-b4e3-2a5225eb18e8,16cbda22-0e89-4bed-849a-597f597aecc3,0.9748173426193728
166f0dc0-c485-4452-b4e3-2a5225eb18e8,16cc6777-c4f8-40b0-9038-789266070c6d,0.8583153029224341
166f0dc0-c485-4452-b4e3-2a5225eb18e8,16cdb71a-5bed-4261-8bfa-da4f4ee3abcc,0.6422745743546378
166f0dc0-c485-4452-b4e3-2a5225eb18e8,16cff90a-5002-42fb-ab15-d9acd7c98039,0.821672451440634
166f0dc0-c485-4452-b4e3-2a5225eb18e8,16d03e39-29b3-4464-9ce3-5fa3d1ddc183,0.5893795178329194
166f0dc0-c485-4452-b4e3-2a5225eb18e8,16d046b4-1a2e-4c54-83f1-6c78de6b2088,0.9774334490166614
166f0dc0-c485-4452-b4e3-2a5225eb18e8,16d4a47c-68a4-4dd7-8d1a-f9a82d1a23bf,0.8701204822099141
166f0dc0-c485-4452-b4e3-2a5225eb18e8,16d575a8-298a-4ee6-8a40-2001a3dd9c12,0.7454421353175498
166f0dc0-c485-4452-b4e3-2a5225eb18e8,16d59396-17b7-45cc-a3bf-791950b68f56,0.6798625351569861
166f0dc0-c485-4452-b4e3-2a5225eb18e8,16d67e80-5bd1-455f-aa1c-58d0f65e5593,0.811654378402173
166f0dc0-c485-4452-b4e3-2a5225eb18e8,16d7241c-f59c-49c6-a25a-3b876afa6e26,0.4899145836828801
166f0dc0-c485-4452-b4e3-2a5225eb18e8,16d9fc93-fa5a-487f-93f3-5f02a1533c04,0.9045940721590708
166f0dc0-c485-4452-b4e3-2a5225eb18e8,16dc4eb9-9275-4470-8898-10081ea55498,0.6505855485121509
166f0dc0-c485-4452-b4e3-2a5225eb18e8,16dca853-9297-473c-8778-b96a2f316e71,0.9809750062647572
166f0dc0-c485-4452-b4e3-2a5225eb18e8,16ddd564-584b-4b34-a3da-dbe04dd0dae5,0.9547179885690394
166f0dc0-c485-4452-b4e3-2a5225eb18e8,16e16d7f-3dd4-4c72-a615-a119f8f507ed,0.6560912437089539
166f0dc0-c485-4452-b4e3-2a5225eb18e8,16e5488d-243e-4ac1-ad55-c3c47b706351,0.8192417733202998
166f0dc0-c485-4452-b4e3-2a5225eb18e8,16e70e22-ad3c-4cd6-9a19-2d003d2cd600,0.5210613277347136
166f0dc0-c485-4452-b4e3-2a5225eb18e8,16e79ab7-ab1a-4c44-b276-965ddc709122,0.4315882084650997
166f0dc0-c485-4452-b4e3-2a5225eb18e8,16edaad9-a28c-448b-8bf6-7f241cb3197a,0.4128049151202714
166f0dc0-c485-4452-b4e3-2a5225eb18e8,16f40e23-02bf-4cc8-92e2-94ee25dfe7aa,0.952470673189266
166f0dc0-c485-4452-b4e3-2a5225eb18e8,16f45d73-7c13-4dc0-bb74-643849745719,0.6394186852579453
166f0dc0-c485-4452-b4e3-2a5225eb18e8,16f535b6-e8f3-44c0-8260-92c897f02ced,0.8612803015644724
166f0dc0-c485-4452-b4e3-2a5225eb18e8,16f67358-1856-4805-980f-85f8fc42e93a,0.7976699750415789
166f0dc0-c485-4452-b4e3-2a5225eb18e8,17d98a8e-67fc-4af6-83e1-636c8ea5d3a6,0.3707713651616673
166f0dc0-c485-4452-b4e3-2a5225eb18e8,17dacfb9-28be-4d88-81e4-6a6e0bd8c1a9,0.3593796133299224
166f0dc0-c485-4452-b4e3-2a5225eb18e8,17dae1da-4c9f-4294-b9ae-b29ec93adb52,0.8671935269316862
166f0dc0-c485-4452-b4e3-2a5225eb18e8,17db99a2-11d0-4b8a-8b62-9f85ec8ec92b,0.9695557808352993
166f0dc0-c485-4452-b4e3-2a5225eb18e8,17dcb961-3406-4696-8e97-b9ab7d39ae72,0.8993689610204492
166f0dc0-c485-4452-b4e3-2a5225eb18e8,17df03b1-747b-4d0c-a066-5294432b3a06,0.9176395722678732
166f0dc0-c485-4452-b4e3-2a5225eb18e8,17df2985-cf02-4b59-92d4-416a71bf472c,0.9161202928191784
166f0dc0-c485-4452-b4e3-2a5225eb18e8,17e0ba00-247a-4262-abce-f87f52d62000,0.7588695768789843
166f0dc0-c485-4452-b4e3-2a5225eb18e8,17e12f9b-ac99-4ea9-a290-076a1c20c8c3,0.9572306417988728
166f0dc0-c485-4452-b4e3-2a5225eb18e8,17e36480-11e4-45ef-8e3c-89d2d6452bff,0.2260262261868102
166f0dc0-c485-4452-b4e3-2a5225eb18e8,17e36fe4-d769-4348-8811-ea96e462c5b9,0.8316083764750843
166f0dc0-c485-4452-b4e3-2a5225eb18e8,17e4b644-e376-468f-8bdb-c8d242dc1b58,0.9272744597974554
166f0dc0-c485-4452-b4e3-2a5225eb18e8,17e75f0b-5f6e-4425-af0d-08341a42a398,0.9100776774628024
166f0dc0-c485-4452-b4e3-2a5225eb18e8,17e7aa00-f7b0-4e44-8928-7b918c5b8fca,0.8431068549990147
166f0dc0-c485-4452-b4e3-2a5225eb18e8,17e7ca6a-d0bf-4a38-8fb8-ce36af201919,0.7892542140687433
166f0dc0-c485-4452-b4e3-2a5225eb18e8,17e7cfed-67bb-4fc7-b848-096d7f44273b,0.9109018725205806
166f0dc0-c485-4452-b4e3-2a5225eb18e8,17e8bc89-2355-4e8d-9f74-8145d2362927,0.7995947608886939
166f0dc0-c485-4452-b4e3-2a5225eb18e8,17e9011e-121d-42b2-9259-fa63e45a8cc4,0.8978662528790416
166f0dc0-c485-4452-b4e3-2a5225eb18e8,17e95ca0-7669-41c9-b951-30d65f848c5b,0.9121697421721776
166f0dc0-c485-4452-b4e3-2a5225eb18e8,17e960fb-940e-4bdd-8483-6ae653effe21,0.8618955155639016
166f0dc0-c485-4452-b4e3-2a5225eb18e8,17e983ef-61a2-45b1-9b51-a7db218bb2c1,0.7262438567763104
166f0dc0-c485-4452-b4e3-2a5225eb18e8,17e986af-235a-4128-b4cc-7fbfa4e56027,0.7448711452214832
166f0dc0-c485-4452-b4e3-2a5225eb18e8,17ea54ae-e2f7-42f7-8238-f56bd667df03,0.6439814482967694
166f0dc0-c485-4452-b4e3-2a5225eb18e8,17ea7c67-6b8e-40d8-8c28-76639f0cd21c,0.7324202926173913
166f0dc0-c485-4452-b4e3-2a5225eb18e8,17ea9a78-2b04-4e53-ad70-0d4c83df9009,0.7266286184614578
166f0dc0-c485-4452-b4e3-2a5225eb18e8,17eb7169-48b4-4c49-b087-5ed208586163,0.8663876823270643
166f0dc0-c485-4452-b4e3-2a5225eb18e8,17ecf8ad-d34a-4595-944d-254d7218c11a,0.9803222004970346
166f0dc0-c485-4452-b4e3-2a5225eb18e8,17ee2571-aeb8-496c-b27d-79849cc323c3,0.947810822274534
166f0dc0-c485-4452-b4e3-2a5225eb18e8,17ee8e49-6008-4dc7-96e6-d62b8ad9c1f7,0.8830056181790289
166f0dc0-c485-4452-b4e3-2a5225eb18e8,17f01b5a-f8e9-4246-97a7-626c6af00b59,0.8774912053367958
166f0dc0-c485-4452-b4e3-2a5225eb18e8,17f07fe8-6bca-40aa-abf9-2b501ff00878,0.9066940765357115
166f0dc0-c485-4452-b4e3-2a5225eb18e8,17f10f61-9c55-4f9a-9f21-f6a7af59cd2b,0.9333643098368254
166f0dc0-c485-4452-b4e3-2a5225eb18e8,17f4234a-a1fc-4e39-9b20-58f9d5dcd05e,0.9560486684667352
166f0dc0-c485-4452-b4e3-2a5225eb18e8,17f64053-3e5f-42ec-b0e9-058c91828aed,0.5962662603391574
166f0dc0-c485-4452-b4e3-2a5225eb18e8,17f6b4b3-0a96-405a-9575-1f353f0a655a,0.8914034045523898
166f0dc0-c485-4452-b4e3-2a5225eb18e8,17f70cc8-3c33-435e-bb83-59381eeb4672,0.8362689975269406
166f0dc0-c485-4452-b4e3-2a5225eb18e8,17f71d4e-4709-4550-b159-ae31f23157b1,0.8023375846166669
166f0dc0-c485-4452-b4e3-2a5225eb18e8,17f76766-705f-4f85-b2cf-31c952c06f7d,0.1394982438132557
166f0dc0-c485-4452-b4e3-2a5225eb18e8,17f8e93f-81e6-4188-aca9-63321eb10e95,0.7222802393155122
166f0dc0-c485-4452-b4e3-2a5225eb18e8,17fc9496-8110-448a-a7b3-396e122ea845,0.9710280503800957
166f0dc0-c485-4452-b4e3-2a5225eb18e8,17fd8797-7e18-4549-9bb6-ec42248df3ff,0.926635140973984
166f0dc0-c485-4452-b4e3-2a5225eb18e8,17fe1006-ad89-4968-9a92-9fed90d00c94,0.8494340249467516
166f0dc0-c485-4452-b4e3-2a5225eb18e8,1801a95a-ec0c-4161-baa1-cc86ff1b4694,0.949622009104332
166f0dc0-c485-4452-b4e3-2a5225eb18e8,1802166c-db64-4ef5-8601-ffd7aa70f4eb,0.7592104424507414
166f0dc0-c485-4452-b4e3-2a5225eb18e8,18026140-25b5-407a-9da3-04f6d9a753c3,0.8215234037144109
166f0dc0-c485-4452-b4e3-2a5225eb18e8,1804be04-08e5-428d-9949-0f86ccfc9045,0.9525789525827214
166f0dc0-c485-4452-b4e3-2a5225eb18e8,1805e2f5-382b-48ea-b746-3eb38c14cd9a,0.6644156376326315
166f0dc0-c485-4452-b4e3-2a5225eb18e8,180744a7-0226-4a8c-bab9-edc199c3ae58,0.8541469993812016
166f0dc0-c485-4452-b4e3-2a5225eb18e8,18079a33-688f-4a74-bfa1-2c69b465e359,0.3516133616341859
166f0dc0-c485-4452-b4e3-2a5225eb18e8,18092e5c-d5c6-4f4f-b508-a4c141135c6c,0.973853518633483
166f0dc0-c485-4452-b4e3-2a5225eb18e8,18094388-9d43-4959-8fe5-ab70e7d3ea04,0.7834983559146705
166f0dc0-c485-4452-b4e3-2a5225eb18e8,1809f98e-6ecb-460b-a456-3e8ef3ade9ab,0.958983793231352
166f0dc0-c485-4452-b4e3-2a5225eb18e8,180b96f7-2dd8-4bf5-bc13-8396733a1b55,0.7609555985186772
166f0dc0-c485-4452-b4e3-2a5225eb18e8,180bdd9b-f08d-4d89-bca5-6bfc683b18fc,0.8605077442459562
166f0dc0-c485-4452-b4e3-2a5225eb18e8,180d6fd8-ad11-4cab-984b-3ce96fa11732,0.7482467419401297
166f0dc0-c485-4452-b4e3-2a5225eb18e8,180ea4cf-5e6b-45a8-9ed2-92476224918e,0.6786087476582294
166f0dc0-c485-4452-b4e3-2a5225eb18e8,180f0724-b68e-46be-a34a-141519b8a87b,0.9163995994718231
166f0dc0-c485-4452-b4e3-2a5225eb18e8,1810c5a6-438d-4b5f-9452-ab78be7b4b08,0.8984565746629175
166f0dc0-c485-4452-b4e3-2a5225eb18e8,18118cdb-a4aa-4075-ba08-2a66d8cb07bc,0.965293029253416
166f0dc0-c485-4452-b4e3-2a5225eb18e8,181240a3-1bcc-4bea-9251-28e275503a66,0.5722729578839577
166f0dc0-c485-4452-b4e3-2a5225eb18e8,18135d1e-f839-423b-b2f3-702ebaaec540,0.9586171442752244
166f0dc0-c485-4452-b4e3-2a5225eb18e8,18151848-8445-42cd-9e03-a4fdf0ec6df1,0.783359102491556
166f0dc0-c485-4452-b4e3-2a5225eb18e8,18152e42-f940-4fc8-951c-c29500aada4f,0.7784695589153994
166f0dc0-c485-4452-b4e3-2a5225eb18e8,1817df76-5a7a-4f1c-974f-8f0d6af417dc,0.6894164200375075
166f0dc0-c485-4452-b4e3-2a5225eb18e8,18181332-7c00-4848-b7cd-117026ed66e0,0.747529672724269
166f0dc0-c485-4452-b4e3-2a5225eb18e8,18182a9e-8c71-4345-b71e-fc2764e3895c,0.7085767342411493
166f0dc0-c485-4452-b4e3-2a5225eb18e8,18185584-a086-44e0-be1f-e9f1027c8693,0.838826386094351
166f0dc0-c485-4452-b4e3-2a5225eb18e8,1818c641-cb4c-47f2-b652-707972f2564a,0.7897670572287092
166f0dc0-c485-4452-b4e3-2a5225eb18e8,18190d5c-a102-486a-a414-9d25cc08f25e,0.8971359258752728
166f0dc0-c485-4452-b4e3-2a5225eb18e8,181abaad-248e-494d-8c45-510cda19c582,0.9445718717350634
166f0dc0-c485-4452-b4e3-2a5225eb18e8,181cc934-3048-4980-9327-5b86d07db121,0.847982013189119
166f0dc0-c485-4452-b4e3-2a5225eb18e8,181cdfe1-0535-499b-afc4-4511b7af1ab7,0.5155391858228854
166f0dc0-c485-4452-b4e3-2a5225eb18e8,181ce5f3-0279-4a91-aa3e-57e4d3df90f2,0.961369990378786
166f0dc0-c485-4452-b4e3-2a5225eb18e8,181db6b3-0ecc-49f8-8293-5322cfa7d91f,0.6236018658992296
166f0dc0-c485-4452-b4e3-2a5225eb18e8,181e6b4f-8f68-4c1e-a656-2e3d213142e1,0.9292951275319146
166f0dc0-c485-4452-b4e3-2a5225eb18e8,181e9427-6a2d-4800-93c3-faf90e090f74,0.7388714246939827
166f0dc0-c485-4452-b4e3-2a5225eb18e8,18208c5a-50d2-4bbe-bef3-6ae315ebb75a,0.846322708820101
166f0dc0-c485-4452-b4e3-2a5225eb18e8,1820d557-7990-4725-a09c-ec62fb8aa21e,0.846657386633352
166f0dc0-c485-4452-b4e3-2a5225eb18e8,1820e76f-eb91-497b-9245-806970ac0d7d,0.7723877978665178
166f0dc0-c485-4452-b4e3-2a5225eb18e8,18210586-548c-44d7-8d4f-fbe58d82e455,0.7356689966383798
166f0dc0-c485-4452-b4e3-2a5225eb18e8,1821e89c-5016-4b19-b586-ca84dc7bf070,0.7126125942655809
166f0dc0-c485-4452-b4e3-2a5225eb18e8,1825f131-abc9-4327-802b-1d85db9cbc02,0.8420646704345154
166f0dc0-c485-4452-b4e3-2a5225eb18e8,18282e32-2e2f-4faa-a823-a8a53883f392,0.9624910247589444
166f0dc0-c485-4452-b4e3-2a5225eb18e8,182a5852-d466-4d4d-bf6d-19132687a7d9,0.922244022225702
166f0dc0-c485-4452-b4e3-2a5225eb18e8,182da34b-6654-4bfe-b481-ebaca6cb2fc4,0.9752010854351034
166f0dc0-c485-4452-b4e3-2a5225eb18e8,182ef9a3-5519-4d9a-b8ca-29ecaa8401a9,0.8721506953568373
166f0dc0-c485-4452-b4e3-2a5225eb18e8,18318bbd-4b97-491b-b25c-8a23f2bbbcd2,0.9364786332564484
166f0dc0-c485-4452-b4e3-2a5225eb18e8,1831c911-9fcb-47ad-965a-2af357d41834,0.7828971730864965
166f0dc0-c485-4452-b4e3-2a5225eb18e8,1834a74e-43c0-4d4c-8d78-98e2389cf80d,0.4617295657555329
166f0dc0-c485-4452-b4e3-2a5225eb18e8,1835ad88-a2c0-484c-bdda-0ffa33997cf3,0.572773111964257
166f0dc0-c485-4452-b4e3-2a5225eb18e8,18364c5e-91c1-4309-8589-e3625ac21545,0.567793233116324
166f0dc0-c485-4452-b4e3-2a5225eb18e8,1836ad86-5c4e-471c-8b0a-dc79739e0d6a,0.4557516637113391
166f0dc0-c485-4452-b4e3-2a5225eb18e8,1836afec-9a4b-4534-9c78-338bee5616a7,0.7428150102260184
166f0dc0-c485-4452-b4e3-2a5225eb18e8,1836d576-8095-4db3-8084-5de191043a22,0.7552484539755873
166f0dc0-c485-4452-b4e3-2a5225eb18e8,18376c13-f39d-4d88-ab8b-21383c830cb4,0.5555185660761658
166f0dc0-c485-4452-b4e3-2a5225eb18e8,1837a2aa-e9e5-42a6-bd67-4bd349b9e075,0.918747807922727
166f0dc0-c485-4452-b4e3-2a5225eb18e8,183832fa-2799-4832-9b39-bb6bec712493,0.9335135895030298
166f0dc0-c485-4452-b4e3-2a5225eb18e8,1838dc60-ccfd-434e-afaf-8ae3ee2f4aa8,0.4456008210000918
166f0dc0-c485-4452-b4e3-2a5225eb18e8,1839b276-3bd4-465d-aa24-c9021100bcfc,0.853113481518593
166f0dc0-c485-4452-b4e3-2a5225eb18e8,183b1b7a-1da9-4260-9e72-18d7823d051b,0.3876519029067249
166f0dc0-c485-4452-b4e3-2a5225eb18e8,183b725d-83a0-416f-b41d-c8d400290f88,0.4958380826668293
166f0dc0-c485-4452-b4e3-2a5225eb18e8,1840ee60-187b-4c1b-b167-86c420f0dddc,0.8901770140903412
166f0dc0-c485-4452-b4e3-2a5225eb18e8,184240a3-b27d-492e-8a7b-35b7cdb0e8de,0.8016859505632686
166f0dc0-c485-4452-b4e3-2a5225eb18e8,1842e99d-f6a7-40d7-8090-af48f7e649ca,0.91058542392553
166f0dc0-c485-4452-b4e3-2a5225eb18e8,1844f508-9415-4c51-b3fe-d69393400547,0.9439221881644708
166f0dc0-c485-4452-b4e3-2a5225eb18e8,1ca89d5b-ad75-4924-a309-3480f78197bf,0.9566519023937964
166f0dc0-c485-4452-b4e3-2a5225eb18e8,1cab3abe-fae4-4589-92f8-b8154cc7d813,0.8313541031849376
166f0dc0-c485-4452-b4e3-2a5225eb18e8,1cac5ea7-3808-4de7-a2b9-1287f6f72a06,0.834370827247791
166f0dc0-c485-4452-b4e3-2a5225eb18e8,1cacec30-d39b-46c0-a775-d909ebc44b3f,0.70557626384265
166f0dc0-c485-4452-b4e3-2a5225eb18e8,1cadbcff-e9d6-419a-8a96-bb471be8873d,0.914430633473497
166f0dc0-c485-4452-b4e3-2a5225eb18e8,1cb13529-91a9-4d31-ad2f-6b57ef8abdc3,0.8798739059175349
166f0dc0-c485-4452-b4e3-2a5225eb18e8,1cb2524b-4e2b-448b-bc00-79dc06faa382,0.878161826957884
166f0dc0-c485-4452-b4e3-2a5225eb18e8,1cb25ecc-80b4-41e7-a61c-84bf7e3cb02f,0.2819076605927856
166f0dc0-c485-4452-b4e3-2a5225eb18e8,1cb6273e-3784-49d1-a66f-bd7b5589b47d,0.1464979829813918
166f0dc0-c485-4452-b4e3-2a5225eb18e8,1cb9da05-368f-4e37-9244-86af5f6706e2,0.8408908977534085
166f0dc0-c485-4452-b4e3-2a5225eb18e8,1cb9dec2-eb5e-4c63-997b-887984853fa6,0.7921759698037518
166f0dc0-c485-4452-b4e3-2a5225eb18e8,1cbf25e7-f6a3-45d0-97b3-c6952a0abb1a,0.8841399674305674
166f0dc0-c485-4452-b4e3-2a5225eb18e8,1cbf7eab-3d10-4f1e-96b7-076c89eff64d,0.9616296572050772
166f0dc0-c485-4452-b4e3-2a5225eb18e8,1cbf86bf-79f2-4716-ba77-fa7e765b3234,0.7656174296502681
166f0dc0-c485-4452-b4e3-2a5225eb18e8,1cc0579d-5459-4793-9b3e-7a32ac418efb,0.8828934022337702
166f0dc0-c485-4452-b4e3-2a5225eb18e8,1cc28ff9-dbc9-4113-b6d4-1da5a169d04a,0.8374622226328596
166f0dc0-c485-4452-b4e3-2a5225eb18e8,1cc29723-7abe-4919-988c-16f2072c8ac3,0.7858697723021054
166f0dc0-c485-4452-b4e3-2a5225eb18e8,1cc51928-5d8f-41e3-8fc0-846423d110ed,0.9035718897035188
166f0dc0-c485-4452-b4e3-2a5225eb18e8,1cc595fd-801b-43d6-a83b-738aa9319fce,0.8786807348519199
166f0dc0-c485-4452-b4e3-2a5225eb18e8,1cc65fc2-8106-43a0-8da1-613a61dfdd08,0.8022584308119438
166f0dc0-c485-4452-b4e3-2a5225eb18e8,1cc68806-e9fa-4e50-89bc-4c73ea6e80ec,0.797168759123222
166f0dc0-c485-4452-b4e3-2a5225eb18e8,1cc965a6-408c-4520-bca2-197187b677b1,0.759165767188986
166f0dc0-c485-4452-b4e3-2a5225eb18e8,1cca4c3a-e16d-4404-9386-860cf2c51c73,0.4603442488207128
166f0dc0-c485-4452-b4e3-2a5225eb18e8,1ccacc67-e320-4381-8a25-aac68619bf5a,0.930595988499864
166f0dc0-c485-4452-b4e3-2a5225eb18e8,1ccb99e7-59ab-4578-bd34-08973b11b981,0.9770552486023456
166f0dc0-c485-4452-b4e3-2a5225eb18e8,1ccc21d2-8dbe-47b4-b090-895ae91df386,0.8169037617248199
166f0dc0-c485-4452-b4e3-2a5225eb18e8,1ccfbb1d-37d4-4b89-87fe-85e11b7a546f,0.7124134515434154
166f0dc0-c485-4452-b4e3-2a5225eb18e8,1cd135af-e060-4e1d-9db8-6441c4af1e45,0.9242937888453796
166f0dc0-c485-4452-b4e3-2a5225eb18e8,1cd1391b-7895-48c4-9138-0be2d2f0938e,0.9435941496037924
166f0dc0-c485-4452-b4e3-2a5225eb18e8,1cd2ffb0-3a38-4942-b71c-59b8d45ebf10,0.134974191930361
166f0dc0-c485-4452-b4e3-2a5225eb18e8,1cd39c4e-a7b0-441f-b22c-151543882ac8,0.6225276002808334
166f0dc0-c485-4452-b4e3-2a5225eb18e8,1cd3cb84-05c1-4eae-b41a-34e7f145fc72,0.9365091873983226
166f0dc0-c485-4452-b4e3-2a5225eb18e8,1cd4db9c-d663-4302-bc8b-7e9903e0daf9,0.9022525472419818
166f0dc0-c485-4452-b4e3-2a5225eb18e8,1cd5d45f-cb01-4d4f-9d03-5b2b21b856d7,0.8550191415064353
166f0dc0-c485-4452-b4e3-2a5225eb18e8,1cd76c97-3db1-4dec-8c4d-e36ba678d1bd,0.8393877221056663
166f0dc0-c485-4452-b4e3-2a5225eb18e8,1cd81fa0-28b0-4488-b15c-b92f9bcabbf0,0.9741672944307772
166f0dc0-c485-4452-b4e3-2a5225eb18e8,1cd9f895-1527-4ae1-8d58-db39ac8b32a0,0.9307051606594098
166f0dc0-c485-4452-b4e3-2a5225eb18e8,1cda7389-110a-4f9a-9536-dca0d4f22718,0.6674845448581976
166f0dc0-c485-4452-b4e3-2a5225eb18e8,1cdddfb4-ccd9-4106-95d5-0b8353f537e3,0.8787072421264442
166f0dc0-c485-4452-b4e3-2a5225eb18e8,1cdfb002-28fc-4b64-a160-44b6ba93e349,0.8807529351547739
166f0dc0-c485-4452-b4e3-2a5225eb18e8,1ce06403-a8e5-4d63-b6d3-2c36902a95ce,0.8645861428104618
166f0dc0-c485-4452-b4e3-2a5225eb18e8,1ce07f1f-78e2-41a8-9aee-94bb6d39aa97,0.768690457025424
166f0dc0-c485-4452-b4e3-2a5225eb18e8,1ce1a020-c764-4668-a20b-65cc96ef53f9,0.9863276849060352
166f0dc0-c485-4452-b4e3-2a5225eb18e8,1ce3af84-532f-4c06-9c3a-651c1cfb3183,0.8123803696555199
166f0dc0-c485-4452-b4e3-2a5225eb18e8,1ce43167-c104-44c0-9a79-7c01c31d8de6,0.9910679075936792
166f0dc0-c485-4452-b4e3-2a5225eb18e8,1ce51d46-6884-462e-a1aa-f2ec8bbf677a,0.9271674248384306
166f0dc0-c485-4452-b4e3-2a5225eb18e8,1ce5e662-f10d-40a9-80cd-4150ecb6da12,0.9303462738234024
166f0dc0-c485-4452-b4e3-2a5225eb18e8,1ce632cf-00a4-411f-8bd7-78655fa4b696,0.5763927360284193
166f0dc0-c485-4452-b4e3-2a5225eb18e8,1ce7306d-3be8-44c0-bb82-25bb647d3b7f,0.7313361030506194
166f0dc0-c485-4452-b4e3-2a5225eb18e8,1ce7ac31-6188-4a46-a936-f97945b2a530,0.4763335652962256
166f0dc0-c485-4452-b4e3-2a5225eb18e8,1cea7bec-bd31-43fa-ba3d-10c11036b295,0.93252304108792
166f0dc0-c485-4452-b4e3-2a5225eb18e8,1ceb14a4-2b77-48b0-8d4d-c272a7e86892,0.8499825449699715
166f0dc0-c485-4452-b4e3-2a5225eb18e8,1cec2a6f-145b-40cb-b2a1-6c68fb85fc00,0.5923473525428582
166f0dc0-c485-4452-b4e3-2a5225eb18e8,1cecaa87-4807-40c6-8bf1-dbe7f3562d1e,0.9294275044622464
166f0dc0-c485-4452-b4e3-2a5225eb18e8,1cece80f-2a43-4698-b35e-3390387c2647,0.9162578681303682
166f0dc0-c485-4452-b4e3-2a5225eb18e8,1cee029c-3232-4f35-a31d-be9016e555a4,0.6705477722445045
166f0dc0-c485-4452-b4e3-2a5225eb18e8,1cee09a0-204a-481a-9d24-59821f561042,0.7854918444828117
166f0dc0-c485-4452-b4e3-2a5225eb18e8,1cefc87e-52b9-4235-82fe-a4e5e60bfa20,0.8373679697679856
166f0dc0-c485-4452-b4e3-2a5225eb18e8,1cefdde4-8606-40d7-ad5c-9cbf0b81a3c1,0.8712096565075819
166f0dc0-c485-4452-b4e3-2a5225eb18e8,1cf1fcc0-1421-453b-8c57-ceb50f71916d,0.5984966788673917
166f0dc0-c485-4452-b4e3-2a5225eb18e8,1cf2132c-374f-423d-82d7-60ee082168c2,0.914764893977555
166f0dc0-c485-4452-b4e3-2a5225eb18e8,1cf313ed-90d1-4b1a-817f-4f5a7c1bb398,0.8726960092886172
166f0dc0-c485-4452-b4e3-2a5225eb18e8,1cf3c47f-d81b-47c6-9ca5-ebf6a05505d0,0.5649758275556983
166f0dc0-c485-4452-b4e3-2a5225eb18e8,1cf47c0a-08e5-4abf-9403-082ccfaf24d9,0.7478828747013184
166f0dc0-c485-4452-b4e3-2a5225eb18e8,1cf5e4a0-fc00-4b06-a4b0-f96f94aac106,0.9258010023254202
166f0dc0-c485-4452-b4e3-2a5225eb18e8,1cf648ae-58bd-4bb1-b316-bcb24a41d008,0.2470172053072648
166f0dc0-c485-4452-b4e3-2a5225eb18e8,1cf7b691-0cd5-433e-bf54-d8abdd493363,0.2832586310258507
166f0dc0-c485-4452-b4e3-2a5225eb18e8,1cf7c61d-fcd8-4133-b628-81e297ad6ddd,0.9111607001602404
166f0dc0-c485-4452-b4e3-2a5225eb18e8,1cf9ff83-5776-4787-898e-ad0faf49a76f,0.8826676883680806
166f0dc0-c485-4452-b4e3-2a5225eb18e8,1cfcfef5-5150-4959-b455-a0dd4aaccd46,0.9495296518995991
166f0dc0-c485-4452-b4e3-2a5225eb18e8,1cfd8e30-5c98-4114-a4f4-aec927083b61,0.928670022060573
166f0dc0-c485-4452-b4e3-2a5225eb18e8,1d00099c-c778-4ea6-8723-2509d0b2d871,0.914726968739846
166f0dc0-c485-4452-b4e3-2a5225eb18e8,1d006310-afda-440a-8203-07b3e1899aaf,0.2862710888566702
166f0dc0-c485-4452-b4e3-2a5225eb18e8,1d0096b5-f4b7-4217-a654-571b9ecd12b7,0.8342437796527592
166f0dc0-c485-4452-b4e3-2a5225eb18e8,1d00f434-f30c-4919-9eb9-d9f5984b5c28,0.9766092342441623
166f0dc0-c485-4452-b4e3-2a5225eb18e8,1d01bae3-2749-425f-a45b-b49dc617b1b0,0.8487869070928784
166f0dc0-c485-4452-b4e3-2a5225eb18e8,1d021dfc-d36e-4f57-9640-807b057ad694,0.9562524006283414
166f0dc0-c485-4452-b4e3-2a5225eb18e8,1d039158-53c6-4db8-bec7-d3ae37970eb4,0.9523728376506326
166f0dc0-c485-4452-b4e3-2a5225eb18e8,1d05d341-b3f4-49a7-bf3a-fab6764b23e6,0.7536309650984128
166f0dc0-c485-4452-b4e3-2a5225eb18e8,1d0900f2-b088-4c68-8297-97a4df486fea,0.7459537172828958
166f0dc0-c485-4452-b4e3-2a5225eb18e8,1d0908fa-687d-4815-93be-6e5ab21e0516,0.8981289782086537
166f0dc0-c485-4452-b4e3-2a5225eb18e8,1d09ee61-ec34-49c5-848c-2ff01c01e96a,0.7712832608098594
166f0dc0-c485-4452-b4e3-2a5225eb18e8,1d0b5360-7660-4dec-a676-87bdbe5b8343,0.8813076024962442
166f0dc0-c485-4452-b4e3-2a5225eb18e8,1d0c8daa-919c-410d-adff-7d6ea207d130,0.7498318099640724
166f0dc0-c485-4452-b4e3-2a5225eb18e8,1d0d7cb7-7106-44cf-b4eb-64f32e30b130,0.9106994814975616
166f0dc0-c485-4452-b4e3-2a5225eb18e8,1d0f60bf-53e0-4d0e-96ae-19b6dea28c6d,0.5929496734491111
166f0dc0-c485-4452-b4e3-2a5225eb18e8,1d0f795e-454f-412b-bea0-b622f30dae3a,0.8006074162509842
166f0dc0-c485-4452-b4e3-2a5225eb18e8,1d0fb063-4720-45a6-ab6b-ac95ae531d67,0.7011342849052135
166f0dc0-c485-4452-b4e3-2a5225eb18e8,1d10472c-b3c7-4a2a-b40c-179d22a9d056,0.918783713597096
166f0dc0-c485-4452-b4e3-2a5225eb18e8,1d106bd2-6693-4703-882f-6f9bad28cd98,0.4704950464181462
166f0dc0-c485-4452-b4e3-2a5225eb18e8,1d113cfd-e991-4d3d-a46b-ebe3c8f505de,0.6721560184811731
166f0dc0-c485-4452-b4e3-2a5225eb18e8,1d129543-05e9-4083-83af-70a6699853cc,0.6216332155000653
166f0dc0-c485-4452-b4e3-2a5225eb18e8,1d14a30c-775b-4286-9ace-2ecae5de27ac,0.9768917441752644
166f0dc0-c485-4452-b4e3-2a5225eb18e8,1d15e678-f2ae-45bc-8c17-f027279e9474,0.8159194143105123
166f0dc0-c485-4452-b4e3-2a5225eb18e8,1d165855-f4ec-467a-b13c-fbc5030b1b0f,0.6371966751280619
166f0dc0-c485-4452-b4e3-2a5225eb18e8,1d166fb2-f5a7-44f0-b534-f0eb673749b4,0.7796078604515131
16e16d7f-3dd4-4c72-a615-a119f8f507ed,00028a63-2ba8-44fb-96d1-becb542f4a64,0.7607509222560297
16e16d7f-3dd4-4c72-a615-a119f8f507ed,000375be-eeed-442d-b671-028ef6990c4d,0.8234836225476002
16e16d7f-3dd4-4c72-a615-a119f8f507ed,0003b15e-deb6-4189-adb8-eb495f3da2ec,0.939152324227608
16e16d7f-3dd4-4c72-a615-a119f8f507ed,000487bd-ad15-4607-b5c3-a50c33fd3d64,0.472765667035836
16e16d7f-3dd4-4c72-a615-a119f8f507ed,00048e37-6f91-438a-8683-7f89c716e72f,0.8511158477450478
16e16d7f-3dd4-4c72-a615-a119f8f507ed,0004fcab-fe30-414b-9943-243df7c0a22e,0.6500628809104445
16e16d7f-3dd4-4c72-a615-a119f8f507ed,00054108-b6f3-43b1-a979-b561eb6ceb35,0.7974464213955921
16e16d7f-3dd4-4c72-a615-a119f8f507ed,0008cab9-ed40-4710-a6cd-ad361ee51c2d,0.8506954382033689
16e16d7f-3dd4-4c72-a615-a119f8f507ed,00094cf1-73e8-4149-bdb6-3f2ae9192d6f,0.6112469271913713
16e16d7f-3dd4-4c72-a615-a119f8f507ed,00099237-fd1b-4d94-9469-fa93150e4253,0.7312903391141307
16e16d7f-3dd4-4c72-a615-a119f8f507ed,000a4595-f0e3-422f-b631-b6fadca8b200,0.8965065511002506
16e16d7f-3dd4-4c72-a615-a119f8f507ed,000ae394-c27c-41e7-a886-3f1bc7cd0ecb,0.7631293144530709
16e16d7f-3dd4-4c72-a615-a119f8f507ed,000b196c-8382-4326-9255-02b782a909ac,0.8285395998675483
16e16d7f-3dd4-4c72-a615-a119f8f507ed,000b5a67-d33f-4b66-a858-3993ff4f1ee5,0.7769182592071958
16e16d7f-3dd4-4c72-a615-a119f8f507ed,000cbbec-4b9c-41e3-8bad-d7510501bf09,0.3697686382443114
16e16d7f-3dd4-4c72-a615-a119f8f507ed,000f3a2c-3150-4aa7-b1ce-75eb1a268ba3,0.6653532415950849
16e16d7f-3dd4-4c72-a615-a119f8f507ed,000f990e-6cc5-4be4-8afc-bd3c1a206d36,0.6448027867842611
16e16d7f-3dd4-4c72-a615-a119f8f507ed,000fe073-f67d-44b3-9ff3-727d09f682dc,0.3156700000154323
16e16d7f-3dd4-4c72-a615-a119f8f507ed,0010af91-6de9-4470-ac8d-a3c53b873847,0.8773664459438356
16e16d7f-3dd4-4c72-a615-a119f8f507ed,00120104-1ee9-4aed-9361-2e87c8b6d665,0.3229556306593281
16e16d7f-3dd4-4c72-a615-a119f8f507ed,00120af8-fb66-4d46-bbe6-5fce4a888eed,0.6434853655909611
16e16d7f-3dd4-4c72-a615-a119f8f507ed,00145db0-96fe-42a7-9cf4-39b04dce7c22,0.34662375348185
16e16d7f-3dd4-4c72-a615-a119f8f507ed,001502ea-f45f-4c04-a23e-5237309f5b9a,0.7188099184127068
16e16d7f-3dd4-4c72-a615-a119f8f507ed,001532f7-8e1e-4657-924f-21cbc25d147e,0.6369912119114872
16e16d7f-3dd4-4c72-a615-a119f8f507ed,001697d4-7eb4-458c-a956-188eb9b3a189,0.769050356539895
16e16d7f-3dd4-4c72-a615-a119f8f507ed,0017009f-398d-43cc-8b1d-9215065208fa,0.4093280871500583
16e16d7f-3dd4-4c72-a615-a119f8f507ed,0018795e-d75e-419e-b05b-a04a43a0d479,0.912363346945169
16e16d7f-3dd4-4c72-a615-a119f8f507ed,0018905b-2c2a-4da2-9330-fda6bd4602f8,0.4456903592176295
16e16d7f-3dd4-4c72-a615-a119f8f507ed,001b9a6d-ae81-49c1-be1d-9c63b2b6ade1,0.6541366744530003
16e16d7f-3dd4-4c72-a615-a119f8f507ed,001bf4d0-d910-4d2d-a215-c22c002746ce,0.6335809851090513
16e16d7f-3dd4-4c72-a615-a119f8f507ed,001c3e13-545d-430f-855d-7f0d088d7ed0,0.7569679032828682
16e16d7f-3dd4-4c72-a615-a119f8f507ed,001c75ba-a95b-4a33-bbd3-0dd0e245d184,0.7182258235075201
16e16d7f-3dd4-4c72-a615-a119f8f507ed,001d0425-eb84-4494-aa76-cb6f54db700a,0.8554874182218248
16e16d7f-3dd4-4c72-a615-a119f8f507ed,001e5d42-8301-486d-8fbe-a73fca9267ab,0.8111572025111554
16e16d7f-3dd4-4c72-a615-a119f8f507ed,001e7241-c70e-4c85-8d59-a7bd00d68f33,0.7832027386519276
16e16d7f-3dd4-4c72-a615-a119f8f507ed,001f02f2-57e5-43cf-b182-f4bed7d100c3,0.8548943569323624
16e16d7f-3dd4-4c72-a615-a119f8f507ed,001f4f3c-1840-4332-8e42-4814dd882cf6,0.4366869627874191
16e16d7f-3dd4-4c72-a615-a119f8f507ed,00211600-be43-4aea-bb89-4d60eb987b38,0.6284785017132811
16e16d7f-3dd4-4c72-a615-a119f8f507ed,0021b6f3-0798-497f-a9e7-04f9160ed077,0.835480939276351
16e16d7f-3dd4-4c72-a615-a119f8f507ed,0021dcd6-1a64-4758-a824-b369fc16d278,0.3157377879349565
16e16d7f-3dd4-4c72-a615-a119f8f507ed,002263c6-04b0-470d-92d8-6e934d28e819,0.7282187263207306
16e16d7f-3dd4-4c72-a615-a119f8f507ed,00226639-0081-459b-9aa0-71bd7663f875,0.7723046370606801
16e16d7f-3dd4-4c72-a615-a119f8f507ed,002291f2-e544-4009-8c3b-4e6c04878872,0.5575020026859605
16e16d7f-3dd4-4c72-a615-a119f8f507ed,002390d2-d337-40fe-a34c-3543fa55665b,0.8756837248009548
16e16d7f-3dd4-4c72-a615-a119f8f507ed,0024b130-09ab-4239-ac6c-8e51a8baf203,0.8741201013128927
16e16d7f-3dd4-4c72-a615-a119f8f507ed,00279ee1-8822-4f65-95db-5c33174774cc,0.5636271921606393
16e16d7f-3dd4-4c72-a615-a119f8f507ed,002983ac-1c83-4c95-a02b-6bc4b8c260e9,0.7572226163984837
16e16d7f-3dd4-4c72-a615-a119f8f507ed,002c09c8-1167-4f7a-9e33-ccbe83e0ba05,0.7375619943217654
16e16d7f-3dd4-4c72-a615-a119f8f507ed,002dcbb7-3fdb-4acf-92d9-766d7e7cbb3c,0.8724571814593753
16e16d7f-3dd4-4c72-a615-a119f8f507ed,002e1357-89b1-41c5-a168-62b484502a03,0.6482398040131093
16e16d7f-3dd4-4c72-a615-a119f8f507ed,002f426d-5f42-4a44-84b4-10ddba9b72c6,0.7322815734046073
16e16d7f-3dd4-4c72-a615-a119f8f507ed,0030d49a-7b56-42c3-a67f-c21b7dba0029,0.7208618478576856
16e16d7f-3dd4-4c72-a615-a119f8f507ed,0032065b-f23b-4d5c-bc6b-0763196a1cfc,0.6701402720159618
16e16d7f-3dd4-4c72-a615-a119f8f507ed,00334c3c-0fe7-4d25-88f0-196d770f5f73,0.4496775420389285
16e16d7f-3dd4-4c72-a615-a119f8f507ed,00341d6a-3237-4fd5-983f-a4831e93d139,0.5084845715033836
16e16d7f-3dd4-4c72-a615-a119f8f507ed,0035c872-f313-4b83-8b2e-2a49c172689e,0.6926306731707969
16e16d7f-3dd4-4c72-a615-a119f8f507ed,003809b7-634e-4c8b-a1f1-ce9d87e0f9b1,0.4026933570980828
16e16d7f-3dd4-4c72-a615-a119f8f507ed,003903f3-772b-4f30-a6e8-ceee1052257d,0.7552078924963361
16e16d7f-3dd4-4c72-a615-a119f8f507ed,003ae699-ec64-4f0d-b934-532c2c364830,0.6903359067999971
16e16d7f-3dd4-4c72-a615-a119f8f507ed,003b32b0-0289-4397-b0dc-d20cc935a063,0.7939523040175441
16e16d7f-3dd4-4c72-a615-a119f8f507ed,003ec167-b08b-4595-ad98-7fb03662e1eb,0.5404716683922626
16e16d7f-3dd4-4c72-a615-a119f8f507ed,003eda4b-9605-488c-afd3-ee983eba54da,0.6253062690494748
16e16d7f-3dd4-4c72-a615-a119f8f507ed,00413710-32b6-4cdb-9cbb-8501f105f4a2,0.7759481620425227
16e16d7f-3dd4-4c72-a615-a119f8f507ed,004469c4-29a4-4283-b946-ccb7606a829e,0.4621088256533243
16e16d7f-3dd4-4c72-a615-a119f8f507ed,004770c0-901a-46a1-b270-9a197b87dc14,0.6555090660931566
16e16d7f-3dd4-4c72-a615-a119f8f507ed,004a66f6-f4b9-4e36-8928-bc1ccdde78fe,0.4507570508661065
16e16d7f-3dd4-4c72-a615-a119f8f507ed,00505682-5ea0-414e-b8ba-cdd94ee1caec,0.4658925889109109
16e16d7f-3dd4-4c72-a615-a119f8f507ed,0050b0a0-e208-478b-99c8-bbc96a0d6ff3,0.5966550656561719
16e16d7f-3dd4-4c72-a615-a119f8f507ed,0050f49b-1ef7-47ca-ab64-702cb8cd81b8,0.8405235629876696
16e16d7f-3dd4-4c72-a615-a119f8f507ed,0053484c-7b92-4b94-a97c-a96c3b56c4f5,0.4854810724794262
16e16d7f-3dd4-4c72-a615-a119f8f507ed,00559641-5d64-47d5-956a-45f61d678a7e,0.7753894655543142
16e16d7f-3dd4-4c72-a615-a119f8f507ed,0055e9f2-9661-4a58-857c-2167d80cf15c,0.6637833243590373
16e16d7f-3dd4-4c72-a615-a119f8f507ed,00583b29-4881-4bb2-a91b-cb06317fb86f,0.7525842542869625
16e16d7f-3dd4-4c72-a615-a119f8f507ed,005937d1-7478-4c09-b385-0caaebec5e08,0.8337125205407179
16e16d7f-3dd4-4c72-a615-a119f8f507ed,00599665-51c0-4447-bcce-0b9934db7c06,0.5864985153131043
16e16d7f-3dd4-4c72-a615-a119f8f507ed,00599b53-7d8c-40de-a6d9-a79788292a0b,0.8977422301501035
16e16d7f-3dd4-4c72-a615-a119f8f507ed,005bb14e-fbf8-4451-9956-a243db897d68,0.7476660232969239
16e16d7f-3dd4-4c72-a615-a119f8f507ed,005bdc5d-2620-4426-8485-75974b2c70f6,0.4441469081819048
16e16d7f-3dd4-4c72-a615-a119f8f507ed,005dd95f-410e-4d36-8c1f-f1835e17cb0c,0.4255500967026123
16e16d7f-3dd4-4c72-a615-a119f8f507ed,005df39e-dc32-4312-8cf8-daf7f56921ce,0.3997428397734078
16e16d7f-3dd4-4c72-a615-a119f8f507ed,00627220-4be9-44e7-893b-4c97d9759f80,0.7546561038218933
16e16d7f-3dd4-4c72-a615-a119f8f507ed,0062cbd9-5e7c-4add-8475-286270669871,0.7100539122904354
16e16d7f-3dd4-4c72-a615-a119f8f507ed,00643bc4-c3b8-4d43-9b06-a28de81d7df6,0.8644623887450668
16e16d7f-3dd4-4c72-a615-a119f8f507ed,006569cb-318a-40b4-b413-58feb47566da,0.5423392924663348
16e16d7f-3dd4-4c72-a615-a119f8f507ed,006583b8-6b11-4a56-abc7-2ae3e7906be3,0.8301049295100538
16e16d7f-3dd4-4c72-a615-a119f8f507ed,0067a6ba-3a25-4229-9df4-70e226cfb280,0.914842148138919
16e16d7f-3dd4-4c72-a615-a119f8f507ed,0067d3c8-be55-43b5-aae8-6d98ddafc7e6,0.6568566184269898
16e16d7f-3dd4-4c72-a615-a119f8f507ed,0068d4b4-05b0-43e6-b7e1-c3f04c218188,0.7834433253263526
16e16d7f-3dd4-4c72-a615-a119f8f507ed,006a3a12-442c-4767-af54-0e5eb8874ab1,0.5326572710139142
16e16d7f-3dd4-4c72-a615-a119f8f507ed,006afd47-ef9c-479c-945b-05cb53fc4f50,0.7446787484202421
16e16d7f-3dd4-4c72-a615-a119f8f507ed,006d3fb3-2ae2-44f6-a11a-de26a958937e,0.4720816659999545
16e16d7f-3dd4-4c72-a615-a119f8f507ed,006ddaac-3415-4c56-9ce8-79c3ce6e96e2,0.7213299183019707
16e16d7f-3dd4-4c72-a615-a119f8f507ed,006eed98-7981-46c5-957a-06e74f3734b6,0.91966264843014
16e16d7f-3dd4-4c72-a615-a119f8f507ed,007027ba-4e4a-45c7-8b0b-9a5b5f51f620,0.5672583674562689
16e16d7f-3dd4-4c72-a615-a119f8f507ed,0070714a-71c1-4715-af70-b2a17287e004,0.7059574597491322
16e16d7f-3dd4-4c72-a615-a119f8f507ed,00722ea2-376a-448a-bebc-bda0efc0bbcf,0.7354066928704599
16e16d7f-3dd4-4c72-a615-a119f8f507ed,00730054-bc85-4857-945f-363c98333537,0.8555508021080289
16e16d7f-3dd4-4c72-a615-a119f8f507ed,0073b78e-2ef3-41d8-b87b-4d26bdb760da,0.701853521210764
16e16d7f-3dd4-4c72-a615-a119f8f507ed,0075cab0-f69b-45c1-b2d2-d3cd54d1d27a,0.6323992981675118
16e16d7f-3dd4-4c72-a615-a119f8f507ed,00771b85-da54-4258-a144-2f7e7e1b7c56,0.8561455584000898
16e16d7f-3dd4-4c72-a615-a119f8f507ed,007bf010-7aeb-46cd-b6c3-be394d8bc0bb,0.1434323713200165
16e16d7f-3dd4-4c72-a615-a119f8f507ed,007c613a-ce55-400b-ab4f-0d2c210816e7,0.5939348983083816
16e16d7f-3dd4-4c72-a615-a119f8f507ed,007d5910-b4c0-4469-a517-ae6ac48b8fc1,0.9187055716405212
16e16d7f-3dd4-4c72-a615-a119f8f507ed,007de4e5-c896-4623-ac41-7dfe60326e77,0.9092442219977042
16e16d7f-3dd4-4c72-a615-a119f8f507ed,007eadaf-6c19-4171-ab42-b241b395a5cd,0.5785945614885324
16e16d7f-3dd4-4c72-a615-a119f8f507ed,007f0a53-caa6-4d6e-af6e-6f27dad1b4eb,0.7344775519579846
16e16d7f-3dd4-4c72-a615-a119f8f507ed,00805984-8400-47b4-8762-90da5d78b49e,0.9487760487590972
16e16d7f-3dd4-4c72-a615-a119f8f507ed,00805eec-d377-4e02-8bd7-bfff9dd0c9f8,0.8587636982750599
16e16d7f-3dd4-4c72-a615-a119f8f507ed,0080facc-8b5a-4de1-b9e5-9c3cbb470b0b,0.9124783769322784
16e16d7f-3dd4-4c72-a615-a119f8f507ed,00823f2d-1c32-4af3-aa0c-34a2d68c6b79,0.7075354848021269
16e16d7f-3dd4-4c72-a615-a119f8f507ed,00843552-ea88-40f2-8127-1d84626ce751,0.791852054306928
16e16d7f-3dd4-4c72-a615-a119f8f507ed,0085ecfe-72e6-43e7-b566-3d635adcbda4,0.4453070947134745
16e16d7f-3dd4-4c72-a615-a119f8f507ed,008abc4b-e688-4621-9782-bcdc2875bc8d,0.7050609170297292
16e16d7f-3dd4-4c72-a615-a119f8f507ed,008bd01f-8cbd-4b86-8b46-83e3846603e4,0.6409382175367098
16e16d7f-3dd4-4c72-a615-a119f8f507ed,008c5c40-a532-4f9a-9142-98bf7f376d0a,0.8543175704707829
16e16d7f-3dd4-4c72-a615-a119f8f507ed,008c5fd3-728d-42c1-be4e-605c5e41e413,0.8204440942820803
16e16d7f-3dd4-4c72-a615-a119f8f507ed,008ca763-4458-45e7-a86a-0d710f187192,0.6861262446909852
16e16d7f-3dd4-4c72-a615-a119f8f507ed,008cf378-b482-4fb6-ba27-680e70425f01,0.8113290150171667
16e16d7f-3dd4-4c72-a615-a119f8f507ed,008dcc57-fb81-4a56-ba5a-0abefce410b2,0.5356779896968701
16e16d7f-3dd4-4c72-a615-a119f8f507ed,008fc273-a878-45b6-8364-ab9a0bab7a4d,0.5792651732313735
16e16d7f-3dd4-4c72-a615-a119f8f507ed,00902d15-b822-494a-94a7-f0068e25ebc4,0.4737415741731021
16e16d7f-3dd4-4c72-a615-a119f8f507ed,00907b3b-07c0-4f2c-940c-75469fcc4448,0.4772519646922779
16e16d7f-3dd4-4c72-a615-a119f8f507ed,00915802-0be5-4b39-b1bc-53a22e2ed927,0.6996971588560936
16e16d7f-3dd4-4c72-a615-a119f8f507ed,00923ba0-7e46-43e6-b7c5-af22cf9076c5,0.7068719896339319
16e16d7f-3dd4-4c72-a615-a119f8f507ed,00938199-0e7c-419a-bf17-cbfde3648d4b,0.764753086711516
16e16d7f-3dd4-4c72-a615-a119f8f507ed,009413e9-4198-4f44-b3e9-6fed10b5506a,0.7039955531767852
16e16d7f-3dd4-4c72-a615-a119f8f507ed,00952a9f-6c35-479d-a422-c7ceda396737,0.220013914278189
16e16d7f-3dd4-4c72-a615-a119f8f507ed,00952afa-e8e2-4b58-8a49-8e508379afd5,0.813001744774612
16e16d7f-3dd4-4c72-a615-a119f8f507ed,0095364d-66d2-451a-91d8-fba7d7f02671,0.8853830863740874
16e16d7f-3dd4-4c72-a615-a119f8f507ed,009690e9-79b3-488f-9ab2-cbd5099e8b32,0.732483676186464
16e16d7f-3dd4-4c72-a615-a119f8f507ed,0097c766-067f-451f-a640-949e3d4c71cc,0.721918891633407
16e16d7f-3dd4-4c72-a615-a119f8f507ed,0097de4d-29cb-42e1-93d0-9f743223ca03,0.5548157180090204
16e16d7f-3dd4-4c72-a615-a119f8f507ed,00984835-4467-4caa-998e-851d01f3635d,0.6827042172425023
16e16d7f-3dd4-4c72-a615-a119f8f507ed,009b7af4-06de-46a3-b312-155172b07f7a,0.3433129320854889
16e16d7f-3dd4-4c72-a615-a119f8f507ed,009be85d-1460-4d3e-a31c-2240944471ca,0.8664582608935432
16e16d7f-3dd4-4c72-a615-a119f8f507ed,009c7970-256c-4afb-bebf-23223407b552,0.5537867994990302
16e16d7f-3dd4-4c72-a615-a119f8f507ed,009e0e5b-fa3a-407d-8bb9-dfb1f1923569,0.7427979738049043
16e16d7f-3dd4-4c72-a615-a119f8f507ed,009e6906-8174-44a4-b113-71030021dc9e,0.4644841812956472
16e16d7f-3dd4-4c72-a615-a119f8f507ed,00a0941b-1c3f-4ce4-81ac-5a9204f24a46,0.7590476071619813
16e16d7f-3dd4-4c72-a615-a119f8f507ed,00a0fd0f-0f04-4598-9b6b-7c160cd24630,0.7573736489256657
16e16d7f-3dd4-4c72-a615-a119f8f507ed,00a13d15-bfdf-48f3-8cd6-c593f83e0b68,0.4220824541584956
16e16d7f-3dd4-4c72-a615-a119f8f507ed,00a28ea6-e419-4acc-b933-21a7baa405ae,0.7171933170969442
16e16d7f-3dd4-4c72-a615-a119f8f507ed,00a4d893-a99f-4644-bbbc-0b3457181e6a,0.6077084632754499
16e16d7f-3dd4-4c72-a615-a119f8f507ed,00a51a39-7699-4861-92ac-56aee6a7cc86,0.6278992374539588
16e16d7f-3dd4-4c72-a615-a119f8f507ed,00a6b550-fee5-4d03-901c-d74dcaf36951,0.7704156728940681
16e16d7f-3dd4-4c72-a615-a119f8f507ed,00a6bef2-1a9e-4be8-8638-1b0cf4eafb1a,0.8835970476076513
16e16d7f-3dd4-4c72-a615-a119f8f507ed,00a7abd6-c33b-467d-b763-99940970905d,0.8474693105940156
16e16d7f-3dd4-4c72-a615-a119f8f507ed,00aa9f83-0691-4292-a1ca-aad89ef28467,0.9506709733145728
16e16d7f-3dd4-4c72-a615-a119f8f507ed,00ac5ae2-7702-4110-bb9c-7cfe5c422e11,0.8819832657485227
16e16d7f-3dd4-4c72-a615-a119f8f507ed,00ac63e3-452b-4fc2-82cb-9d79414d5d84,0.7417197335691146
16e16d7f-3dd4-4c72-a615-a119f8f507ed,00af5b54-2042-49f2-a887-60b1ab5fdfaa,0.6458100516542497
16e16d7f-3dd4-4c72-a615-a119f8f507ed,00b01628-8570-45a6-84f6-0abb953eb095,0.6931523326987907
16e16d7f-3dd4-4c72-a615-a119f8f507ed,00b35555-d9d9-4e2c-a9ea-89482751ec98,0.9154514510364158
16e16d7f-3dd4-4c72-a615-a119f8f507ed,00b48fe9-68dd-4f05-9669-2ddd2e384c23,0.5781310196719447
16e16d7f-3dd4-4c72-a615-a119f8f507ed,00b5d491-bcb2-4c8a-b4c0-72214a3f7875,0.3739071119066254
16e16d7f-3dd4-4c72-a615-a119f8f507ed,00b606d6-e60a-404c-8e79-086461056538,0.8611320762829068
16e16d7f-3dd4-4c72-a615-a119f8f507ed,00b81ffc-95aa-465d-88a8-a136a0ab6736,0.9206131479929172
16e16d7f-3dd4-4c72-a615-a119f8f507ed,00bac2ca-be37-4c93-830b-9ad3ef8e57b9,0.6831931281890865
16e16d7f-3dd4-4c72-a615-a119f8f507ed,00bb109e-ec6a-4ed0-9ce8-d5aa87f7cd4b,0.827650039636141
16e16d7f-3dd4-4c72-a615-a119f8f507ed,00bba99e-e2a9-480c-8703-5d7f948f8f27,0.6660538902657552
16e16d7f-3dd4-4c72-a615-a119f8f507ed,00bdc483-8275-42a9-8753-843116934bf7,0.9617162179148164
16e16d7f-3dd4-4c72-a615-a119f8f507ed,00bf910e-9030-4467-a997-da6fa89f2d53,0.83691814640221
16e16d7f-3dd4-4c72-a615-a119f8f507ed,00bf9293-575c-40d8-af38-c763e9d1ca29,0.80176399366601
16e16d7f-3dd4-4c72-a615-a119f8f507ed,00c3a1ba-cafe-4e3d-8f23-39ae2f07fa40,0.7824418569610808
16e16d7f-3dd4-4c72-a615-a119f8f507ed,00c6641a-565c-4618-9b75-f34453594b10,0.825537400072539
16e16d7f-3dd4-4c72-a615-a119f8f507ed,00c97837-ebb7-4b93-82e6-0f6583a88941,0.8132193309945842
16e16d7f-3dd4-4c72-a615-a119f8f507ed,00ca37ad-865f-470f-a8e8-1a1f60a12737,0.632886457131589
16e16d7f-3dd4-4c72-a615-a119f8f507ed,00cc031d-3b62-4b75-bf0f-f134a3a6cc5d,0.7986365815338676
16e16d7f-3dd4-4c72-a615-a119f8f507ed,00cc727f-7144-431a-afcf-e95c03b0b429,0.8152815624981941
16e16d7f-3dd4-4c72-a615-a119f8f507ed,00cceeb9-553a-4ab8-b5e8-73942b0dc452,0.7853362805731436
16e16d7f-3dd4-4c72-a615-a119f8f507ed,00ccfd6b-104a-4562-9731-5db60ce18943,0.7436212952653208
16e16d7f-3dd4-4c72-a615-a119f8f507ed,00cddd17-8484-4509-a257-28712a70b6ee,0.8997178317571121
16e16d7f-3dd4-4c72-a615-a119f8f507ed,00ce8565-2f26-4938-9af8-c61e17c6d3e6,0.7617047522360236
16e16d7f-3dd4-4c72-a615-a119f8f507ed,00ced3ac-29b2-493e-b65d-ac42cab66faf,0.2628110012402196
16e16d7f-3dd4-4c72-a615-a119f8f507ed,00d06bfb-a483-44de-a4fe-f652a3a391cd,0.8319823407792524
16e16d7f-3dd4-4c72-a615-a119f8f507ed,00d0a2e3-b461-4049-8ee6-60d499d2a9c2,0.7208794605849997
16e16d7f-3dd4-4c72-a615-a119f8f507ed,00d1135f-0175-4687-9293-9b1a9f76c135,0.8396980317022213
16e16d7f-3dd4-4c72-a615-a119f8f507ed,00d196c5-d5f7-4cf5-a277-76f59ed59cff,0.8182246349422843
16e16d7f-3dd4-4c72-a615-a119f8f507ed,00d2f116-4c67-4319-84cf-91a2b3e5aa59,0.6804072851781121
16e16d7f-3dd4-4c72-a615-a119f8f507ed,00d41157-5ca9-4aed-8029-8e2fb485fb8c,0.7511988659081303
16e16d7f-3dd4-4c72-a615-a119f8f507ed,00d4c7c0-f93a-4534-a9e1-cbda85636867,0.8415753849564273
16e16d7f-3dd4-4c72-a615-a119f8f507ed,00d548ba-b2fa-42bd-89dc-96d3784eba02,0.7157254126507322
16e16d7f-3dd4-4c72-a615-a119f8f507ed,00d55dfd-32e9-429c-b552-cffa8bf88ff7,0.3959347868355849
16e16d7f-3dd4-4c72-a615-a119f8f507ed,00d5ce89-9aaf-4b28-abda-934fa78e11cc,0.6500041219584821
16e16d7f-3dd4-4c72-a615-a119f8f507ed,00d6d037-b99d-4583-ae17-c0e12916bd40,0.6531527860856877
16e16d7f-3dd4-4c72-a615-a119f8f507ed,00d7295e-1b0e-49c2-8e0c-be834d39132c,0.638275427812232
16e16d7f-3dd4-4c72-a615-a119f8f507ed,00d7ee5e-6a83-4a34-b580-34b6c22f57b6,0.7786054374700117
16e16d7f-3dd4-4c72-a615-a119f8f507ed,00d84212-853d-47d7-af54-0b0c4238c393,0.6631109628650279
16e16d7f-3dd4-4c72-a615-a119f8f507ed,00d88681-bcbf-4f7f-a5db-f65509fa9257,0.8003703398719184
16e16d7f-3dd4-4c72-a615-a119f8f507ed,00d931a8-240c-4b2d-81cc-29e22fd6a720,0.2462897721703143
16e16d7f-3dd4-4c72-a615-a119f8f507ed,00d94291-ecb1-4492-84f9-d30951c0f65e,0.7939158128145047
16e16d7f-3dd4-4c72-a615-a119f8f507ed,00d94f38-9575-479b-a42a-9f33a1df7835,0.7975960877138821
16e16d7f-3dd4-4c72-a615-a119f8f507ed,00d9ebb1-b52b-4109-a187-024c67c28845,0.720693101530771
16e16d7f-3dd4-4c72-a615-a119f8f507ed,00db8ded-2833-495b-bb41-698b0ac0a24f,0.8795989117220646
16e16d7f-3dd4-4c72-a615-a119f8f507ed,00dd1457-2038-4475-b010-e11a7d48cd4a,0.7573396788805103
16e16d7f-3dd4-4c72-a615-a119f8f507ed,00ddb405-35c4-40de-8bb6-de141f855b82,0.6783892790591061
16e16d7f-3dd4-4c72-a615-a119f8f507ed,00de1e10-eb66-4147-bb04-4cc62293706f,0.9187196089720978
16e16d7f-3dd4-4c72-a615-a119f8f507ed,00deb91e-75f1-4c96-9082-aeb869066f21,0.7508879007806316
16e16d7f-3dd4-4c72-a615-a119f8f507ed,00df2c58-ec55-4788-91bb-26525eb44a46,0.7932377547438995
16e16d7f-3dd4-4c72-a615-a119f8f507ed,00df5f60-c1b8-494a-97e3-98a29e7b55de,0.7318838319556284
16e16d7f-3dd4-4c72-a615-a119f8f507ed,00e0445b-6f7a-4c00-ba0d-412400939ed5,0.7532849310932775
16e16d7f-3dd4-4c72-a615-a119f8f507ed,1001304c-79f0-4cad-a78b-1d0836f32bf9,0.7159180092809748
16e16d7f-3dd4-4c72-a615-a119f8f507ed,100415d8-2c1a-478f-bbf3-65df443bb45f,0.7438807962182837
16e16d7f-3dd4-4c72-a615-a119f8f507ed,10049b5d-cf44-4b64-b8dd-8aeea432b697,0.4421635359063841
16e16d7f-3dd4-4c72-a615-a119f8f507ed,10049dc8-419c-419c-bf7b-b49067dd0f28,0.587787599835154
16e16d7f-3dd4-4c72-a615-a119f8f507ed,10062773-8d26-44ee-8779-a3ef35703d22,0.6754620294724331
16e16d7f-3dd4-4c72-a615-a119f8f507ed,10074605-945a-4ea2-9107-0362cb6f66ac,0.7194178795142226
16e16d7f-3dd4-4c72-a615-a119f8f507ed,100865af-6351-4359-8b69-b9421dde368e,0.317593979402013
16e16d7f-3dd4-4c72-a615-a119f8f507ed,100a937a-2c38-4540-a178-59ff07081469,0.1944637246983358
16e16d7f-3dd4-4c72-a615-a119f8f507ed,100a9e41-a612-444c-84b2-3d30920b9700,0.5497978880279212
16e16d7f-3dd4-4c72-a615-a119f8f507ed,100d46c2-d543-4d4d-a0f0-2c0711ac2441,0.6982848954728257
16e16d7f-3dd4-4c72-a615-a119f8f507ed,100dcbf0-57aa-4033-a51f-13a4c8fe001a,0.635512755532776
16e16d7f-3dd4-4c72-a615-a119f8f507ed,100de2a1-ae13-421e-99ea-fd17ef1db80b,0.6031582641112978
16e16d7f-3dd4-4c72-a615-a119f8f507ed,100e02eb-466c-4420-b248-7326aeb5cc06,0.7979137043717384
16e16d7f-3dd4-4c72-a615-a119f8f507ed,100f97a5-a20d-4766-8871-9c7a8fc5ba8a,0.9133362909847432
16e16d7f-3dd4-4c72-a615-a119f8f507ed,100fcdf0-086e-4778-ba14-d0e3c80da9f5,0.7035986579485236
16e16d7f-3dd4-4c72-a615-a119f8f507ed,10101120-4464-44b3-a225-1a91b20ae8be,0.7571870323080061
16e16d7f-3dd4-4c72-a615-a119f8f507ed,10147852-6a38-43f5-bdf1-71563b39a278,0.8468557442410992
16e16d7f-3dd4-4c72-a615-a119f8f507ed,10155e83-5b96-4fcf-bd70-e8cdcfc48254,0.754854227040587
16e16d7f-3dd4-4c72-a615-a119f8f507ed,1015db07-baa2-406a-8c87-4b0941a43aed,0.5553322943943925
16e16d7f-3dd4-4c72-a615-a119f8f507ed,10163477-c11b-4b66-b570-b4fecbe45153,0.6748075468244454
16e16d7f-3dd4-4c72-a615-a119f8f507ed,101690a5-2f6d-43fb-8ca6-aba41395a090,0.7934806950790995
16e16d7f-3dd4-4c72-a615-a119f8f507ed,101971d7-ad9d-434b-a6c7-11b4c6e5cc6a,0.8735202817775808
16e16d7f-3dd4-4c72-a615-a119f8f507ed,101b5421-3eba-4292-8a06-03983de0e37a,0.7292189929560793
16e16d7f-3dd4-4c72-a615-a119f8f507ed,101b8b13-9d6f-4a0b-8b7a-15c63656ddc4,0.7950952731312746
16e16d7f-3dd4-4c72-a615-a119f8f507ed,101c9566-bf7c-4fbd-9b72-6b340445f9e2,0.7550208008612046
16e16d7f-3dd4-4c72-a615-a119f8f507ed,101f1bf0-d48c-4db8-bf8c-f6dfd8ee1040,0.7435133514132937
16e16d7f-3dd4-4c72-a615-a119f8f507ed,101f490e-a14c-4d89-9fcf-92fae34b32c4,0.6681500119288384
16e16d7f-3dd4-4c72-a615-a119f8f507ed,1020d125-6388-4b5d-8da1-df1d80e91b6c,0.8522616518652245
16e16d7f-3dd4-4c72-a615-a119f8f507ed,1021df2f-fda2-421f-958c-a5c971abc894,0.5680963739614159
16e16d7f-3dd4-4c72-a615-a119f8f507ed,1021e4d8-7a30-4aaf-a21b-fec78a1b779d,0.8113277546730807
16e16d7f-3dd4-4c72-a615-a119f8f507ed,10223329-79c6-42fb-b870-df6a7e440f5b,0.545046228437241
16e16d7f-3dd4-4c72-a615-a119f8f507ed,10226a51-fc62-4238-bc56-5125d614f9d3,0.8864143063858211
16e16d7f-3dd4-4c72-a615-a119f8f507ed,1022b5ae-3f46-4c6d-86cd-a3ddeb3598de,0.7684539121225915
16e16d7f-3dd4-4c72-a615-a119f8f507ed,10235aba-ff52-4b78-9cba-547a4938da78,0.7551359176957965
16e16d7f-3dd4-4c72-a615-a119f8f507ed,1023c1f4-08eb-42ec-9d81-952c7267a272,0.7546648841367523
16e16d7f-3dd4-4c72-a615-a119f8f507ed,10242ebd-a03d-44fd-8731-9e6ebcb24642,0.6804939196426324
16e16d7f-3dd4-4c72-a615-a119f8f507ed,10248f5f-e7e9-4438-a3c3-64fc148a0edb,0.809970447963145
16e16d7f-3dd4-4c72-a615-a119f8f507ed,1024e317-6d26-4043-86bc-b4212c71c3fc,0.7289907264126005
16e16d7f-3dd4-4c72-a615-a119f8f507ed,10267418-8229-4f9f-a275-5d24476536bf,0.8297078756650137
16e16d7f-3dd4-4c72-a615-a119f8f507ed,1026eae0-ab77-41d7-ad12-a2238f25fc5c,0.4920322163576577
16e16d7f-3dd4-4c72-a615-a119f8f507ed,102997bb-5ba6-45de-99a0-0f55a3424228,0.8175408650594477
16e16d7f-3dd4-4c72-a615-a119f8f507ed,102a3e2e-26ff-4bef-8bd8-92bee98141fb,0.8114577043064911
16e16d7f-3dd4-4c72-a615-a119f8f507ed,102df44e-24de-4a23-bae4-43cdb247c11a,0.8166429547563325
16e16d7f-3dd4-4c72-a615-a119f8f507ed,102e0835-23ee-4ed4-8c6c-701087c6313d,0.8163785877563615
16e16d7f-3dd4-4c72-a615-a119f8f507ed,102ea561-62d9-46c1-bd33-3d3895aa828e,0.8102184787941715
16e16d7f-3dd4-4c72-a615-a119f8f507ed,102f1f3a-dd2b-4190-b167-5016d0d2b2b6,0.496913320280032
16e16d7f-3dd4-4c72-a615-a119f8f507ed,102fd379-27de-4ef4-af59-3f9989a74aea,0.5452803916216756
16e16d7f-3dd4-4c72-a615-a119f8f507ed,10313064-60cf-4614-99a4-4eb08191290e,0.7486858022239844
16e16d7f-3dd4-4c72-a615-a119f8f507ed,10316979-2639-4f97-901a-cc5718e47c1e,0.804315797349496
16e16d7f-3dd4-4c72-a615-a119f8f507ed,10331021-96ef-42ff-a49c-aa584feeddfa,0.9035795996545553
16e16d7f-3dd4-4c72-a615-a119f8f507ed,1033b158-1164-44e7-8349-c8ba071f2144,0.4044631904506885
16e16d7f-3dd4-4c72-a615-a119f8f507ed,1034254b-249f-4001-b836-893230a90d9a,0.3198581125273508
16e16d7f-3dd4-4c72-a615-a119f8f507ed,10368956-4bad-45e8-a3e8-d0565e1904ed,0.6254377218535114
16e16d7f-3dd4-4c72-a615-a119f8f507ed,10370652-3421-4f7b-966a-27de7462f690,0.770916297873979
16e16d7f-3dd4-4c72-a615-a119f8f507ed,10389101-b874-4e18-937e-5e994fdbd6f1,0.8801923105132015
16e16d7f-3dd4-4c72-a615-a119f8f507ed,10389637-5c16-4c7b-9f94-240d92b293e7,0.8711072103319196
16e16d7f-3dd4-4c72-a615-a119f8f507ed,1038f4d0-b6b8-4af6-a289-4da188aed40d,0.6778877953957438
16e16d7f-3dd4-4c72-a615-a119f8f507ed,1039b689-0ddc-4696-a050-0f2ee983f1d8,0.8208368020091572
16e16d7f-3dd4-4c72-a615-a119f8f507ed,103b616b-fad8-48cb-98a0-5aab958f4bf7,0.6652574928242099
16e16d7f-3dd4-4c72-a615-a119f8f507ed,103ca67f-e785-4918-87da-d7b74ec2f72b,0.8315018645390926
16e16d7f-3dd4-4c72-a615-a119f8f507ed,103cd6ef-2b26-4f0f-9ee8-61e2cdd13304,0.7703725086955713
16e16d7f-3dd4-4c72-a615-a119f8f507ed,103cebc7-245d-41af-8c24-07cbbf2eac1c,0.5919314926754607
16e16d7f-3dd4-4c72-a615-a119f8f507ed,103ddc6c-7c65-4c07-bdbf-f8359376deac,0.8575215990641287
16e16d7f-3dd4-4c72-a615-a119f8f507ed,103e78f9-5ca8-44ff-a668-7bc59da177de,0.7932222757843762
16e16d7f-3dd4-4c72-a615-a119f8f507ed,103fcbbb-1435-4b21-b2ac-1fd7d9bb650f,0.4699845351825031
16e16d7f-3dd4-4c72-a615-a119f8f507ed,10411d66-6102-413f-a391-8d9cab5cea87,0.6722770988768577
16e16d7f-3dd4-4c72-a615-a119f8f507ed,104152c6-b418-4435-95d7-fc600af71b85,0.2020995781576395
16e16d7f-3dd4-4c72-a615-a119f8f507ed,10415d17-46ae-4ebd-9fe4-4f8f4827cda1,0.7357287061954516
16e16d7f-3dd4-4c72-a615-a119f8f507ed,104200fa-509b-4a9a-8297-ac39daf38b94,0.8146103046105994
16e16d7f-3dd4-4c72-a615-a119f8f507ed,1043ee95-e164-4b80-9f77-d23a0991995d,0.3420510067316082
16e16d7f-3dd4-4c72-a615-a119f8f507ed,10450ee7-e085-4865-b3e1-18a5bc99a436,0.6563742446937675
16e16d7f-3dd4-4c72-a615-a119f8f507ed,10455b39-8b71-4dc0-9c08-cd0f03cdacbe,0.7437029171028373
16e16d7f-3dd4-4c72-a615-a119f8f507ed,10468bd3-b845-4108-81c9-8bedb7af6a24,0.7780748987617648
16e16d7f-3dd4-4c72-a615-a119f8f507ed,1046c6d6-89f6-4fee-a1a8-e5489da6efef,0.5129484145067542
16e16d7f-3dd4-4c72-a615-a119f8f507ed,1046c883-c2a6-4063-9432-f5dd2899db58,0.408998496138984
16e16d7f-3dd4-4c72-a615-a119f8f507ed,1046e4bb-97ba-4e45-a362-4d6c58f2086f,0.4331675023484768
16e16d7f-3dd4-4c72-a615-a119f8f507ed,104857d4-b662-41b6-b821-2ffdefde9b90,0.442925197946738
16e16d7f-3dd4-4c72-a615-a119f8f507ed,10490b6f-c055-4cd0-bf72-553e50399813,0.7438831765566292
16e16d7f-3dd4-4c72-a615-a119f8f507ed,104b2544-708e-44c9-b044-3b6908c03395,0.6000227362117018
16e16d7f-3dd4-4c72-a615-a119f8f507ed,104b2617-9f8e-49be-b0eb-8dadb2619eab,0.6286434518476313
16e16d7f-3dd4-4c72-a615-a119f8f507ed,104cb2f1-ae02-4ca1-91dc-3108e9ee887e,0.7937239835364772
16e16d7f-3dd4-4c72-a615-a119f8f507ed,104f3ec1-220a-4981-8646-4e6213bf4063,0.8559260399086407
16e16d7f-3dd4-4c72-a615-a119f8f507ed,10509b1c-dc76-4014-8e39-b61e22ebaf62,0.7540935679606955
16e16d7f-3dd4-4c72-a615-a119f8f507ed,10517278-3d5a-499e-a64f-f93eea56e956,0.7589036192953768
16e16d7f-3dd4-4c72-a615-a119f8f507ed,1051fc52-5e4f-4a64-a7f6-ef74b866202c,0.4114652936627574
16e16d7f-3dd4-4c72-a615-a119f8f507ed,10532df8-9e76-4d2e-81e2-70936c0b5674,0.8423276148820962
16e16d7f-3dd4-4c72-a615-a119f8f507ed,10539e89-fd45-4bcc-b7af-d244b190a920,0.7576800586043904
16e16d7f-3dd4-4c72-a615-a119f8f507ed,10545c22-56b3-4146-bd66-9d463fc0c946,0.7024160870339172
16e16d7f-3dd4-4c72-a615-a119f8f507ed,1055900e-eec3-4639-9366-751b1f0c0dbd,0.6986942119541457
16e16d7f-3dd4-4c72-a615-a119f8f507ed,10565cb3-99f2-4099-8c67-804f79eb4814,0.7164425586267805
16e16d7f-3dd4-4c72-a615-a119f8f507ed,105902d8-491d-4ca6-bf36-cd41466ea0f7,0.9648952102020244
16e16d7f-3dd4-4c72-a615-a119f8f507ed,1059ee39-c287-4a9c-8a5f-87570840a7e7,0.677320033579814
16e16d7f-3dd4-4c72-a615-a119f8f507ed,105a52c4-3ddb-4561-bef5-d0bb8ad4f8d6,0.7568536885043524
16e16d7f-3dd4-4c72-a615-a119f8f507ed,105b4b57-94a2-4caa-8248-6789fdf14771,0.6521587000541645
16e16d7f-3dd4-4c72-a615-a119f8f507ed,105be668-64e6-43da-9d09-185fe3ba1e03,0.7346795362988077
16e16d7f-3dd4-4c72-a615-a119f8f507ed,105cb05f-b58e-4f54-ae5f-7ea8bd911768,0.5715921071362339
16e16d7f-3dd4-4c72-a615-a119f8f507ed,105dac11-c9b4-40dc-a7fd-731f52f0a427,0.9211692827735778
16e16d7f-3dd4-4c72-a615-a119f8f507ed,105e8f0d-d447-4346-8103-cda5a3c6e117,0.8589035591013269
16e16d7f-3dd4-4c72-a615-a119f8f507ed,106106a6-bf20-4d52-a139-f22479deec03,0.4608810060823877
16e16d7f-3dd4-4c72-a615-a119f8f507ed,10629c71-4ec7-438e-8601-bd89f9b4542c,0.7239118481475406
16e16d7f-3dd4-4c72-a615-a119f8f507ed,1062aa9e-dee5-43c1-90a2-0211465d49d1,0.499263337153607
16e16d7f-3dd4-4c72-a615-a119f8f507ed,1063cc2f-4a5e-47ab-9347-579488f3ea9d,0.5078504549394848
16e16d7f-3dd4-4c72-a615-a119f8f507ed,1068ebf0-1354-48d7-9425-740861beb9fc,0.8688027061165879
16e16d7f-3dd4-4c72-a615-a119f8f507ed,106c9941-7b7e-4c35-b5df-a4bc2fcd5cf3,0.4844459887932146
16e16d7f-3dd4-4c72-a615-a119f8f507ed,106cffaf-a227-4278-9e25-09590c379d23,0.6625913664760076
16e16d7f-3dd4-4c72-a615-a119f8f507ed,106d8a0a-0daa-4a7e-b2c0-11762dce6006,0.8867958554887398
16e16d7f-3dd4-4c72-a615-a119f8f507ed,106efaa1-a773-40d3-a2ff-e6a5578bf9d6,0.7810796558345744
16e16d7f-3dd4-4c72-a615-a119f8f507ed,106f08fb-ba84-46f8-aac7-9cea94c58e96,0.3864119801829138
16e16d7f-3dd4-4c72-a615-a119f8f507ed,1070b59d-a766-4357-9252-eda5ba56a5d5,0.7266556864775898
16e16d7f-3dd4-4c72-a615-a119f8f507ed,1070b709-7bfa-485d-a4a8-acf5481bbe6e,0.8439659020899722
16e16d7f-3dd4-4c72-a615-a119f8f507ed,1071ba4d-2089-4f20-ac48-f5eb461a9a67,0.6593591198016718
16e16d7f-3dd4-4c72-a615-a119f8f507ed,107617d2-4a23-4c5d-8d46-150741fa38e6,0.6973380733173316
16e16d7f-3dd4-4c72-a615-a119f8f507ed,107743b7-422f-4345-84e9-4834a8beccb1,0.8804270922419023
16e16d7f-3dd4-4c72-a615-a119f8f507ed,10789052-7639-473e-9ba0-cad9d97eac7c,0.7256665804017919
16e16d7f-3dd4-4c72-a615-a119f8f507ed,10798337-5f1e-4663-a335-32df439e2ea8,0.5506697695137318
16e16d7f-3dd4-4c72-a615-a119f8f507ed,10798e11-e135-46f2-9beb-d8a7bffce89f,0.7003212146677812
16e16d7f-3dd4-4c72-a615-a119f8f507ed,1079ece7-78f2-4fc2-9e71-fb3e635e2982,0.3217820563239297
16e16d7f-3dd4-4c72-a615-a119f8f507ed,107a090f-bc3d-434b-8b69-c7b446ceaafa,0.9039597410444624
16e16d7f-3dd4-4c72-a615-a119f8f507ed,107a3d93-9577-4156-90ba-65d0deddb7da,0.8476417978388747
16e16d7f-3dd4-4c72-a615-a119f8f507ed,107bf80c-1232-459d-819e-d9f48b38f639,0.6622063597402766
16e16d7f-3dd4-4c72-a615-a119f8f507ed,107fdf58-d48c-4bc7-bbd4-74041a5e7359,0.8423740448456715
16e16d7f-3dd4-4c72-a615-a119f8f507ed,108005db-0c29-4128-962f-d3abfd4902ac,0.83757300426217
16e16d7f-3dd4-4c72-a615-a119f8f507ed,1084258a-8c19-4157-8088-b0bde2f44cf5,0.7993026369623387
16e16d7f-3dd4-4c72-a615-a119f8f507ed,10845c5a-db7c-469b-92b0-efe8337017d7,0.7549372131425534
16e16d7f-3dd4-4c72-a615-a119f8f507ed,10855b13-2bf7-4d6c-9b9a-d424ecb19b3e,0.4668589811904419
16e16d7f-3dd4-4c72-a615-a119f8f507ed,10894429-192b-4407-85f1-e8750ac20482,0.89294305833042
16e16d7f-3dd4-4c72-a615-a119f8f507ed,10897de6-37c6-4c7c-83c3-020508078b98,0.5816389124535878
16e16d7f-3dd4-4c72-a615-a119f8f507ed,108a71b1-731a-40da-97f7-8a8f43a86e70,0.7730325083248161
16e16d7f-3dd4-4c72-a615-a119f8f507ed,108bd162-e7b4-476c-a700-33cec76cdf0c,0.8307362621508211
16e16d7f-3dd4-4c72-a615-a119f8f507ed,108c7db9-4393-4e74-85d4-ce9114b08914,0.6316590899039054
16e16d7f-3dd4-4c72-a615-a119f8f507ed,108de0f2-d48d-4b06-9be9-0683cc630a6e,0.8133496929807681
16e16d7f-3dd4-4c72-a615-a119f8f507ed,108e9e65-5635-478c-ab32-e0be92e016a2,0.6361515071622645
16e16d7f-3dd4-4c72-a615-a119f8f507ed,108fa917-bb27-4421-9be3-50ed9d931c58,0.0633644599688696
16e16d7f-3dd4-4c72-a615-a119f8f507ed,108fc6db-b7f7-4645-904e-5f32f63dab52,0.66721493082445
16e16d7f-3dd4-4c72-a615-a119f8f507ed,10933ec4-6397-4906-a623-b21e3e4f9177,0.1276130934837787
16e16d7f-3dd4-4c72-a615-a119f8f507ed,10939e0c-6bef-434e-84f6-eea63f0e90ca,0.816927075755358
16e16d7f-3dd4-4c72-a615-a119f8f507ed,1093e307-cbb9-45d6-895d-a3660635f68f,0.8549932657446129
16e16d7f-3dd4-4c72-a615-a119f8f507ed,1094433b-d8ea-4f4d-9ae9-2a66507ef2f7,0.7557689499696014
16e16d7f-3dd4-4c72-a615-a119f8f507ed,1094c9f2-d6ec-442f-8d6c-c073008b8ad0,0.1216764885967623
16e16d7f-3dd4-4c72-a615-a119f8f507ed,1095e4dc-40e4-4a2a-be74-3a25e3318519,0.8075051705653042
16e16d7f-3dd4-4c72-a615-a119f8f507ed,1096213c-fa3a-4dc1-8f77-fbfd10a7dbc8,0.860436545688248
16e16d7f-3dd4-4c72-a615-a119f8f507ed,1098a748-6d10-49d4-b3f6-63b9d86496ae,0.7695252771382509
16e16d7f-3dd4-4c72-a615-a119f8f507ed,1098ca77-a158-4b9c-86d5-eaeac4c4905b,0.5290046697272923
16e16d7f-3dd4-4c72-a615-a119f8f507ed,10990315-ddb3-4e41-84ff-6928943ec4a4,0.7990441903859646
16e16d7f-3dd4-4c72-a615-a119f8f507ed,109926de-f445-4a30-8d55-dfe66c915453,0.7952312313305041
16e16d7f-3dd4-4c72-a615-a119f8f507ed,109a43fd-19e7-473b-a0fc-035353e77f2c,0.7549094167960214
16e16d7f-3dd4-4c72-a615-a119f8f507ed,109a6141-db08-4e40-bf18-c53098ec3a24,0.8907671322722447
16e16d7f-3dd4-4c72-a615-a119f8f507ed,109d2648-83f6-4ee8-97e7-5c2b6d540679,0.6351351721658117
16e16d7f-3dd4-4c72-a615-a119f8f507ed,109ea567-bd06-42f6-9dce-ed8769fb68af,0.6557077782289175
16e16d7f-3dd4-4c72-a615-a119f8f507ed,10a532c3-c379-429e-a01b-d8fc91cc6368,0.5920487008122236
16e16d7f-3dd4-4c72-a615-a119f8f507ed,10a966f9-477a-4178-a187-c5b3f6aa0291,0.8600222868783918
16e16d7f-3dd4-4c72-a615-a119f8f507ed,10ab68be-bc19-4d16-8a16-1073b1c5dabe,0.6512491724785878
16e16d7f-3dd4-4c72-a615-a119f8f507ed,10ab7957-ef7c-4a2d-980e-844d10a10f41,0.582465965138131
16e16d7f-3dd4-4c72-a615-a119f8f507ed,10abf249-226f-43e8-b050-a8622ea6747a,0.4863655166896222
16e16d7f-3dd4-4c72-a615-a119f8f507ed,10b0f657-46bc-415d-b8f1-858485642940,0.5181176792682662
16e16d7f-3dd4-4c72-a615-a119f8f507ed,10b371f6-7a97-4963-926f-8656b35a86f7,0.7344048473888282
16e16d7f-3dd4-4c72-a615-a119f8f507ed,10b3d2e8-78f8-4793-abb8-24b9ba3c8ce5,0.8806210826575837
16e16d7f-3dd4-4c72-a615-a119f8f507ed,10b4e3a1-4a98-443f-948e-b0adf6c41118,0.7713710699035304
16e16d7f-3dd4-4c72-a615-a119f8f507ed,10b4f320-d65c-4e28-ba4e-0aa74891d0d0,0.6608006492398794
16e16d7f-3dd4-4c72-a615-a119f8f507ed,10b86f68-8706-4830-ac8b-2d6d91c6f233,0.869841889664009
16e16d7f-3dd4-4c72-a615-a119f8f507ed,10b875e9-2616-45b3-813f-04760310f4c7,0.9117784917729996
16e16d7f-3dd4-4c72-a615-a119f8f507ed,10bbfcd0-32b8-4f88-85a8-883331b46660,0.5338482122537029
16e16d7f-3dd4-4c72-a615-a119f8f507ed,10bc49b3-67fd-41e6-aec0-0354e278ef18,0.7419425130127564
16e16d7f-3dd4-4c72-a615-a119f8f507ed,10be4eb2-8d5e-459c-b6d5-fbf775a44ddf,0.422548641548858
16e16d7f-3dd4-4c72-a615-a119f8f507ed,10be549b-5292-4ea0-a34f-729487fe1ea8,0.728227092909754
16e16d7f-3dd4-4c72-a615-a119f8f507ed,10be965e-6cbc-4010-86b4-b629ac59d7ca,0.8568360098597423
16e16d7f-3dd4-4c72-a615-a119f8f507ed,10c0272e-c5c2-4b95-ae2a-d2753df37f7c,0.6621951443585881
16e16d7f-3dd4-4c72-a615-a119f8f507ed,10c11896-ca62-4e72-a29c-acf7b0606ec0,0.4819898435926714
16e16d7f-3dd4-4c72-a615-a119f8f507ed,10c236c7-84a6-4e66-9bfd-b5117ba8b4cf,0.2356820883589657
16e16d7f-3dd4-4c72-a615-a119f8f507ed,10c4f250-8b4c-43d9-91cd-e002da715ba5,0.8790071554420883
16e16d7f-3dd4-4c72-a615-a119f8f507ed,10c56b80-1996-412d-aad3-67da6c0089a5,0.7289003923578948
16e16d7f-3dd4-4c72-a615-a119f8f507ed,10c61809-915f-4721-a957-ed399bf36c9e,0.5813099772555529
16e16d7f-3dd4-4c72-a615-a119f8f507ed,10c64845-4e63-4eab-bc5c-5d7b6c338492,0.7144344308286666
16e16d7f-3dd4-4c72-a615-a119f8f507ed,10c9052a-da15-4568-8c18-d8c67a7287af,0.8103207896494514
16e16d7f-3dd4-4c72-a615-a119f8f507ed,10ca797e-4ed5-4a6c-bf90-09012ca39d4f,0.6076936996304956
16e16d7f-3dd4-4c72-a615-a119f8f507ed,10cb8565-7279-41b4-ad7d-18e8a874cd95,0.6238180373126714
16e16d7f-3dd4-4c72-a615-a119f8f507ed,10cc00c7-c662-42f4-a388-1a1c9764e0e2,0.7261136069685602
16e16d7f-3dd4-4c72-a615-a119f8f507ed,10cc21d3-76ec-4b41-8952-5702956b4fa9,0.7529607445104306
16e16d7f-3dd4-4c72-a615-a119f8f507ed,10cea28e-88b8-4acf-abce-4f5ae6e54577,0.6380024053945803
16e16d7f-3dd4-4c72-a615-a119f8f507ed,10d53d41-fb4d-4528-8e58-715031d8fcee,0.8331591895139938
16e16d7f-3dd4-4c72-a615-a119f8f507ed,10d6e8e5-3ea0-4078-aff7-b44f3509dd06,0.5800909440675557
16e16d7f-3dd4-4c72-a615-a119f8f507ed,10d8c953-7d0d-4c51-945e-5d65c055866b,0.8643071044132749
16e16d7f-3dd4-4c72-a615-a119f8f507ed,10d916d7-99d3-4728-8ff3-bfada773e0be,0.6452461620023116
16e16d7f-3dd4-4c72-a615-a119f8f507ed,10d95e75-8d87-4846-9b49-99fe1d9487ac,0.6765365615482763
16e16d7f-3dd4-4c72-a615-a119f8f507ed,10d9874c-75b7-4368-a1f0-c52dac828541,0.7151373030935018
16e16d7f-3dd4-4c72-a615-a119f8f507ed,10d9a95a-bd09-432a-b702-ff6a976a58ae,0.6338759427109296
16e16d7f-3dd4-4c72-a615-a119f8f507ed,10d9bc7b-803c-4580-91b1-ad37b4816cff,0.4576340040547839
16e16d7f-3dd4-4c72-a615-a119f8f507ed,10db8da8-a54d-451f-9adf-c46ad1399a6d,0.8592968546664604
16e16d7f-3dd4-4c72-a615-a119f8f507ed,10dd4bba-a01d-4f86-8586-872c32efe6f5,0.7238858440176288
16e16d7f-3dd4-4c72-a615-a119f8f507ed,10dde2e9-d0fa-418f-8285-ef0fc1b96656,0.7866902315040063
16e16d7f-3dd4-4c72-a615-a119f8f507ed,10e306ce-b18b-4301-824c-5e5d20f21000,0.85626793893723
16e16d7f-3dd4-4c72-a615-a119f8f507ed,10e390b8-8d6b-4ad2-9d5a-ea95fb1983c2,0.8004459731085829
16e16d7f-3dd4-4c72-a615-a119f8f507ed,10e4398d-3acc-4367-800d-c016beb0ba74,0.6647873665866387
16e16d7f-3dd4-4c72-a615-a119f8f507ed,10e687a8-1f9f-47c5-8507-8a4fdb34223b,0.7107818737160941
16e16d7f-3dd4-4c72-a615-a119f8f507ed,10e93caf-bb7e-44ea-91c5-a2a5bb80b1ff,0.8574182131828076
16e16d7f-3dd4-4c72-a615-a119f8f507ed,10e98a82-57cd-4a9b-9928-7f053bf7b680,0.6961792411812942
16e16d7f-3dd4-4c72-a615-a119f8f507ed,10eac019-4abf-4461-abfc-3f38e2fb4fd3,0.4145458473736955
16e16d7f-3dd4-4c72-a615-a119f8f507ed,10ec00a5-a6ce-42d2-bf08-c3e3a114e690,0.7410697405941659
16e16d7f-3dd4-4c72-a615-a119f8f507ed,10ee2557-5202-4070-afbf-4e05bad5eddd,0.7704771208930552
16e16d7f-3dd4-4c72-a615-a119f8f507ed,10eef0db-96ca-40d3-a67d-35342064e804,0.6476878420129656
16e16d7f-3dd4-4c72-a615-a119f8f507ed,10ef2c25-2948-4624-a62e-56dd2eeb7299,0.674858065380098
16e16d7f-3dd4-4c72-a615-a119f8f507ed,10ef959b-6675-4b27-9f7f-237ba0fc6917,0.7526996918220348
16e16d7f-3dd4-4c72-a615-a119f8f507ed,10efa845-35c5-43cf-933f-1b0745143f0a,0.5295248646734607
16e16d7f-3dd4-4c72-a615-a119f8f507ed,10f0ca3b-8011-4c22-9986-a50760b8259f,0.5507430269294353
16e16d7f-3dd4-4c72-a615-a119f8f507ed,10f78a2a-35ee-4fa0-a9cb-cb03294bd2ae,0.7888964181915058
16e16d7f-3dd4-4c72-a615-a119f8f507ed,10fb22e3-0142-48d6-9cfd-980dbb99cff3,0.7334513872902451
16e16d7f-3dd4-4c72-a615-a119f8f507ed,10fb4b6e-fbd8-495e-99dd-38a2cf67a904,0.7053840886259873
16e16d7f-3dd4-4c72-a615-a119f8f507ed,10fec6ec-f5d3-46dd-8396-0a71d950874c,0.5238457572282986
16e16d7f-3dd4-4c72-a615-a119f8f507ed,110019a1-99e4-4e35-9a8e-92e3173dfacc,0.4367509658057524
16e16d7f-3dd4-4c72-a615-a119f8f507ed,110026d0-951f-4572-8a95-2d38c4ddb587,0.6644402810881868
16e16d7f-3dd4-4c72-a615-a119f8f507ed,1101f55b-ece6-40a1-89aa-a9246d6fdf3a,0.4998782804580813
16e16d7f-3dd4-4c72-a615-a119f8f507ed,1102c646-abc5-43fe-b59f-01ee9b6d62e2,0.7794004303569001
16e16d7f-3dd4-4c72-a615-a119f8f507ed,11044d09-78f7-4b31-ab2c-bc60dbb7ff74,0.6849611493823156
16e16d7f-3dd4-4c72-a615-a119f8f507ed,11049046-0c08-44b1-82c0-3ae49037b39a,0.8675515103981005
16e16d7f-3dd4-4c72-a615-a119f8f507ed,1104ac6a-1713-4b4f-9559-e19e88abcb6b,0.5843471462867097
16e16d7f-3dd4-4c72-a615-a119f8f507ed,1104ed43-bc53-4b04-92ca-3032fbfc8983,0.7779265163259279
16e16d7f-3dd4-4c72-a615-a119f8f507ed,1105f229-1ae3-45ca-b92a-7d6ebaa32dfd,0.8594564781221556
16e16d7f-3dd4-4c72-a615-a119f8f507ed,11085bc5-5dc3-4ce7-9473-9b4ec3960bd2,0.808253017100314
16e16d7f-3dd4-4c72-a615-a119f8f507ed,1108b9df-12bd-41f1-883c-ecac7ba31870,0.3724739945848189
16e16d7f-3dd4-4c72-a615-a119f8f507ed,11098393-051f-4848-a5a4-7ff051f364ed,0.4452082314268369
16e16d7f-3dd4-4c72-a615-a119f8f507ed,110e64c9-03e1-4bff-8e15-ce232c50eb38,0.6838432171082044
16e16d7f-3dd4-4c72-a615-a119f8f507ed,110fc9cd-e224-44a5-a874-d1387a153c7c,0.8280001079092265
16e16d7f-3dd4-4c72-a615-a119f8f507ed,111046f1-c6eb-4366-9c62-cc750f9eb7b6,0.6699999921574387
16e16d7f-3dd4-4c72-a615-a119f8f507ed,1110d426-f6c0-4d71-90be-cce1b3b7cf27,0.659463177497895
16e16d7f-3dd4-4c72-a615-a119f8f507ed,1111d3fc-3ca4-4c7b-aded-a31489198510,0.9102746467811264
16e16d7f-3dd4-4c72-a615-a119f8f507ed,1111d67e-0736-4a1e-91b2-37d8382df513,0.633844517509868
16e16d7f-3dd4-4c72-a615-a119f8f507ed,1112bd69-557d-4c60-928b-2f561fdcbadf,0.9379560748571988
16e16d7f-3dd4-4c72-a615-a119f8f507ed,1112d397-7e66-4060-b919-3586d3f59947,0.9553984137742324
16e16d7f-3dd4-4c72-a615-a119f8f507ed,1114127f-54e6-407e-8aa2-6ba9b1269499,0.9425756456803284
16e16d7f-3dd4-4c72-a615-a119f8f507ed,1115b2d6-53d4-467d-ac96-066370607b47,0.5906533729396768
16e16d7f-3dd4-4c72-a615-a119f8f507ed,1116157d-2801-471f-b603-1e3be1c2b359,0.2349242899511014
16e16d7f-3dd4-4c72-a615-a119f8f507ed,111620b9-4f7d-49d2-aeb8-e89864d7f6c3,0.8317068531074214
16e16d7f-3dd4-4c72-a615-a119f8f507ed,111744d2-501d-4d1b-b926-f9ffcf8a2b0d,0.5646481454350987
16e16d7f-3dd4-4c72-a615-a119f8f507ed,1118d789-4791-4016-a1a5-a25708a25d60,0.6958789701430838
16e16d7f-3dd4-4c72-a615-a119f8f507ed,1119158e-e908-4b9b-9f95-4529878699d6,0.5150743321183993
16e16d7f-3dd4-4c72-a615-a119f8f507ed,111a12d7-711e-4dce-bab3-c57a76184b0f,0.700241828524421
16e16d7f-3dd4-4c72-a615-a119f8f507ed,111b0c0c-89ea-45b3-8561-bf21d9db9118,0.6403254990223579
16e16d7f-3dd4-4c72-a615-a119f8f507ed,111b232c-436a-49c4-b31f-e0bb23cfea26,0.3222042915985567
16e16d7f-3dd4-4c72-a615-a119f8f507ed,111b9f39-4933-423d-b104-996e7efefcbb,0.859358161477483
16e16d7f-3dd4-4c72-a615-a119f8f507ed,111cf89f-3fe6-4c72-819a-b92649b5d5a7,0.8869112568397797
16e16d7f-3dd4-4c72-a615-a119f8f507ed,111f0e20-28d0-467e-a6b5-da5fe5944471,0.9027361674467912
16e16d7f-3dd4-4c72-a615-a119f8f507ed,111fbbfa-5d6a-4ebb-8655-531a65fc2344,0.8368863457068485
16e16d7f-3dd4-4c72-a615-a119f8f507ed,111fcb4d-a454-46e6-9fac-812355ab9369,0.8277076441729115
16e16d7f-3dd4-4c72-a615-a119f8f507ed,11202a09-9ed1-4e49-8121-fdd40922878e,0.7729107168575785
16e16d7f-3dd4-4c72-a615-a119f8f507ed,11232da6-ae2f-4be3-9d98-8b863c744bed,0.9236523722148224
16e16d7f-3dd4-4c72-a615-a119f8f507ed,1123922e-ded9-4f39-ac00-2743a8ca017f,0.701996212161968
16e16d7f-3dd4-4c72-a615-a119f8f507ed,11249b78-b46f-4c35-8274-61c13c1daa5f,0.793966741535722
16e16d7f-3dd4-4c72-a615-a119f8f507ed,1124b01c-fee9-42d2-b3b9-12f4f608ce0c,0.8203608018058371
16e16d7f-3dd4-4c72-a615-a119f8f507ed,1124fedd-8ded-4ccd-b17b-3af934a6d299,0.8922335268584642
16e16d7f-3dd4-4c72-a615-a119f8f507ed,11250bf8-c2f9-4d5f-8cf8-f1a3fa3f185c,0.6973547080869806
16e16d7f-3dd4-4c72-a615-a119f8f507ed,1125e44e-21e3-4135-8128-cae875790063,0.8388888402486485
16e16d7f-3dd4-4c72-a615-a119f8f507ed,1127cdb2-32a0-4653-9e0c-626d5a86fa2d,0.8855382568401311
16e16d7f-3dd4-4c72-a615-a119f8f507ed,1128dfbb-3711-46f9-b80c-31e75247932d,0.796250080475132
16e16d7f-3dd4-4c72-a615-a119f8f507ed,112c644a-a939-4148-a21c-6a34ffd752af,0.8883506314085168
16e16d7f-3dd4-4c72-a615-a119f8f507ed,112d14ec-58aa-4d8e-8bc4-a4c62eee4bfa,0.8022548314861692
16e16d7f-3dd4-4c72-a615-a119f8f507ed,1133bfb8-d3d6-4714-8977-6055ad71b957,0.3727281461491374
16e16d7f-3dd4-4c72-a615-a119f8f507ed,113408be-da47-445e-8b1d-97187b1b7b4c,0.5422022814706337
16e16d7f-3dd4-4c72-a615-a119f8f507ed,11343a23-9861-45d9-b2e9-1d5c875f6fde,0.9309204117894816
16e16d7f-3dd4-4c72-a615-a119f8f507ed,11349a10-e604-4b2a-9161-ece79b4f2ee2,0.4966318825953346
16e16d7f-3dd4-4c72-a615-a119f8f507ed,1134baf9-a953-4855-b05a-51b7b7123ffa,0.8370606874251924
16e16d7f-3dd4-4c72-a615-a119f8f507ed,11354178-c2a8-43fb-aa46-9f654e6306c4,0.6594267703591034
16e16d7f-3dd4-4c72-a615-a119f8f507ed,1135f9e4-fa91-4127-81bf-e4535f50b99b,0.7437482941117133
16e16d7f-3dd4-4c72-a615-a119f8f507ed,11368c8f-b937-4a70-a56d-fed459450412,0.6009313531737294
16e16d7f-3dd4-4c72-a615-a119f8f507ed,11394269-355d-4789-a0fa-f83d5b2a1d63,0.6601741757605927
16e16d7f-3dd4-4c72-a615-a119f8f507ed,113b85bf-a7cb-46b3-8aa5-66285f304f4b,0.5854157715066877
16e16d7f-3dd4-4c72-a615-a119f8f507ed,113c3845-0ca2-438f-90a8-0e929c750535,0.8129055622944416
16e16d7f-3dd4-4c72-a615-a119f8f507ed,113f2b53-f864-4705-af0b-a345a16a767b,0.8279449564708403
16e16d7f-3dd4-4c72-a615-a119f8f507ed,11407ce1-d73b-427e-a9d1-dc99ea0614df,0.6757151186214492
16e16d7f-3dd4-4c72-a615-a119f8f507ed,1140dd36-5512-4385-8413-1fcb4cf30026,0.7873624139719198
16e16d7f-3dd4-4c72-a615-a119f8f507ed,1140eec9-e30e-41f3-a0fe-27a87f8ce814,0.6883249717675256
16e16d7f-3dd4-4c72-a615-a119f8f507ed,11437823-8f6e-4a4d-9aa0-77a6783043b9,0.667126883347997
16e16d7f-3dd4-4c72-a615-a119f8f507ed,11440f9b-9d08-4485-8dd4-f37779dfab83,0.524099563981566
16e16d7f-3dd4-4c72-a615-a119f8f507ed,114526e9-f465-48ca-83d9-4860e14bf7f8,0.608135449773998
16e16d7f-3dd4-4c72-a615-a119f8f507ed,1145d4b6-0568-4331-a5c1-870b679ec765,0.6242942271489897
16e16d7f-3dd4-4c72-a615-a119f8f507ed,114601f3-c3ff-4d7f-856b-56946d2bcc5d,0.837502784415995
16e16d7f-3dd4-4c72-a615-a119f8f507ed,114704c0-18aa-4c55-9fea-d591b1808c81,0.5674576177244344
16e16d7f-3dd4-4c72-a615-a119f8f507ed,11496a93-cf58-41c8-be79-3b79d972b7fa,0.7214257350223486
16e16d7f-3dd4-4c72-a615-a119f8f507ed,114b8056-013d-4678-84d7-6c9898346b27,0.8111570884183392
16e16d7f-3dd4-4c72-a615-a119f8f507ed,114c7a36-f293-42e6-966f-510f3411c498,0.8997150932815874
16e16d7f-3dd4-4c72-a615-a119f8f507ed,114e2230-17e4-49b1-815c-5c594832d8d0,0.9262435129775392
16e16d7f-3dd4-4c72-a615-a119f8f507ed,1151003d-ad03-4d06-9452-776bcc640e2a,0.7649850541233137
16e16d7f-3dd4-4c72-a615-a119f8f507ed,11510080-81ca-4828-9ead-d8a148ed76c9,0.8225461472379962
16e16d7f-3dd4-4c72-a615-a119f8f507ed,11519165-f4be-4c5a-90c2-b61124ef4972,0.5716789808134534
16e16d7f-3dd4-4c72-a615-a119f8f507ed,11544e6f-e6e8-4dbd-8bb3-56dee65c6f9b,0.5306757237497839
16e16d7f-3dd4-4c72-a615-a119f8f507ed,1154f9fb-db3c-42bb-9e99-dcf87ba7c2b8,0.8542918975240353
16e16d7f-3dd4-4c72-a615-a119f8f507ed,11551ba5-a19e-4d0d-92fb-3f9c8ad509ed,0.7158036988760076
16e16d7f-3dd4-4c72-a615-a119f8f507ed,115742ab-51ac-44f4-9695-8027a10f4a23,0.6128463385221911
16e16d7f-3dd4-4c72-a615-a119f8f507ed,1157ff52-520b-488c-941c-31db2ed3e8db,0.6286041497962466
16e16d7f-3dd4-4c72-a615-a119f8f507ed,11592f77-218d-4163-b189-74819d7fc78e,0.7212141852668077
16e16d7f-3dd4-4c72-a615-a119f8f507ed,11596857-2821-4ec9-b1d1-8323bf15d9b9,0.603342394444196
16e16d7f-3dd4-4c72-a615-a119f8f507ed,115a5a80-995a-4d87-8644-1fe3c9143894,0.6802852044902612
16e16d7f-3dd4-4c72-a615-a119f8f507ed,115e0fa5-2147-4a84-a034-318d5b18a790,0.8019707412515769
16e16d7f-3dd4-4c72-a615-a119f8f507ed,115eb4e6-b012-41ac-a150-77233419a8b7,0.7094715820495267
16e16d7f-3dd4-4c72-a615-a119f8f507ed,115f1f51-0d30-4ba7-a420-21811962c2fa,0.7531750378274856
16e16d7f-3dd4-4c72-a615-a119f8f507ed,115f2408-b596-4865-8b74-fbdd10eaaede,0.8608001720112124
16e16d7f-3dd4-4c72-a615-a119f8f507ed,1162751c-93cb-4969-b323-c31866321a5d,0.863058195209588
16e16d7f-3dd4-4c72-a615-a119f8f507ed,116289e5-e475-4da0-9fca-e647519a834c,0.6300985849638943
16e16d7f-3dd4-4c72-a615-a119f8f507ed,1163c524-4fc1-4a09-9e09-86ad7c931ed8,0.7132263304595958
16e16d7f-3dd4-4c72-a615-a119f8f507ed,11641b2a-8c69-4d23-8152-d523b380fe32,0.6808765665783209
16e16d7f-3dd4-4c72-a615-a119f8f507ed,116678fc-f121-43a6-abec-636d860bad54,0.9250593793601593
16e16d7f-3dd4-4c72-a615-a119f8f507ed,116685a1-3248-419b-8de6-5b477f774427,0.7735203123551126
16e16d7f-3dd4-4c72-a615-a119f8f507ed,116708f9-d774-4f5d-b6d5-35437bb7fdcd,0.643543217704494
16e16d7f-3dd4-4c72-a615-a119f8f507ed,11671110-b4fb-4a7e-80bc-581c20bae519,0.8459363230429884
16e16d7f-3dd4-4c72-a615-a119f8f507ed,1168efef-7c5f-4154-a718-1c1959899634,0.4460257998697471
16e16d7f-3dd4-4c72-a615-a119f8f507ed,1169eedc-212c-46b6-abf8-8dad76fa8e10,0.495100223788936
16e16d7f-3dd4-4c72-a615-a119f8f507ed,116ad5ed-6102-4c34-8f93-269e5d8b55db,0.6288162455623639
16e16d7f-3dd4-4c72-a615-a119f8f507ed,116b6090-af96-4902-b51e-20b167e5c48c,0.7058149738120919
16e16d7f-3dd4-4c72-a615-a119f8f507ed,116c1027-97c2-4c56-b6c2-6bbb084d935e,0.6352665726533695
16e16d7f-3dd4-4c72-a615-a119f8f507ed,116cff91-b691-4957-a036-3182c205a31e,0.8281612070837883
16e16d7f-3dd4-4c72-a615-a119f8f507ed,116d53cf-7ed0-43de-849f-3c24362e821d,0.8080682934992638
16e16d7f-3dd4-4c72-a615-a119f8f507ed,116e91e0-bfa6-4c3b-8892-d89adebcba96,0.8464039020579763
16e16d7f-3dd4-4c72-a615-a119f8f507ed,11716939-23b9-4ade-b7cb-042853ba878b,0.7288821242804587
16e16d7f-3dd4-4c72-a615-a119f8f507ed,1171b35d-a9df-434e-b701-f582f1ca365f,0.8703015852483262
16e16d7f-3dd4-4c72-a615-a119f8f507ed,11723bf9-a762-4197-b9d4-3de014c0fa56,0.809982437232947
16e16d7f-3dd4-4c72-a615-a119f8f507ed,11733da7-cb77-47e5-8c36-f5b2e88890c7,0.8172587138948587
16e16d7f-3dd4-4c72-a615-a119f8f507ed,1173ecae-5fd5-40da-886b-3401bc1ba5df,0.7641649508642002
16e16d7f-3dd4-4c72-a615-a119f8f507ed,1174cd9e-d5ef-4dd1-b98e-fad92d8c1fc3,0.6373308973921382
16e16d7f-3dd4-4c72-a615-a119f8f507ed,1175f5ee-44ad-4609-bafb-35da42552402,0.5970847431763142
16e16d7f-3dd4-4c72-a615-a119f8f507ed,117708cc-b822-43b6-b428-4c0939e1b0fd,0.1168845080695631
16e16d7f-3dd4-4c72-a615-a119f8f507ed,11777c5b-dafe-4f40-abf3-9a946084a01c,0.6997695979973597
16e16d7f-3dd4-4c72-a615-a119f8f507ed,117938f7-741a-4764-a9b4-f928d71ca633,0.7845193597304496
16e16d7f-3dd4-4c72-a615-a119f8f507ed,117966ea-9c3e-4d59-9736-1743db657270,0.7419258775510621
16e16d7f-3dd4-4c72-a615-a119f8f507ed,117cd820-f685-4780-93d2-a6cacd00f5e2,0.7498772668236862
16e16d7f-3dd4-4c72-a615-a119f8f507ed,118652a4-1058-4f54-828e-b4b5186b600d,0.8442230712753257
16e16d7f-3dd4-4c72-a615-a119f8f507ed,1186b533-c494-418d-9b1b-0f15d1a397d4,0.7261963901259384
16e16d7f-3dd4-4c72-a615-a119f8f507ed,11877969-2853-4b5d-8790-fd2309195e8c,0.8135617063867491
16e16d7f-3dd4-4c72-a615-a119f8f507ed,118a8974-defe-491e-9472-fe06e20bd4ab,0.655186566176376
16e16d7f-3dd4-4c72-a615-a119f8f507ed,118d2fdc-4a14-4398-aafe-059e35568d6a,0.8046658910466242
16e16d7f-3dd4-4c72-a615-a119f8f507ed,118f7f2a-11cf-4f1c-9836-79086e09c805,0.5941979363821857
16e16d7f-3dd4-4c72-a615-a119f8f507ed,118fc08e-604f-40e2-b8ad-d054c0e2333b,0.8555362554520284
16e16d7f-3dd4-4c72-a615-a119f8f507ed,118ff760-7c42-4fd7-8ea5-a96f1dc76dd7,0.7166944277170227
16e16d7f-3dd4-4c72-a615-a119f8f507ed,1190ac51-3ecc-4f87-881d-3af3237111d4,0.5565214592463723
16e16d7f-3dd4-4c72-a615-a119f8f507ed,11925b7c-3cfb-410b-abf3-4b471d449d18,0.6425340106519936
16e16d7f-3dd4-4c72-a615-a119f8f507ed,1192b665-12a5-48da-bbac-7baa72f18bf8,0.7098369883405079
16e16d7f-3dd4-4c72-a615-a119f8f507ed,1192cfe0-2a37-48a1-95b7-686389cbbfc8,0.7721982643958136
16e16d7f-3dd4-4c72-a615-a119f8f507ed,11933e01-9b9a-481f-b8ba-8892b88f44e8,0.7455062191742693
16e16d7f-3dd4-4c72-a615-a119f8f507ed,11934398-bcc5-419a-9c2e-ea9440c3d555,0.7393641315700678
16e16d7f-3dd4-4c72-a615-a119f8f507ed,119366d7-58c0-4ec4-91c2-02d0a9ce025d,0.6248330626487244
16e16d7f-3dd4-4c72-a615-a119f8f507ed,1195df8d-58b1-42ec-87b4-c1c4991e713f,0.7187951393352979
16e16d7f-3dd4-4c72-a615-a119f8f507ed,11960eb1-665e-4f69-bbd9-ce8897897263,0.5082675648772836
16e16d7f-3dd4-4c72-a615-a119f8f507ed,1197b0ce-eb66-4646-a5c7-14e4302384f5,0.7000977347506505
16e16d7f-3dd4-4c72-a615-a119f8f507ed,11984a31-d478-49e4-8922-078691a13f86,0.6303029326828782
16e16d7f-3dd4-4c72-a615-a119f8f507ed,11988062-15e9-4482-8940-1bde0a60fb86,0.7398035136716888
16e16d7f-3dd4-4c72-a615-a119f8f507ed,1198831c-428f-474b-8949-efd8e05125c2,0.768273396644172
16e16d7f-3dd4-4c72-a615-a119f8f507ed,119bc421-2405-49d3-a68e-a813a17888c6,0.5830388530895206
16e16d7f-3dd4-4c72-a615-a119f8f507ed,119d7a1b-b155-45c1-83e3-57ce700330bf,0.6205711122477336
16e16d7f-3dd4-4c72-a615-a119f8f507ed,119dbd2b-2c20-4ece-8e32-31702a892cd2,0.339903585257726
16e16d7f-3dd4-4c72-a615-a119f8f507ed,119e817c-e928-45ad-94b4-639211e82ef5,0.8153799575800795
16e16d7f-3dd4-4c72-a615-a119f8f507ed,11a0c64b-7eca-4bfe-8458-8ffefe773166,0.7145577844549135
16e16d7f-3dd4-4c72-a615-a119f8f507ed,11a44535-ae7b-4725-94c4-d00ab66f6046,0.7460341723601944
16e16d7f-3dd4-4c72-a615-a119f8f507ed,11a51cf2-f423-4f58-97db-737fd455c3bf,0.2065824500873801
16e16d7f-3dd4-4c72-a615-a119f8f507ed,11a61997-6c76-47f1-a2dc-c1199fd74237,0.8706442323045418
16e16d7f-3dd4-4c72-a615-a119f8f507ed,11aa0704-daa0-4ca6-a626-6b11053d579d,0.574806840983172
16e16d7f-3dd4-4c72-a615-a119f8f507ed,11ab810a-00b7-435a-b95d-bd245384c3e0,0.8043709406392071
16e16d7f-3dd4-4c72-a615-a119f8f507ed,11abdab9-f698-48de-bbf6-f8e9ec221547,0.8135685396686746
16e16d7f-3dd4-4c72-a615-a119f8f507ed,11aca594-abdc-47c1-9515-39a37f7dba62,0.921135599503538
16e16d7f-3dd4-4c72-a615-a119f8f507ed,11ad6f13-f2ab-448b-b0a4-e8821aed5410,0.7832952511207718
16e16d7f-3dd4-4c72-a615-a119f8f507ed,11adf5de-46cb-4a16-877f-f4f7472f8338,0.6790928534101485
16e16d7f-3dd4-4c72-a615-a119f8f507ed,11af67e2-aa7d-4e44-a678-61c20c9a6e41,0.704194220389411
16e16d7f-3dd4-4c72-a615-a119f8f507ed,11afc643-7c83-4cc5-b0bd-5e3ad78eb90c,0.9064404334667188
16e16d7f-3dd4-4c72-a615-a119f8f507ed,11aff0ab-cdee-4b69-a3a2-5f530286a749,0.6682571147802228
16e16d7f-3dd4-4c72-a615-a119f8f507ed,11b01b14-4980-457d-ab41-a11f64a52380,0.5297504778196865
16e16d7f-3dd4-4c72-a615-a119f8f507ed,11b11ebd-f3b9-4c17-8768-cc4b7ad8e910,0.4114465054625676
16e16d7f-3dd4-4c72-a615-a119f8f507ed,11b229c6-a6d9-46a5-8f5b-fcf3ac6f4186,0.6767035081994269
16e16d7f-3dd4-4c72-a615-a119f8f507ed,11b26cac-9264-4cb2-851d-e641b9fc63af,0.4967597442214264
16e16d7f-3dd4-4c72-a615-a119f8f507ed,11b3e4b8-8c62-4146-9830-af4a75f1f759,0.7516653652373172
16e16d7f-3dd4-4c72-a615-a119f8f507ed,11b45e1a-cf0f-4db0-964e-b1b4a1269bdc,0.794662391045889
16e16d7f-3dd4-4c72-a615-a119f8f507ed,11b499ed-b180-4233-a61a-fe912873c0f6,0.7075748847713866
16e16d7f-3dd4-4c72-a615-a119f8f507ed,11b6a530-9f09-41d6-8942-9c1cecf82278,0.9131621944945456
16e16d7f-3dd4-4c72-a615-a119f8f507ed,11b6c4db-b1a0-4233-aa1e-ad44ec262f44,0.5514260451945391
16e16d7f-3dd4-4c72-a615-a119f8f507ed,11b6e56c-200f-4eee-9df1-c0c17015edbf,0.7241656818493035
16e16d7f-3dd4-4c72-a615-a119f8f507ed,11b77141-5f53-421a-8109-69e08525f5b1,0.6571285239743904
16e16d7f-3dd4-4c72-a615-a119f8f507ed,11b8ba91-d53a-4d8f-9475-7827b6986040,0.7709634160230403
16e16d7f-3dd4-4c72-a615-a119f8f507ed,11bb8386-8299-43ca-89cf-3532b03aab30,0.7636961463290992
16e16d7f-3dd4-4c72-a615-a119f8f507ed,11bb894b-1be7-4fcc-b0b5-6c6eacdd73aa,0.6208291454911039
16e16d7f-3dd4-4c72-a615-a119f8f507ed,11bd0d90-0a96-4b0e-a493-f2ec846a6cad,0.7916917179345194
16e16d7f-3dd4-4c72-a615-a119f8f507ed,11bd9659-f6ad-409f-9c35-e64a886c0c6c,0.8580470867768661
16e16d7f-3dd4-4c72-a615-a119f8f507ed,11bf4219-5505-4f6c-beee-364244cfa76a,0.8783175729774954
16e16d7f-3dd4-4c72-a615-a119f8f507ed,11bfa239-ced7-4e69-847a-c8a9800d11e1,0.6724377263237763
16e16d7f-3dd4-4c72-a615-a119f8f507ed,11c096eb-c39f-4622-b1dd-7efecb7677f8,0.4099963700261331
16e16d7f-3dd4-4c72-a615-a119f8f507ed,11c1fc35-1f30-4e50-a839-8288138c9309,0.6104798008063056
16e16d7f-3dd4-4c72-a615-a119f8f507ed,11c61684-b830-496d-898a-e180029811f4,0.2516509813362106
16e16d7f-3dd4-4c72-a615-a119f8f507ed,11c641a1-5177-4eb6-a8ef-9f4e02e96f9f,0.7576884275357166
16e16d7f-3dd4-4c72-a615-a119f8f507ed,11c656cf-7775-435b-9dae-fde27234c36f,0.6837656975083195
16e16d7f-3dd4-4c72-a615-a119f8f507ed,11c790ab-0f6b-43a5-b864-50e5d76f2c1e,0.660823600343606
16e16d7f-3dd4-4c72-a615-a119f8f507ed,11c960e7-bef3-478c-bb17-24da52ff0282,0.5012350014101549
16e16d7f-3dd4-4c72-a615-a119f8f507ed,11cc3945-2b8b-4940-a210-8334adb9406c,0.8121765855562995
16e16d7f-3dd4-4c72-a615-a119f8f507ed,11cecde3-e83c-4c99-abb0-a0549cfb46a0,0.8791979697699872
16e16d7f-3dd4-4c72-a615-a119f8f507ed,11cfc1bf-4abe-4077-a943-f505eb34748b,0.4531751272174167
16e16d7f-3dd4-4c72-a615-a119f8f507ed,11d0765b-e489-4182-9e6c-a0f136cb255a,0.7289823937971902
16e16d7f-3dd4-4c72-a615-a119f8f507ed,11d28ef7-46d8-43fb-b468-b99e9627dbfb,0.7951430374591927
16e16d7f-3dd4-4c72-a615-a119f8f507ed,11d2af65-c934-4335-9cd0-fb7065c8c522,0.9087564912911896
16e16d7f-3dd4-4c72-a615-a119f8f507ed,11d2ef24-c8d2-4968-a930-2520512242b4,0.3820056844371359
16e16d7f-3dd4-4c72-a615-a119f8f507ed,11d38996-6fea-433a-966f-2604b86dfadd,0.7622001036088718
16e16d7f-3dd4-4c72-a615-a119f8f507ed,11d4deb9-75f1-4f7d-8d51-20e9f52e8172,0.6943944236476495
16e16d7f-3dd4-4c72-a615-a119f8f507ed,11d5090c-de15-492e-849e-6f345173dad9,0.849984927576928
16e16d7f-3dd4-4c72-a615-a119f8f507ed,11d78352-1979-401a-9fe1-7c3b59aa38b8,0.6706084010760799
16e16d7f-3dd4-4c72-a615-a119f8f507ed,11da2d4b-8b11-42f9-9515-8b09e86ff18c,0.8086895257001824
16e16d7f-3dd4-4c72-a615-a119f8f507ed,11dbe731-9b43-41af-86e2-c08083270b53,0.2007918783287479
16e16d7f-3dd4-4c72-a615-a119f8f507ed,11dcbb4b-8c73-4c18-ac78-7b5887c3adcb,0.5755109023521412
16e16d7f-3dd4-4c72-a615-a119f8f507ed,11dd7a45-7384-4452-9cae-f9c358ec3dea,0.9412461029950724
16e16d7f-3dd4-4c72-a615-a119f8f507ed,11de611d-3e2b-4791-93ce-8450fcea669b,0.8379088461243008
16e16d7f-3dd4-4c72-a615-a119f8f507ed,11defa57-560e-4fc8-91be-08b7a8b591bb,0.5664244535136838
16e16d7f-3dd4-4c72-a615-a119f8f507ed,11e166ff-a172-40df-94b8-50867cf39a2c,0.4627775802947147
16e16d7f-3dd4-4c72-a615-a119f8f507ed,11e1d743-f6af-49f1-adf1-f7f4cd2663d1,0.727358522260795
16e16d7f-3dd4-4c72-a615-a119f8f507ed,11e37c0b-dee9-458d-9066-af484a32bfeb,0.6636816576670536
16e16d7f-3dd4-4c72-a615-a119f8f507ed,11e3d266-ca64-4d7c-8fdc-d7584785bd77,0.3633588423168876
16e16d7f-3dd4-4c72-a615-a119f8f507ed,11e415ad-918e-4c24-a046-36a8d9ac159f,0.7856505873351629
16e16d7f-3dd4-4c72-a615-a119f8f507ed,11e4bdbd-a425-4976-90e0-e25b2e5952ba,0.8251202237688365
16e16d7f-3dd4-4c72-a615-a119f8f507ed,11e4c96d-5162-4d97-9d48-dd7723d84a82,0.888964448593039
16e16d7f-3dd4-4c72-a615-a119f8f507ed,11e5065a-499a-4da6-b073-daa360c73154,0.8270348837467194
16e16d7f-3dd4-4c72-a615-a119f8f507ed,11e56e73-59c7-4dd6-ac54-859b712e4c8a,0.8160317329830384
16e16d7f-3dd4-4c72-a615-a119f8f507ed,11e6080b-8ec5-48a8-b08b-8010ea10b62e,0.8834963202145218
16e16d7f-3dd4-4c72-a615-a119f8f507ed,11e6a6a0-6551-40e4-8395-ca8ce69ad3a3,0.2569500618004961
16e16d7f-3dd4-4c72-a615-a119f8f507ed,11e8096c-0461-4c31-ad33-76eb08202ed7,0.745544345997253
16e16d7f-3dd4-4c72-a615-a119f8f507ed,11e82047-66be-45c8-8db5-8a071e0b3175,0.628676582001799
16e16d7f-3dd4-4c72-a615-a119f8f507ed,11e93dcf-812e-4851-9fea-23fead077e5e,0.7329139265554575
16e16d7f-3dd4-4c72-a615-a119f8f507ed,11e9c1c4-1991-49bb-960a-198cf3f9e5a8,0.7156012290996691
16e16d7f-3dd4-4c72-a615-a119f8f507ed,11e9fe4c-17af-4a74-8405-a6398bcbc2c4,0.8172684484508829
16e16d7f-3dd4-4c72-a615-a119f8f507ed,11ebca57-7aef-4552-a5df-79385c5f2f45,0.7508615646585446
16e16d7f-3dd4-4c72-a615-a119f8f507ed,11ede113-7438-4ee8-99c6-dfdd255c4141,0.4986250595578466
16e16d7f-3dd4-4c72-a615-a119f8f507ed,11f459c8-4d7e-425f-959d-b8c01f007b2f,0.5465253015608901
16e16d7f-3dd4-4c72-a615-a119f8f507ed,11f59e2b-9446-4864-bfcf-3086c0835b06,0.6333918631171612
16e16d7f-3dd4-4c72-a615-a119f8f507ed,11f7e996-75b8-4f1a-ae97-06d2c9b998db,0.7936416008613225
16e16d7f-3dd4-4c72-a615-a119f8f507ed,11f8c862-dddd-4fa0-8a6e-21215865b5a1,0.4477324222416354
16e16d7f-3dd4-4c72-a615-a119f8f507ed,11fa0ae8-159b-4cfd-a651-f4e64c14ba8a,0.8541074664535114
16e16d7f-3dd4-4c72-a615-a119f8f507ed,11fa65b3-35ba-4a43-81c6-5bbbc0b83add,0.6327237550086748
16e16d7f-3dd4-4c72-a615-a119f8f507ed,11fb368b-29c2-456c-939f-b3a7f3747819,0.5239178011683827
16e16d7f-3dd4-4c72-a615-a119f8f507ed,11fbef8f-5767-4489-97ed-1ae60777ddf0,0.6921003877777268
16e16d7f-3dd4-4c72-a615-a119f8f507ed,11fd6c99-1623-4459-8213-3110dd3b1396,0.9012824016623748
16e16d7f-3dd4-4c72-a615-a119f8f507ed,11fe843a-b93f-4e5f-bb4c-a955d35bfa12,0.7662678313573523
16e16d7f-3dd4-4c72-a615-a119f8f507ed,11ffd146-9952-4769-9cb1-57d3fbbffa5a,0.3743891036295471
16e16d7f-3dd4-4c72-a615-a119f8f507ed,12051052-bf21-4b48-a00f-292ee3f7c9b4,0.672635060734069
16e16d7f-3dd4-4c72-a615-a119f8f507ed,1205b4d0-bc64-430e-863c-720b630d27c1,0.7684352965036547
16e16d7f-3dd4-4c72-a615-a119f8f507ed,12060f08-ecca-445c-91a3-45169c4f4b1d,0.2913536215194445
16e16d7f-3dd4-4c72-a615-a119f8f507ed,1207460f-19e6-4a64-897f-421ed3d11cee,0.8381906950693
16e16d7f-3dd4-4c72-a615-a119f8f507ed,12079f4b-fba4-407b-8d57-dbedb6aae1a1,0.7668099208383333
16e16d7f-3dd4-4c72-a615-a119f8f507ed,120a54b1-b121-476e-ab42-9c67f0a56f14,0.8734294432317742
16e16d7f-3dd4-4c72-a615-a119f8f507ed,120adebd-3540-46e6-923b-3da25706fc2f,0.1174637449768622
16e16d7f-3dd4-4c72-a615-a119f8f507ed,120faa84-40d6-4f2d-8ea7-2d56082f07d7,0.2561506535658505
16e16d7f-3dd4-4c72-a615-a119f8f507ed,1210d7d4-3bfb-4764-881c-40cc05aef85d,0.8393497957527245
16e16d7f-3dd4-4c72-a615-a119f8f507ed,12161235-44c9-4220-96bb-02eeb8cb8f2c,0.4959170520836699
16e16d7f-3dd4-4c72-a615-a119f8f507ed,1216c212-8a49-4b85-8907-09bde5db8e89,0.6910882157811296
16e16d7f-3dd4-4c72-a615-a119f8f507ed,1217060e-54bf-4783-aeba-7d209051793f,0.6822527825178952
16e16d7f-3dd4-4c72-a615-a119f8f507ed,12176565-a98f-4f6c-ab28-6b07f4fa090d,0.8312027294087241
16e16d7f-3dd4-4c72-a615-a119f8f507ed,1218ad8d-3553-41b8-835e-0e0a611357b5,0.7352400194210248
16e16d7f-3dd4-4c72-a615-a119f8f507ed,1218e0b0-e4ad-40a4-915f-7b69ab5e2a36,0.8409106726505872
16e16d7f-3dd4-4c72-a615-a119f8f507ed,121982ce-1c9d-4257-8025-f8944ddbf79e,0.679772377944357
16e16d7f-3dd4-4c72-a615-a119f8f507ed,121a6d5f-6f5d-4eb6-9848-98545d5ed92e,0.626630929536698
16e16d7f-3dd4-4c72-a615-a119f8f507ed,121bc247-e0f0-43c7-b6bd-271279fd3e42,0.2364158600592681
16e16d7f-3dd4-4c72-a615-a119f8f507ed,121be10d-6e55-49be-91d3-6c464feee1aa,0.7772103630582761
16e16d7f-3dd4-4c72-a615-a119f8f507ed,121d7f22-5172-4d4a-a88d-d397274ec6d9,0.776433997529488
16e16d7f-3dd4-4c72-a615-a119f8f507ed,12206672-f02b-47ae-8b22-f1e7b97af189,0.8328610248307747
16e16d7f-3dd4-4c72-a615-a119f8f507ed,1225979f-1a69-4bc9-9775-8e6033568172,0.8165450577464358
16e16d7f-3dd4-4c72-a615-a119f8f507ed,1225d9a0-10e3-4666-8f99-d42f7f31de71,0.6116397991716632
16e16d7f-3dd4-4c72-a615-a119f8f507ed,1226263a-2e70-4972-a3e8-1044ff135d44,0.4092242674361125
16e16d7f-3dd4-4c72-a615-a119f8f507ed,122720c3-eba0-432d-8f34-1b1ddf76d184,0.4236853370639951
16e16d7f-3dd4-4c72-a615-a119f8f507ed,1228d803-4926-4eb7-95c9-0418ce6b7b7f,0.1679659527140979
16e16d7f-3dd4-4c72-a615-a119f8f507ed,1229c84c-a996-4ea1-a696-819441e2ed97,0.5828665146714944
16e16d7f-3dd4-4c72-a615-a119f8f507ed,122c75d9-0df4-4a3a-84b3-58236f4f6a6f,0.8603921481816558
16e16d7f-3dd4-4c72-a615-a119f8f507ed,122d64dd-9ee2-4954-bf53-1f30648fa7ae,0.8314058029615914
16e16d7f-3dd4-4c72-a615-a119f8f507ed,122fcf0b-ef99-497d-b8b8-41ebaaf5f33b,0.8599623840339498
16e16d7f-3dd4-4c72-a615-a119f8f507ed,12308608-e3af-4f47-ab14-f6be8be7bfd8,0.8330491501516963
16e16d7f-3dd4-4c72-a615-a119f8f507ed,12334d7e-7fbd-4c59-ba2b-48afcf221f12,0.6818650037130587
16e16d7f-3dd4-4c72-a615-a119f8f507ed,12359200-2ce8-4aa9-bcab-cde00210cc18,0.6684649722684256
16e16d7f-3dd4-4c72-a615-a119f8f507ed,1235e75a-3c12-4ab7-94ac-ec31b11dd06b,0.7068093231896678
16e16d7f-3dd4-4c72-a615-a119f8f507ed,12378c24-5470-4001-a2a4-1b09a5b8c78f,0.8812702430311334
16e16d7f-3dd4-4c72-a615-a119f8f507ed,1237b6b7-97d2-4fa1-9eb2-69473c54f611,0.8558830406041816
16e16d7f-3dd4-4c72-a615-a119f8f507ed,1237f086-dbdb-4826-b6ec-46b1e8057b0c,0.8617237293920519
16e16d7f-3dd4-4c72-a615-a119f8f507ed,123851f6-4269-4b88-8816-2fcd85a665eb,0.3460991217049756
16e16d7f-3dd4-4c72-a615-a119f8f507ed,1238b3f8-e03a-42a4-a71d-ffc51e68ec35,0.7765676986957335
16e16d7f-3dd4-4c72-a615-a119f8f507ed,1239065a-b981-43a3-bc95-2fa1632bbcc9,0.9259304276608464
16e16d7f-3dd4-4c72-a615-a119f8f507ed,123eda7a-0588-4ef2-8ff4-5d9be08b2b8d,0.8303040743614704
16e16d7f-3dd4-4c72-a615-a119f8f507ed,12414c91-a226-42d5-88a5-188d52a4ca07,0.6997975879097353
16e16d7f-3dd4-4c72-a615-a119f8f507ed,1241a9bc-69cc-4ea3-a2ed-a669f9967854,0.8898383731112111
16e16d7f-3dd4-4c72-a615-a119f8f507ed,1247950d-f216-4965-8871-5fbce8be605e,0.6590333147313328
16e16d7f-3dd4-4c72-a615-a119f8f507ed,1247afff-c133-4f28-9cb0-ccde59d5f38e,0.7869379970473838
16e16d7f-3dd4-4c72-a615-a119f8f507ed,1248df10-e86f-4819-9068-03b60cfae90d,0.7183794118019411
16e16d7f-3dd4-4c72-a615-a119f8f507ed,12490ca4-963c-4039-a983-b37f6428ae9d,0.9032914189697162
16e16d7f-3dd4-4c72-a615-a119f8f507ed,12491099-9712-4de3-973a-08e141c46fa7,0.6685330419986643
16e16d7f-3dd4-4c72-a615-a119f8f507ed,124a137b-fd55-4dec-8f46-79a867725aa4,0.834287489111432
16e16d7f-3dd4-4c72-a615-a119f8f507ed,124bf6c8-d923-452b-a4d4-ff12eed3f63b,0.6481045995536434
16e16d7f-3dd4-4c72-a615-a119f8f507ed,1251ab99-8ecd-422e-b55d-0926a60b4965,0.9219881735362084
16e16d7f-3dd4-4c72-a615-a119f8f507ed,12524b6e-fc27-496c-b6aa-3d781fa24003,0.8214699795210874
16e16d7f-3dd4-4c72-a615-a119f8f507ed,12533298-dd5c-4258-8d08-52f5ab4da0dc,0.4806884309573029
16e16d7f-3dd4-4c72-a615-a119f8f507ed,12537266-2758-4cec-834f-ff42e7012e68,0.4640992117079262
16e16d7f-3dd4-4c72-a615-a119f8f507ed,1254408f-0598-495e-a763-9e0bcb36de15,0.4092573574947217
16e16d7f-3dd4-4c72-a615-a119f8f507ed,12568745-ce64-40c5-905c-5c25be631204,0.6897443623702452
16e16d7f-3dd4-4c72-a615-a119f8f507ed,12573a60-c039-4e27-9035-701d04d2f104,0.4710697990356895
16e16d7f-3dd4-4c72-a615-a119f8f507ed,1257c3ed-a429-4bdc-8544-d82aa318c5fe,0.7537972066516809
16e16d7f-3dd4-4c72-a615-a119f8f507ed,125968db-d42d-405b-9bc9-c8ff9148d6a8,0.3753578015734337
16e16d7f-3dd4-4c72-a615-a119f8f507ed,125b2e43-4423-4533-a10c-dcdf6b67e717,0.6193141146853698
16e16d7f-3dd4-4c72-a615-a119f8f507ed,125be7f1-96ad-4a4f-93af-193aa7013ad0,0.6202441444670175
16e16d7f-3dd4-4c72-a615-a119f8f507ed,125bfba7-aac3-4001-8f5b-612f8f6160d0,0.6612653393908423
16e16d7f-3dd4-4c72-a615-a119f8f507ed,125c93ee-d25e-49be-9495-df2f33e37b71,0.7620872576082828
16e16d7f-3dd4-4c72-a615-a119f8f507ed,125e66bb-4101-4851-a4d9-a17ed860e521,0.9496219695419532
16e16d7f-3dd4-4c72-a615-a119f8f507ed,12619343-dfb3-40f3-82e2-34fdd9b97324,0.6375591350188747
16e16d7f-3dd4-4c72-a615-a119f8f507ed,12631f09-2fad-4c8c-96e9-342e50d3f9f4,0.8147604120540088
16e16d7f-3dd4-4c72-a615-a119f8f507ed,12637cad-4c09-49cf-8abb-2abe69b92df1,0.5429644494531386
16e16d7f-3dd4-4c72-a615-a119f8f507ed,126452bb-5c29-4950-bf60-27f1ae5ac574,0.7790775387464183
16e16d7f-3dd4-4c72-a615-a119f8f507ed,1264a10b-499c-4c22-bc85-f02876682726,0.5317997345235791
16e16d7f-3dd4-4c72-a615-a119f8f507ed,1264ade9-fa16-42bd-94c4-2abbd26ed703,0.3260759538001941
16e16d7f-3dd4-4c72-a615-a119f8f507ed,1264b2f2-f3cf-418f-a990-4e8f5b97e434,0.6869360883249354
16e16d7f-3dd4-4c72-a615-a119f8f507ed,1268b260-8569-4744-bc66-f447ee388a97,0.8145368142234288
16e16d7f-3dd4-4c72-a615-a119f8f507ed,1269a471-cd6c-44bb-a109-4a1f17714a49,0.7711671014599195
16e16d7f-3dd4-4c72-a615-a119f8f507ed,126a6ece-4bd7-4cf1-8355-f47035f7d50a,0.6256240623157086
16e16d7f-3dd4-4c72-a615-a119f8f507ed,126c9d99-4ca6-4b03-8bde-ed897b632068,0.5850790455161283
16e16d7f-3dd4-4c72-a615-a119f8f507ed,126ea82d-5784-48d3-9765-67876d7ebde8,0.8412928862415843
16e16d7f-3dd4-4c72-a615-a119f8f507ed,127136c1-d779-48d3-b624-ea0c81c81387,0.8957741324108444
16e16d7f-3dd4-4c72-a615-a119f8f507ed,12715bc9-293e-47d7-a57c-b891629be22f,0.7972531357444843
16e16d7f-3dd4-4c72-a615-a119f8f507ed,1271e19b-0624-4178-81d4-48f000443add,0.8006247619326442
16e16d7f-3dd4-4c72-a615-a119f8f507ed,12749786-405d-4ee9-a5cd-f87374e2e656,0.722468277144505
16e16d7f-3dd4-4c72-a615-a119f8f507ed,12755990-9cd4-4f3b-b39e-426b8cdf734f,0.1246564544235579
16e16d7f-3dd4-4c72-a615-a119f8f507ed,12768af0-ab6f-4c19-8a8f-e179c9774791,0.6770924612374741
16e16d7f-3dd4-4c72-a615-a119f8f507ed,1276a709-b0d8-448f-a1df-113ce099eff0,0.7016870061753555
16e16d7f-3dd4-4c72-a615-a119f8f507ed,1276c070-3a92-4a22-9d2d-3f0c6d83c620,0.7361234515787181
16e16d7f-3dd4-4c72-a615-a119f8f507ed,127717d5-872d-48bb-951a-1e3f2bff7266,0.5740506960230175
16e16d7f-3dd4-4c72-a615-a119f8f507ed,1278c2d4-8044-49ad-93b1-2935cfa4418d,0.6882976776096492
16e16d7f-3dd4-4c72-a615-a119f8f507ed,127a75e4-c0ed-40e8-93d5-a67e373b5b7e,0.5716639410133029
16e16d7f-3dd4-4c72-a615-a119f8f507ed,127f83df-ba88-47b6-b8b7-1cdf2ba1f9a9,0.6766539196722243
16e16d7f-3dd4-4c72-a615-a119f8f507ed,1282784d-0120-4522-a026-65361938eb2e,0.7158559972192245
16e16d7f-3dd4-4c72-a615-a119f8f507ed,1283ef91-a05b-4ae6-9450-8acbfe78f8e3,0.7753668534965312
16e16d7f-3dd4-4c72-a615-a119f8f507ed,1286a4f7-41fe-42e7-8330-3c9a31827052,0.7896460155354574
16e16d7f-3dd4-4c72-a615-a119f8f507ed,12877e0e-4614-4074-97d0-f1fe13ed16b2,0.7051347327553408
16e16d7f-3dd4-4c72-a615-a119f8f507ed,1287a9a4-3b14-4546-b866-d109d58db147,0.6836327837005532
16e16d7f-3dd4-4c72-a615-a119f8f507ed,1288556e-f0d6-460a-a2c8-d240ad364831,0.8783098947506596
16e16d7f-3dd4-4c72-a615-a119f8f507ed,12886a45-1ccc-41cd-83a9-6c6ece319c77,0.6432007858516819
16e16d7f-3dd4-4c72-a615-a119f8f507ed,12895fd0-b923-4fbb-b294-7e2b2095b8ca,0.4495323119459176
16e16d7f-3dd4-4c72-a615-a119f8f507ed,128bfc89-b4f8-45ec-88ad-dac960704082,0.7594042710981923
16e16d7f-3dd4-4c72-a615-a119f8f507ed,128dab38-d1b1-473e-b2d1-be3f613ef2c9,0.7033205246971779
16e16d7f-3dd4-4c72-a615-a119f8f507ed,128e20f7-10dc-4668-925e-ec4580d7f291,0.9338305851820078
16e16d7f-3dd4-4c72-a615-a119f8f507ed,128fd100-c765-41df-b676-2f47870d79d9,0.7858686480228153
16e16d7f-3dd4-4c72-a615-a119f8f507ed,12900a73-0772-43f3-af24-8a56afad47ca,0.6407398889594728
16e16d7f-3dd4-4c72-a615-a119f8f507ed,12903bc9-f63e-430f-afe0-9298a0fc94f3,0.7267822352075431
16e16d7f-3dd4-4c72-a615-a119f8f507ed,1290b408-df8c-4a55-8aaa-74cc31743171,0.7805944146391693
16e16d7f-3dd4-4c72-a615-a119f8f507ed,1290d366-3b35-4f30-8e4b-781acaa2c69a,0.7056727351644131
16e16d7f-3dd4-4c72-a615-a119f8f507ed,12921519-4e42-4b1b-aec0-0fd3211c4591,0.9172147275129447
16e16d7f-3dd4-4c72-a615-a119f8f507ed,12921521-04e1-46bf-a50f-437670d418d0,0.6194542875645839
16e16d7f-3dd4-4c72-a615-a119f8f507ed,129569df-25ac-4eea-830b-c7fc91d46e8f,0.692511477199091
16e16d7f-3dd4-4c72-a615-a119f8f507ed,1296b5e4-f964-47c4-8b85-c5e7e8db7469,0.8549092042646368
16e16d7f-3dd4-4c72-a615-a119f8f507ed,1296c4a3-baff-49de-9723-d907488015a7,0.7188891602838852
16e16d7f-3dd4-4c72-a615-a119f8f507ed,1296dd4b-152b-415b-9831-516fb9c5be7a,0.731152327529263
16e16d7f-3dd4-4c72-a615-a119f8f507ed,1298eb82-b75f-49ca-a3c6-3b56c3cc4441,0.7117004334640414
16e16d7f-3dd4-4c72-a615-a119f8f507ed,129a0a70-c9c1-480f-ad31-2729ae4bb07a,0.6923732087054976
16e16d7f-3dd4-4c72-a615-a119f8f507ed,129a0dee-a9c5-4c3e-9bbd-cdd7eee052b0,0.674526397693665
16e16d7f-3dd4-4c72-a615-a119f8f507ed,129a46b4-6a4e-4f4b-b6bb-05a63268a69f,0.7862797499795583
16e16d7f-3dd4-4c72-a615-a119f8f507ed,129a771b-41ea-40a3-a571-0157a7e25f62,0.7807363654420956
16e16d7f-3dd4-4c72-a615-a119f8f507ed,129a7b9b-f29c-4bf5-9c10-2e42776f1e95,0.7197160245246913
16e16d7f-3dd4-4c72-a615-a119f8f507ed,129ab199-1780-423b-8e1f-8f3776ac0258,0.7789054578346026
16e16d7f-3dd4-4c72-a615-a119f8f507ed,129c0d13-bb4b-4a86-a298-2f6c74c7513a,0.8580976745207904
16e16d7f-3dd4-4c72-a615-a119f8f507ed,129d28a8-35b5-441b-9497-b91022de2b05,0.8000452796642457
16e16d7f-3dd4-4c72-a615-a119f8f507ed,129e54dd-9182-4b9a-8208-216ec6862775,0.8459110912060781
16e16d7f-3dd4-4c72-a615-a119f8f507ed,12a38e0c-a757-49a5-90bb-327afc06f3a8,0.7342593102111006
16e16d7f-3dd4-4c72-a615-a119f8f507ed,12a4c133-374b-48b8-944f-5a7fbc63d94e,0.2548573674916533
16e16d7f-3dd4-4c72-a615-a119f8f507ed,12a5708e-5b3b-4a28-b60d-50448df7cd75,0.8052714039645483
16e16d7f-3dd4-4c72-a615-a119f8f507ed,12a78e99-e6bc-4c74-b365-81b9410b439e,0.5945151927045107
16e16d7f-3dd4-4c72-a615-a119f8f507ed,12a8afd7-a123-4168-aaac-005b0633a90c,0.1693035381501612
16e16d7f-3dd4-4c72-a615-a119f8f507ed,12a9d8c5-66c7-447b-bc77-300f6db62269,0.7098949287579287
16e16d7f-3dd4-4c72-a615-a119f8f507ed,12abe5ed-6145-4be8-b4f7-46dbc8c2db9d,0.8337320101520193
16e16d7f-3dd4-4c72-a615-a119f8f507ed,12ad6f24-6f5b-4461-b81e-5431ee0fde81,0.8010901848280565
16e16d7f-3dd4-4c72-a615-a119f8f507ed,12ada7dd-04fb-4750-af49-7bde8a938901,0.6754606769652586
16e16d7f-3dd4-4c72-a615-a119f8f507ed,12adb9b6-d332-45d7-9c7c-3e225c04c698,0.3686147884078148
16e16d7f-3dd4-4c72-a615-a119f8f507ed,12af1a69-6064-49a6-8d14-320b9c0a2d53,0.3857522516624601
16e16d7f-3dd4-4c72-a615-a119f8f507ed,12b07678-e91e-40bf-a114-c59f53ec2573,0.8508436984856427
16e16d7f-3dd4-4c72-a615-a119f8f507ed,12b6764b-326b-4ab8-92b7-aa2822f3dc94,0.6994400285504802
16e16d7f-3dd4-4c72-a615-a119f8f507ed,12b8b248-19bd-41dd-a46c-2c988bb63c3f,0.6550788698316199
16e16d7f-3dd4-4c72-a615-a119f8f507ed,12b8f001-b15e-48d0-9b57-530ad524984f,0.7028514389172462
16e16d7f-3dd4-4c72-a615-a119f8f507ed,12b98501-398a-469f-aad4-cecee6debf1e,0.7574030900897175
16e16d7f-3dd4-4c72-a615-a119f8f507ed,12bc1d32-b9e1-4d7b-a9c8-be09abecbd6b,0.3869070725368069
16e16d7f-3dd4-4c72-a615-a119f8f507ed,12bc3d1a-aa2c-495b-a771-ebbc9a9fe1df,0.6909669510225181
16e16d7f-3dd4-4c72-a615-a119f8f507ed,12bcdebb-a16e-4d14-8b53-3ca77f4cf77f,0.4082595584941865
16e16d7f-3dd4-4c72-a615-a119f8f507ed,12bd1e30-3efe-41a0-8b54-ead71108a7b7,0.5696560280464834
16e16d7f-3dd4-4c72-a615-a119f8f507ed,12bd98eb-543d-4aca-b928-40a3136b1960,0.8650386560483511
16e16d7f-3dd4-4c72-a615-a119f8f507ed,12bf0950-7892-42c0-983c-e8a78a00dc73,0.6758817181837189
16e16d7f-3dd4-4c72-a615-a119f8f507ed,12c04997-06cb-4232-a3eb-d378992c4a56,0.7987855429082418
16e16d7f-3dd4-4c72-a615-a119f8f507ed,12c0da59-6c87-43d1-850e-a5f24cd699de,0.7615619977555412
16e16d7f-3dd4-4c72-a615-a119f8f507ed,12c201e7-abc1-47c6-a716-9ee905266d0e,0.806853625229185
16e16d7f-3dd4-4c72-a615-a119f8f507ed,12c24dd3-cff4-4d5f-9106-78c0cca7a377,0.6093131133138153
16e16d7f-3dd4-4c72-a615-a119f8f507ed,12c279de-769e-45c5-aa62-6cfa5199a222,0.7996491996857144
16e16d7f-3dd4-4c72-a615-a119f8f507ed,12c2f061-d519-4d3c-b0f7-6b38d750fdef,0.7048938697396903
16e16d7f-3dd4-4c72-a615-a119f8f507ed,12c3376d-5d38-4c91-932e-e21c8010954c,0.6870618177051618
16e16d7f-3dd4-4c72-a615-a119f8f507ed,12c3651b-d243-48cf-b31e-ba2901acb496,0.8851482503133659
16e16d7f-3dd4-4c72-a615-a119f8f507ed,12c468b0-e79e-49ff-ada6-7ad9e3cf8329,0.8519451841631085
16e16d7f-3dd4-4c72-a615-a119f8f507ed,12c626dc-f97e-4488-b0ba-01dc70151165,0.2681899762781479
16e16d7f-3dd4-4c72-a615-a119f8f507ed,12c6610a-3029-45b0-88c6-cd79dbcdc0c6,0.7788700435324155
16e16d7f-3dd4-4c72-a615-a119f8f507ed,12c80e94-2e3d-4e01-8309-ab7278d4c99a,0.8092747832168047
16e16d7f-3dd4-4c72-a615-a119f8f507ed,12c96544-4761-4a39-877a-b865bac24c98,0.5439082598847682
16e16d7f-3dd4-4c72-a615-a119f8f507ed,12c99f4d-c793-4a1f-8e74-359e528e580a,0.8611407624568359
16e16d7f-3dd4-4c72-a615-a119f8f507ed,12c9d9ee-aac1-4454-8a24-0f2e01e8ee75,0.7836549056391304
16e16d7f-3dd4-4c72-a615-a119f8f507ed,12ca9311-4497-456a-99d1-5f6edf4376a8,0.0936712606107485
16e16d7f-3dd4-4c72-a615-a119f8f507ed,12cb69cf-bac2-4f7b-a320-bf2033221dcc,0.4722669607519797
16e16d7f-3dd4-4c72-a615-a119f8f507ed,12cfe4c1-b1a8-43ca-89f5-e46213e33d1b,0.5070001822542839
16e16d7f-3dd4-4c72-a615-a119f8f507ed,12d03bd8-6ecb-4384-b2ea-5fa8529375ae,0.3553065807235205
16e16d7f-3dd4-4c72-a615-a119f8f507ed,12d23003-f0ba-4d96-a0a8-243020f2fd11,0.7685417836580086
16e16d7f-3dd4-4c72-a615-a119f8f507ed,12d2654a-6340-4628-a4d8-09da2fe8e146,0.6828856109429858
16e16d7f-3dd4-4c72-a615-a119f8f507ed,12d5ccaa-a27f-49b8-a6d2-ae9353774a37,0.8303145458671378
16e16d7f-3dd4-4c72-a615-a119f8f507ed,12d7d0d6-e33a-45fc-b368-4ae5925d2737,0.8268020325425195
16e16d7f-3dd4-4c72-a615-a119f8f507ed,12d85e12-d3ce-47b2-bf72-ae80edfa51b1,0.8421989138956213
16e16d7f-3dd4-4c72-a615-a119f8f507ed,12d8849b-e887-4ca5-9387-b0832ecb38a6,0.8593564228857558
16e16d7f-3dd4-4c72-a615-a119f8f507ed,12d9a048-4b76-4f52-a952-fdc6e30d7931,0.5468542187925729
16e16d7f-3dd4-4c72-a615-a119f8f507ed,12da938c-cbe0-47f0-b28b-67c11de3f466,0.6521357409559794
16e16d7f-3dd4-4c72-a615-a119f8f507ed,12dc75fd-8e4d-4f0d-98d0-806f4bf4f59f,0.8886555578859444
16e16d7f-3dd4-4c72-a615-a119f8f507ed,12dc906a-38f8-4a3d-955a-e0d820e06f5a,0.7063364683436847
16e16d7f-3dd4-4c72-a615-a119f8f507ed,12de243e-fa03-4134-b3b8-9a2bcf501115,0.764079760858224
16e16d7f-3dd4-4c72-a615-a119f8f507ed,12df83c3-c92d-42c8-ab54-37d951393b13,0.7517474162794533
16e16d7f-3dd4-4c72-a615-a119f8f507ed,12e0195c-909f-4ef4-803a-032955e5aaa2,0.7523530697085474
16e16d7f-3dd4-4c72-a615-a119f8f507ed,12e0d37a-043f-49e0-a0f3-847c65da0c2b,0.7808982973256665
16e16d7f-3dd4-4c72-a615-a119f8f507ed,12e18802-5cf3-4b60-9693-425b441ee7fa,0.7766695135935309
16e16d7f-3dd4-4c72-a615-a119f8f507ed,12e1c99e-ef6e-4673-b020-bebd7d8736c3,0.7096614939808378
16e16d7f-3dd4-4c72-a615-a119f8f507ed,12e21939-8027-4686-84be-3451c6ac9227,0.9068811220031324
16e16d7f-3dd4-4c72-a615-a119f8f507ed,12e367e9-281d-472e-9cf3-78014cec0ba4,0.8203237159117681
16e16d7f-3dd4-4c72-a615-a119f8f507ed,12e36b0a-df38-4576-8121-95494c16d7a2,0.6021146335110917
16e16d7f-3dd4-4c72-a615-a119f8f507ed,12e567cd-9242-4b34-ab5d-555d6123d7c4,0.6178152823207437
16e16d7f-3dd4-4c72-a615-a119f8f507ed,12e5c4b1-c89c-45e6-b266-30166afb0b14,0.5858173251757703
16e16d7f-3dd4-4c72-a615-a119f8f507ed,12e5e462-53a4-43db-8164-acf483a25e97,0.7815701146737618
16e16d7f-3dd4-4c72-a615-a119f8f507ed,12e74252-bb7c-411c-8bdd-52bcae3edb20,0.8330654068526593
16e16d7f-3dd4-4c72-a615-a119f8f507ed,12e78a95-f784-43ca-86fd-1bf97ec3548f,0.6770211986271744
16e16d7f-3dd4-4c72-a615-a119f8f507ed,12ea7a5c-65d2-493a-b23e-499709d1f327,0.710110950315422
16e16d7f-3dd4-4c72-a615-a119f8f507ed,12ed8c8a-204a-48f9-8e80-83b2841d0f53,0.6927077169689172
16e16d7f-3dd4-4c72-a615-a119f8f507ed,12ede251-50ec-43d0-b94d-9b6528a1b9c6,0.6750288279312249
16e16d7f-3dd4-4c72-a615-a119f8f507ed,12f1bde3-0253-4a60-aa2e-5fb118691f96,0.657446234977819
16e16d7f-3dd4-4c72-a615-a119f8f507ed,12f20e15-82b1-4279-8ace-ef5797157438,0.859628083170924
16e16d7f-3dd4-4c72-a615-a119f8f507ed,12f69727-48e5-4e15-9211-212f3cc8e3e8,0.8203673861317397
16e16d7f-3dd4-4c72-a615-a119f8f507ed,12f6ee69-8b02-4ae9-ab25-8e2f28ea5225,0.7106249409576375
16e16d7f-3dd4-4c72-a615-a119f8f507ed,12f7933f-e4b3-4ec6-b57d-789cf036add7,0.9051079405657104
16e16d7f-3dd4-4c72-a615-a119f8f507ed,12f8fed0-88e3-47df-a856-dca3b0068eda,0.7633429359729927
16e16d7f-3dd4-4c72-a615-a119f8f507ed,12f97e42-c99d-46c4-bf20-5b06b97e5881,0.1649158945984394
16e16d7f-3dd4-4c72-a615-a119f8f507ed,12f9cbd5-b5b8-453f-9fdb-05050cc0c5a8,0.3681025004362698
16e16d7f-3dd4-4c72-a615-a119f8f507ed,12faf890-6788-478f-bc85-14f06a8d44f0,0.7901988787442042
16e16d7f-3dd4-4c72-a615-a119f8f507ed,12fc1dbe-410a-4383-824d-bbe47fb6c613,0.7225159838263558
16e16d7f-3dd4-4c72-a615-a119f8f507ed,12fd7726-c3a3-427b-8045-1ed5dba428f4,0.747298472682681
16e16d7f-3dd4-4c72-a615-a119f8f507ed,12fdc1b4-cf91-4cb1-8106-c4597e0a87e5,0.7855054357962862
16e16d7f-3dd4-4c72-a615-a119f8f507ed,12fe24a3-439a-49f9-afc8-1ea56e3d7a6f,0.7902794184664367
16e16d7f-3dd4-4c72-a615-a119f8f507ed,12fe9f4d-f551-4266-87da-4fe47134a27f,0.5773609480377444
16e16d7f-3dd4-4c72-a615-a119f8f507ed,12ff6ed1-edb4-4968-8710-3801ca6d3275,0.699472109947113
16e16d7f-3dd4-4c72-a615-a119f8f507ed,1300009f-f42a-4372-ad93-3f072d21e901,0.6790554739923275
16e16d7f-3dd4-4c72-a615-a119f8f507ed,130136bc-0d47-428a-86b5-3bab0ea4d216,0.6791446401995507
16e16d7f-3dd4-4c72-a615-a119f8f507ed,13059984-0ae5-438b-97d2-d6a48e902563,0.4109661340615453
16e16d7f-3dd4-4c72-a615-a119f8f507ed,1305e9e7-0d0a-49e5-8163-1d1fed353e06,0.3696734996588487
16e16d7f-3dd4-4c72-a615-a119f8f507ed,130a001f-1c51-4aed-a22d-0cbafbf136b6,0.8541018528259707
16e16d7f-3dd4-4c72-a615-a119f8f507ed,130a613c-c7f0-407c-ac15-47548ccea2b7,0.6202900432430374
16e16d7f-3dd4-4c72-a615-a119f8f507ed,130a6522-4af1-4210-bfa3-79412a4f9612,0.6221101845909149
16e16d7f-3dd4-4c72-a615-a119f8f507ed,130c1771-6ce6-48ed-a15f-a7afa7e11f41,0.513380661308437
16e16d7f-3dd4-4c72-a615-a119f8f507ed,130c9266-6fe9-40c1-9461-6e9d1bb84095,0.7895079287022877
16e16d7f-3dd4-4c72-a615-a119f8f507ed,130cbe44-d223-4b4f-a8e2-6df48b4b64f0,0.5899341266949429
16e16d7f-3dd4-4c72-a615-a119f8f507ed,130d4992-4553-4fda-9007-db72fb0ea7df,0.7830982416351553
16e16d7f-3dd4-4c72-a615-a119f8f507ed,130e5c1a-ccde-4fb1-8f47-7815b7e60009,0.1099093478118215
16e16d7f-3dd4-4c72-a615-a119f8f507ed,130edd0d-9de0-44a5-bf61-a4c64a7563bd,0.5067716176845626
16e16d7f-3dd4-4c72-a615-a119f8f507ed,130f04c0-3dbb-407f-b5a7-d23f92111107,0.8199711387397468
16e16d7f-3dd4-4c72-a615-a119f8f507ed,130f4510-48e9-48ec-9e4d-9438965d4ba3,0.6566388097120628
16e16d7f-3dd4-4c72-a615-a119f8f507ed,13101dfd-93d0-4b13-a63a-741154e985bb,0.7746769298996246
16e16d7f-3dd4-4c72-a615-a119f8f507ed,131050ea-3b4f-48e6-883b-4f31af1546e5,0.4796838091612763
16e16d7f-3dd4-4c72-a615-a119f8f507ed,131111f3-03b0-4b46-b248-7cc1d15b474f,0.5660731980576785
16e16d7f-3dd4-4c72-a615-a119f8f507ed,1311967f-62ea-4b50-9362-d4cc7fc9a0e3,0.9724958592172244
16e16d7f-3dd4-4c72-a615-a119f8f507ed,13124892-16c8-458d-8c31-85e9a208aa76,0.4378009430252085
16e16d7f-3dd4-4c72-a615-a119f8f507ed,13132c8c-6335-4fe0-92b3-21b5dca116ab,0.7801864590342146
16e16d7f-3dd4-4c72-a615-a119f8f507ed,1314aafa-408f-4621-81de-5ac63f67bdc1,0.6968963912747532
16e16d7f-3dd4-4c72-a615-a119f8f507ed,1315117a-e003-4b37-9e69-f96f2d85baeb,0.698720809688388
16e16d7f-3dd4-4c72-a615-a119f8f507ed,131655c2-ccee-459a-a31c-5c6a67189e9d,0.6291231981542711
16e16d7f-3dd4-4c72-a615-a119f8f507ed,1317e17e-1d6c-49d1-932c-38682471167d,0.7621389427728236
16e16d7f-3dd4-4c72-a615-a119f8f507ed,1318982e-02c1-4c79-b47b-d94b0c130197,0.7743929343068762
16e16d7f-3dd4-4c72-a615-a119f8f507ed,1319f517-3734-4f7b-bd0d-9a1edee9cbbf,0.9084456863224772
16e16d7f-3dd4-4c72-a615-a119f8f507ed,131d8621-7880-427a-b782-a9d1eb0d0a98,0.9097109163748464
16e16d7f-3dd4-4c72-a615-a119f8f507ed,131da1e9-e9ea-4cbb-b7f2-f85d7729a20c,0.5795777325999778
16e16d7f-3dd4-4c72-a615-a119f8f507ed,131df061-6e78-4a5b-b569-b30f1c9e3332,0.8530042539028027
16e16d7f-3dd4-4c72-a615-a119f8f507ed,131f1224-e634-4c9f-b736-d00ff3d4d439,0.5812989552172562
16e16d7f-3dd4-4c72-a615-a119f8f507ed,131f754b-a9c8-4614-9c3e-af93ba19c3b7,0.4918067093505253
16e16d7f-3dd4-4c72-a615-a119f8f507ed,1321cf79-4a0a-458b-bce9-f7be135e0e95,0.5948121958466406
16e16d7f-3dd4-4c72-a615-a119f8f507ed,13226969-a1c2-44f6-84b0-aea7938d03eb,0.770081883191935
16e16d7f-3dd4-4c72-a615-a119f8f507ed,1323755e-7c8c-414e-a532-f9e4815fcbdb,0.4041556292500878
16e16d7f-3dd4-4c72-a615-a119f8f507ed,1323d4d9-da36-4eb4-86bc-683b526e43ce,0.6954510423911371
16e16d7f-3dd4-4c72-a615-a119f8f507ed,1324b882-b93c-4e9d-a429-962810a85dec,0.7348894967432894
16e16d7f-3dd4-4c72-a615-a119f8f507ed,1325308d-b14d-46ca-b7a4-575690eb0cff,0.8225317134331386
16e16d7f-3dd4-4c72-a615-a119f8f507ed,1327c829-c8c1-44a3-9da2-c3dbbb541919,0.7525830572641106
16e16d7f-3dd4-4c72-a615-a119f8f507ed,13292bbf-0d4e-4d3b-ba14-e00a43205a61,0.9054749504616536
16e16d7f-3dd4-4c72-a615-a119f8f507ed,132bdb0c-5f2d-4579-94fb-e029fa1a0593,0.9186532106537048
16e16d7f-3dd4-4c72-a615-a119f8f507ed,132cb007-080f-4c59-ba9b-d434c22fc3a9,0.8815966419977274
16e16d7f-3dd4-4c72-a615-a119f8f507ed,132f28f3-730b-4e2f-afaf-e76d319220d3,0.6203800146773076
16e16d7f-3dd4-4c72-a615-a119f8f507ed,132f54b6-9f32-4640-a429-2fa9cbe206b1,0.710217204402465
16e16d7f-3dd4-4c72-a615-a119f8f507ed,132f5792-d1ff-425b-b2ad-3c24f728dfdf,0.66977861492876
16e16d7f-3dd4-4c72-a615-a119f8f507ed,13306363-6ebf-4992-b479-0b3e55fa5ad9,0.8016595117604505
16e16d7f-3dd4-4c72-a615-a119f8f507ed,1331607f-7eab-4761-acd6-371b442014da,0.6798038066862384
16e16d7f-3dd4-4c72-a615-a119f8f507ed,13342d2b-bc47-4f13-9b68-1fa8e824f11a,0.8431685901800642
16e16d7f-3dd4-4c72-a615-a119f8f507ed,1334a27a-0649-433f-8643-de2685c78c40,0.6256727933695414
16e16d7f-3dd4-4c72-a615-a119f8f507ed,1337255a-0abb-4a65-a69f-821b53f43b33,0.9000806379508762
16e16d7f-3dd4-4c72-a615-a119f8f507ed,1338e2ae-4884-4967-a536-f208b8aa279c,0.6128832524935521
16e16d7f-3dd4-4c72-a615-a119f8f507ed,1339b015-56d1-4f4e-b051-6f114064078a,0.9411015615164288
16e16d7f-3dd4-4c72-a615-a119f8f507ed,133a5fef-0208-44b5-a101-20d3f904b9cc,0.7069297670625768
16e16d7f-3dd4-4c72-a615-a119f8f507ed,133a9bc1-e6fb-4488-baef-36d1e42e747b,0.7427083127844355
16e16d7f-3dd4-4c72-a615-a119f8f507ed,133b46cf-bd56-4a38-991d-1ba1ea4ad9de,0.9293928082507588
16e16d7f-3dd4-4c72-a615-a119f8f507ed,133c3e43-df85-44b5-ac05-d0cb16bbbde3,0.9199613801272822
16e16d7f-3dd4-4c72-a615-a119f8f507ed,133cdb26-48f6-4eb1-bdb7-80758810f71e,0.7883435338599313
16e16d7f-3dd4-4c72-a615-a119f8f507ed,133fdea7-cb97-4cdb-badb-3ae056a91442,0.5682769153978703
16e16d7f-3dd4-4c72-a615-a119f8f507ed,1340ae93-ca9a-432a-894b-07f3fa8b0b62,0.7423519494122855
16e16d7f-3dd4-4c72-a615-a119f8f507ed,13413b3a-ef12-45f6-932b-bafea50580dc,0.8265385374614179
16e16d7f-3dd4-4c72-a615-a119f8f507ed,1341e5c8-f16b-448f-8263-d4efc364153b,0.8962655494697207
16e16d7f-3dd4-4c72-a615-a119f8f507ed,1342c711-458b-4549-9ab7-a6b3ef895010,0.6356579055943066
16e16d7f-3dd4-4c72-a615-a119f8f507ed,13456227-7034-431e-978e-819a1242865d,0.6915476578182214
16e16d7f-3dd4-4c72-a615-a119f8f507ed,13461487-396c-4d6b-9936-b2e1ad60c42f,0.6336742975679148
16e16d7f-3dd4-4c72-a615-a119f8f507ed,134943d9-f6e3-4377-a401-0e3277e04d7a,0.7896006673667029
16e16d7f-3dd4-4c72-a615-a119f8f507ed,1349b5ae-e641-4a32-8da2-90d18f31277e,0.5964321339507799
16e16d7f-3dd4-4c72-a615-a119f8f507ed,134a5db8-6504-491f-ae17-b9a0f9c3e019,0.7920611563840684
16e16d7f-3dd4-4c72-a615-a119f8f507ed,134b9d8f-67d1-47eb-9510-dac3ec3950d5,0.6195712436937828
16e16d7f-3dd4-4c72-a615-a119f8f507ed,134d20f6-a5aa-4123-b629-41de9d18b6bf,0.7595637885303314
16e16d7f-3dd4-4c72-a615-a119f8f507ed,134e270a-2124-4a6e-bf49-084a989f47fb,0.6812304043786789
16e16d7f-3dd4-4c72-a615-a119f8f507ed,134e38fc-9f11-4fd3-8a60-81f88f6b6c4a,0.5618058240733464
16e16d7f-3dd4-4c72-a615-a119f8f507ed,134ebf8b-ccc2-4911-9c73-4d7e7ada6983,0.5598426305563717
16e16d7f-3dd4-4c72-a615-a119f8f507ed,134f220c-93cd-4125-acff-d3fe6044f411,0.6836691325640978
16e16d7f-3dd4-4c72-a615-a119f8f507ed,1350c7b8-d64e-4c6d-8cce-0f72590f109b,0.7405290924655259
16e16d7f-3dd4-4c72-a615-a119f8f507ed,1351f399-5e22-4259-8a36-54db17ca37b9,0.8337384612354214
16e16d7f-3dd4-4c72-a615-a119f8f507ed,135298f0-c032-46ce-ad86-52be38a31fd3,0.8813673618857524
16e16d7f-3dd4-4c72-a615-a119f8f507ed,13533b8f-8cdb-4edf-9619-5a8ecb3b9ed6,0.8435020289557011
16e16d7f-3dd4-4c72-a615-a119f8f507ed,1353edd0-209f-4de1-9db3-c8d65e992f36,0.8377350100572766
16e16d7f-3dd4-4c72-a615-a119f8f507ed,13545c55-3619-4c4c-8e7a-bf103f450aae,0.1928389290323275
16e16d7f-3dd4-4c72-a615-a119f8f507ed,13556a69-d4b7-41f4-9f78-70cff89a6305,0.6238182826616802
16e16d7f-3dd4-4c72-a615-a119f8f507ed,1355cd0c-8905-4918-ac0b-171a75c6e66b,0.7981951020171584
16e16d7f-3dd4-4c72-a615-a119f8f507ed,1356a62e-a6e0-45a5-8972-615b88ae9ebd,0.3780793972327693
16e16d7f-3dd4-4c72-a615-a119f8f507ed,1357763a-f0dc-4734-b7f4-2d727e0ef4b2,0.0918995508138841
16e16d7f-3dd4-4c72-a615-a119f8f507ed,1357da8c-5e32-4d6b-b7e7-f0fdc52aacc5,0.7756800212895131
16e16d7f-3dd4-4c72-a615-a119f8f507ed,1359569f-96c1-4d4a-ac30-f5195ee83255,0.4083355604868923
16e16d7f-3dd4-4c72-a615-a119f8f507ed,135a65eb-5ad6-46f3-be3e-e41fb4036c06,0.7310550872677934
16e16d7f-3dd4-4c72-a615-a119f8f507ed,135adfed-c4b5-45e7-a48a-d58c915d0f99,0.5366978563998688
16e16d7f-3dd4-4c72-a615-a119f8f507ed,135ce619-118a-4d11-a5fa-7e062e43fc9b,0.592146677059891
16e16d7f-3dd4-4c72-a615-a119f8f507ed,135d35d5-4963-4b48-a5c6-1aeac88bf0d1,0.5836729060438768
16e16d7f-3dd4-4c72-a615-a119f8f507ed,135d8781-d9eb-4205-ae6b-527db5ba59d8,0.7159642267132585
16e16d7f-3dd4-4c72-a615-a119f8f507ed,135f8acd-28a6-4373-89ee-a75dc842ad31,0.7637796667641069
16e16d7f-3dd4-4c72-a615-a119f8f507ed,135fb38e-505c-4742-9c6f-5b90f45d67a3,0.8568624672934043
16e16d7f-3dd4-4c72-a615-a119f8f507ed,13616814-2fbd-4f7b-b37b-5fc90acf8df4,0.5608422715497786
16e16d7f-3dd4-4c72-a615-a119f8f507ed,13617054-5a98-450c-a288-fa741a8578de,0.669107789660671
16e16d7f-3dd4-4c72-a615-a119f8f507ed,13621322-929e-4534-b83a-61a78098b22d,0.5841101525575512
16e16d7f-3dd4-4c72-a615-a119f8f507ed,1366b0f9-64f8-4bb2-9825-a478f020398c,0.9243523723755972
16e16d7f-3dd4-4c72-a615-a119f8f507ed,1367987f-164c-4b8b-a03a-87e7b8003191,0.8261491314667169
16e16d7f-3dd4-4c72-a615-a119f8f507ed,13688456-f513-4857-8b18-27eae7245dec,0.692861215903305
16e16d7f-3dd4-4c72-a615-a119f8f507ed,136a323b-499a-4787-b112-d8d3dd8f10a5,0.4034139703280807
16e16d7f-3dd4-4c72-a615-a119f8f507ed,136aa9c9-9d69-42e1-8e2a-99027ac77335,0.7773457328581873
16e16d7f-3dd4-4c72-a615-a119f8f507ed,136aaf0a-c474-410d-a374-15156bde4886,0.6103079633668266
16e16d7f-3dd4-4c72-a615-a119f8f507ed,136b4080-0c88-4dc9-bf28-cc8ef4197b12,0.7547756562866734
16e16d7f-3dd4-4c72-a615-a119f8f507ed,136bdf74-0e69-4412-a8fa-ec783d7ededf,0.7864159703115909
16e16d7f-3dd4-4c72-a615-a119f8f507ed,136c32fb-4037-4ae6-a199-cc33eb174e96,0.2743380785401811
16e16d7f-3dd4-4c72-a615-a119f8f507ed,136d620a-acbe-44a0-a7d1-62f597f7d239,0.7720755121416096
16e16d7f-3dd4-4c72-a615-a119f8f507ed,13702432-b6d3-47f9-bb27-b4783ee948b6,0.6640970110509933
16e16d7f-3dd4-4c72-a615-a119f8f507ed,1370c313-83a0-4fa2-87dc-cfbc67c4e507,0.7538871460890285
16e16d7f-3dd4-4c72-a615-a119f8f507ed,13724088-9be4-4e2e-b2e4-dfa2cffba6ce,0.8562634188733207
16e16d7f-3dd4-4c72-a615-a119f8f507ed,13725e56-77a9-48af-94c5-f0f4ab3358b1,0.770249525201921
16e16d7f-3dd4-4c72-a615-a119f8f507ed,13729d16-7f6b-4e39-9415-b8c9d9dd6c3f,0.7476154543295646
16e16d7f-3dd4-4c72-a615-a119f8f507ed,1374ebc9-3c33-430f-b7c5-d80163e47eba,0.6533276499775788
16e16d7f-3dd4-4c72-a615-a119f8f507ed,13752b7c-8f06-46b6-9127-229b3fdf41d1,0.8245126232077037
16e16d7f-3dd4-4c72-a615-a119f8f507ed,1375ccd5-4d0d-4414-b480-0705e164befa,0.6434768548714496
16e16d7f-3dd4-4c72-a615-a119f8f507ed,13796a8e-c3f7-4d92-a261-f39ba1bb766b,0.7877728200000775
16e16d7f-3dd4-4c72-a615-a119f8f507ed,1379b6ab-1d7b-47e4-97fc-d059017b708a,0.6845697024857016
16e16d7f-3dd4-4c72-a615-a119f8f507ed,137b9ab7-1ac9-4e26-8f67-8565b48f943a,0.8265338911284726
16e16d7f-3dd4-4c72-a615-a119f8f507ed,137bd55e-9e67-4277-8208-b5c3475e8aca,0.2839625975468837
16e16d7f-3dd4-4c72-a615-a119f8f507ed,137c5857-6daf-4137-b6f6-b6d24eb2d87f,0.5182007126657104
16e16d7f-3dd4-4c72-a615-a119f8f507ed,137de57d-83cb-4f33-921c-e3ba65f9a6a1,0.6658307880742079
16e16d7f-3dd4-4c72-a615-a119f8f507ed,137e29a3-e193-4886-8dba-c2694b392950,0.904541021421745
16e16d7f-3dd4-4c72-a615-a119f8f507ed,13812e6b-0163-43de-a6ac-f7f58c063257,0.782144655253061
16e16d7f-3dd4-4c72-a615-a119f8f507ed,1381a61e-a697-4360-9916-07fa26015d76,0.6302596699592483
16e16d7f-3dd4-4c72-a615-a119f8f507ed,1381c625-9353-4a99-abda-6774d14b7f06,0.4961948012646985
16e16d7f-3dd4-4c72-a615-a119f8f507ed,13824bcb-6134-4b2c-8179-92882cafd60f,0.7472989810887757
16e16d7f-3dd4-4c72-a615-a119f8f507ed,138539ab-a9c2-4fc1-8bd7-daa69a11255f,0.7735257701195548
16e16d7f-3dd4-4c72-a615-a119f8f507ed,13870d67-87ea-4022-8baa-505d63b72786,0.6158226359985776
16e16d7f-3dd4-4c72-a615-a119f8f507ed,13872d9b-0a1e-4d2f-ab44-363bca356068,0.7303684209120912
16e16d7f-3dd4-4c72-a615-a119f8f507ed,13891363-f155-4b08-b4c3-4ca1a64e071a,0.5384200242286957
16e16d7f-3dd4-4c72-a615-a119f8f507ed,13895ccb-824b-409f-8e4d-64f74a08f5e8,0.7245693785179085
16e16d7f-3dd4-4c72-a615-a119f8f507ed,1389dbcc-53b2-4dab-af52-a907fe4c1f70,0.7997773076164597
16e16d7f-3dd4-4c72-a615-a119f8f507ed,138a3adc-07f6-49a6-acf9-75f31c833c0b,0.5026222867159891
16e16d7f-3dd4-4c72-a615-a119f8f507ed,138bf8ab-37db-4ae4-9fcc-20fe7a6c2e31,0.388083360134535
16e16d7f-3dd4-4c72-a615-a119f8f507ed,138cb4e0-b2ac-4eb5-be18-61574592d352,0.3664746648392226
16e16d7f-3dd4-4c72-a615-a119f8f507ed,138cf99c-7ef6-43b9-ad32-0b8e9c56b48c,0.6483637940208259
16e16d7f-3dd4-4c72-a615-a119f8f507ed,138d2d8b-6c6c-4b3e-9654-68dc421fb328,0.2780207576020493
16e16d7f-3dd4-4c72-a615-a119f8f507ed,138d72b1-2786-4869-93de-59ae04453a56,0.5853601071703854
16e16d7f-3dd4-4c72-a615-a119f8f507ed,138d8531-703e-4ca4-a2e3-e0f27709dd2c,0.7188073582101204
16e16d7f-3dd4-4c72-a615-a119f8f507ed,138f4d0b-5e08-4095-9e6e-2bc2fd5afad4,0.4761720918026513
16e16d7f-3dd4-4c72-a615-a119f8f507ed,13902431-862a-44ef-9306-63c01765ab50,0.566351135123229
16e16d7f-3dd4-4c72-a615-a119f8f507ed,1391c54e-1739-49eb-bdf6-39a821c20630,0.7224930807534918
16e16d7f-3dd4-4c72-a615-a119f8f507ed,1391e83a-9581-4a24-8752-73b3cea63900,0.7925322542796073
16e16d7f-3dd4-4c72-a615-a119f8f507ed,1392fb73-cc5c-4f10-92fd-207bb95c1346,0.841301705920708
16e16d7f-3dd4-4c72-a615-a119f8f507ed,1392fedf-a128-4d90-910e-754f7b70a70d,0.7614081609140185
16e16d7f-3dd4-4c72-a615-a119f8f507ed,1394003e-5cd9-4033-925e-e72a5054d5c2,0.6596753490353169
16e16d7f-3dd4-4c72-a615-a119f8f507ed,13949377-510c-4179-9dbd-1159fcf64c4f,0.1307351320601933
16e16d7f-3dd4-4c72-a615-a119f8f507ed,1395effc-38b9-42c8-8a87-db7b413d69ec,0.7803495607976318
16e16d7f-3dd4-4c72-a615-a119f8f507ed,13978047-5ff6-4234-a616-6f7331912e58,0.4691279479254207
16e16d7f-3dd4-4c72-a615-a119f8f507ed,1397e71d-23d0-4359-a3d1-abf6d07906d0,0.7291084776628864
16e16d7f-3dd4-4c72-a615-a119f8f507ed,1398217e-1b45-4d2f-8378-8dcf5907f17f,0.8897394840595587
16e16d7f-3dd4-4c72-a615-a119f8f507ed,13988dc5-329d-4092-bb49-eab214db078c,0.8328014831706568
16e16d7f-3dd4-4c72-a615-a119f8f507ed,139a3d8e-6b7d-47f7-93da-ff424e62397e,0.8130479037062264
16e16d7f-3dd4-4c72-a615-a119f8f507ed,139ac373-2790-4664-90af-341f10e0db5b,0.7626685122349591
16e16d7f-3dd4-4c72-a615-a119f8f507ed,139e2e28-ccc1-45ee-b080-52e2e1e7ea8e,0.8660027743546274
16e16d7f-3dd4-4c72-a615-a119f8f507ed,13a3add3-f956-4275-a1d6-79acfbc331ba,0.8587956526101268
16e16d7f-3dd4-4c72-a615-a119f8f507ed,13a3ce93-555b-44a6-89e1-a439b1503463,0.5502580173891063
16e16d7f-3dd4-4c72-a615-a119f8f507ed,13a519c6-f433-456c-bcbd-9213aaa9e2fb,0.4952406877010811
16e16d7f-3dd4-4c72-a615-a119f8f507ed,13a6a7cf-e7b4-406e-a75e-7789c574f8fb,0.4951062705143803
16e16d7f-3dd4-4c72-a615-a119f8f507ed,13a743c4-96c2-469a-b5d6-b9d54c067faa,0.806918777107315
16e16d7f-3dd4-4c72-a615-a119f8f507ed,13a7b649-058a-4b08-80c4-0e0483308ce6,0.8129961588918827
16e16d7f-3dd4-4c72-a615-a119f8f507ed,13a90bbe-712a-4d57-9b18-03a9e7e62390,0.7125196544616408
16e16d7f-3dd4-4c72-a615-a119f8f507ed,13a955f7-24a2-444b-a3f8-f0112462133e,0.7378575392571227
16e16d7f-3dd4-4c72-a615-a119f8f507ed,13afeba0-42e5-48de-86e6-044e2a6152aa,0.8916144482666573
16e16d7f-3dd4-4c72-a615-a119f8f507ed,13b015b5-0687-4a6c-aea2-fd30613db966,0.8321254833680956
16e16d7f-3dd4-4c72-a615-a119f8f507ed,13b2ab30-dd25-45d1-901f-9788fb71b234,0.7532204165959632
16e16d7f-3dd4-4c72-a615-a119f8f507ed,13b2d945-7ab4-4d5a-98de-0d2359ed4510,0.6840025565687589
16e16d7f-3dd4-4c72-a615-a119f8f507ed,13b33c97-6cd9-46ba-9170-40b9ad96f01e,0.7443682720084531
16e16d7f-3dd4-4c72-a615-a119f8f507ed,13b41543-03e2-4061-9977-a09b65b65b3f,0.7671679589230463
16e16d7f-3dd4-4c72-a615-a119f8f507ed,13b49d9c-e241-4eb6-a657-b829f28f6ab3,0.4087140860907627
16e16d7f-3dd4-4c72-a615-a119f8f507ed,13b52cb0-6f38-4447-b1ab-dbc6ea29660b,0.751792050115459
16e16d7f-3dd4-4c72-a615-a119f8f507ed,13b6079a-35c6-4574-af33-aac4903d23bc,0.5161285337331527
16e16d7f-3dd4-4c72-a615-a119f8f507ed,13b71166-4b15-49e2-ad06-b807ab56726e,0.7811033008768851
16e16d7f-3dd4-4c72-a615-a119f8f507ed,13b87027-c096-4120-8561-335f522ce5e6,0.2096060953033926
16e16d7f-3dd4-4c72-a615-a119f8f507ed,13ba1abf-8847-4d27-bf68-85fbd858e075,0.8457857009611163
16e16d7f-3dd4-4c72-a615-a119f8f507ed,13ba653d-6257-43bd-97a2-a4df608ea06a,0.7258260627599114
16e16d7f-3dd4-4c72-a615-a119f8f507ed,13ba7c49-8af4-4b27-9d4a-fd2e4a2d18b4,0.7287116239334831
16e16d7f-3dd4-4c72-a615-a119f8f507ed,13bb595c-6251-4a9d-bf59-2c0a00b3d3e6,0.5903948759927216
16e16d7f-3dd4-4c72-a615-a119f8f507ed,13be8c7f-7523-4def-acd7-708314994227,0.6054120885785802
16e16d7f-3dd4-4c72-a615-a119f8f507ed,13bf95a7-a9d5-4abc-a928-e8a12d500138,0.6305936542897389
16e16d7f-3dd4-4c72-a615-a119f8f507ed,13bf98ad-86a0-4e9d-a691-eeb12796fcaf,0.6779509268448131
16e16d7f-3dd4-4c72-a615-a119f8f507ed,13c0a819-2055-42db-ba0f-b8218ec59e63,0.6516735991321836
16e16d7f-3dd4-4c72-a615-a119f8f507ed,13c0f3b0-ba85-4222-99bd-665f52f81b7c,0.6582161650754385
16e16d7f-3dd4-4c72-a615-a119f8f507ed,13c1dcab-3f61-4853-b1c4-ef56ab65602e,0.7249972350818924
16e16d7f-3dd4-4c72-a615-a119f8f507ed,13c1e845-775c-4451-b883-be1cca858f18,0.8912035703267882
16e16d7f-3dd4-4c72-a615-a119f8f507ed,13c25014-04c3-421e-b2a5-53dc11c48cc5,0.8231669288277479
16e16d7f-3dd4-4c72-a615-a119f8f507ed,13c398ab-4229-4b25-9ad5-a6a434937a69,0.5063899222737044
16e16d7f-3dd4-4c72-a615-a119f8f507ed,13c635e7-57a8-4822-9a55-de2d8b9d1c75,0.3977028308304863
16e16d7f-3dd4-4c72-a615-a119f8f507ed,13c8414a-a885-4578-be15-666465c94e3c,0.7541610875590575
16e16d7f-3dd4-4c72-a615-a119f8f507ed,13c869b2-0ad6-4a54-b3bb-a00f82d40a7b,0.6504984343864837
16e16d7f-3dd4-4c72-a615-a119f8f507ed,13cae3c7-de87-4afb-ac17-ae7948b24e4e,0.6910402624467864
16e16d7f-3dd4-4c72-a615-a119f8f507ed,13cafa7f-4cc5-4bbe-ad5f-55d61d6cc664,0.6287671946271418
16e16d7f-3dd4-4c72-a615-a119f8f507ed,13cb8463-2643-492e-ba61-b551085bf1e3,0.3788435050533307
16e16d7f-3dd4-4c72-a615-a119f8f507ed,13cc5fa4-e398-4bde-9109-6d701c211e97,0.8267242290998036
16e16d7f-3dd4-4c72-a615-a119f8f507ed,13cc8382-1d2a-47f3-992f-a121c75cb93a,0.7484459044494256
16e16d7f-3dd4-4c72-a615-a119f8f507ed,13ccc8ad-2475-402a-9eae-24734ea41f2c,0.3435042755795634
16e16d7f-3dd4-4c72-a615-a119f8f507ed,13ccf20e-084a-49ae-b457-859555d21bcf,0.8043758498800913
16e16d7f-3dd4-4c72-a615-a119f8f507ed,13cd027d-86c3-4d05-8165-648708c9bcb5,0.6016714748022377
16e16d7f-3dd4-4c72-a615-a119f8f507ed,13cd2c3a-507d-491e-836d-3d7682d12668,0.8403998630110524
16e16d7f-3dd4-4c72-a615-a119f8f507ed,13cf5cb7-e99f-4c76-9b4a-60de491cf816,0.5394990486015728
16e16d7f-3dd4-4c72-a615-a119f8f507ed,13d24598-b597-4766-a052-a1eae667aa8e,0.5618726418040368
16e16d7f-3dd4-4c72-a615-a119f8f507ed,13d28506-289c-4e75-9169-4dc3b4b08028,0.6724142449540935
16e16d7f-3dd4-4c72-a615-a119f8f507ed,13d32a47-8e31-4592-8655-3860b233d4fb,0.4903311762621383
16e16d7f-3dd4-4c72-a615-a119f8f507ed,13d3301b-3c14-48bd-a35e-ff6d113a96f3,0.6957397606156764
16e16d7f-3dd4-4c72-a615-a119f8f507ed,13d37775-c657-4ebe-a9bd-cf08797369ab,0.310635544746651
16e16d7f-3dd4-4c72-a615-a119f8f507ed,13d37b66-f2b5-46aa-9827-0a2a21186419,0.2575036736744184
16e16d7f-3dd4-4c72-a615-a119f8f507ed,13d3c7e4-1564-4cab-9465-c78d6b2d0437,0.908348529948974
16e16d7f-3dd4-4c72-a615-a119f8f507ed,13d3c8e0-d9b8-4248-9b72-ab3e049c763c,0.7045728794849713
16e16d7f-3dd4-4c72-a615-a119f8f507ed,13d5415b-93e3-47b4-9043-4b1563eeab7d,0.906848925363298
16e16d7f-3dd4-4c72-a615-a119f8f507ed,13d74128-6608-45a7-b725-1475d1c26f9b,0.67555618542462
16e16d7f-3dd4-4c72-a615-a119f8f507ed,13d7d29b-b200-4dd0-9499-daa16cda5459,0.5644221819275227
16e16d7f-3dd4-4c72-a615-a119f8f507ed,13d8276a-c71c-4f56-a052-2d8ae55ec5a6,0.757597586508757
16e16d7f-3dd4-4c72-a615-a119f8f507ed,13d84586-9a63-4d84-a2a0-ecaa71b4ee18,0.786102895069083
16e16d7f-3dd4-4c72-a615-a119f8f507ed,13d97a5e-7fd2-4976-b3f0-b0901f6d149a,0.5089296097201091
16e16d7f-3dd4-4c72-a615-a119f8f507ed,13d9d162-29a2-4741-b930-ff4fadd49b2a,0.672525564264268
16e16d7f-3dd4-4c72-a615-a119f8f507ed,13dce4ea-532a-476a-b107-077dc6ca4148,0.7126795619559433
16e16d7f-3dd4-4c72-a615-a119f8f507ed,13dd3410-c1b4-4458-abab-125e30f1a601,0.7465621395394396
16e16d7f-3dd4-4c72-a615-a119f8f507ed,13dd6014-a9f1-4848-b5be-338f45dd64d2,0.7270934227665824
16e16d7f-3dd4-4c72-a615-a119f8f507ed,13df06fc-7cee-4f3d-8064-e787ee937e5d,0.6943826512016656
16e16d7f-3dd4-4c72-a615-a119f8f507ed,13df532d-6079-4086-9c0a-523b6170ac2a,0.1167501925852402
16e16d7f-3dd4-4c72-a615-a119f8f507ed,13dfdeae-6155-4f65-ade3-01ccd6df5169,0.3603141231461698
16e16d7f-3dd4-4c72-a615-a119f8f507ed,13e0fbb1-2a84-4881-a2ed-4c3a44ddc91a,0.8181776126178355
16e16d7f-3dd4-4c72-a615-a119f8f507ed,13e30a11-ec5a-4e3d-ab7d-454c5ae1806a,0.6151916885533654
16e16d7f-3dd4-4c72-a615-a119f8f507ed,13e35b13-4ffd-4f29-8322-e392b9581613,0.4494075651192801
16e16d7f-3dd4-4c72-a615-a119f8f507ed,13e4390b-e7ee-4792-8deb-ec4990e8f36d,0.7385807804770016
16e16d7f-3dd4-4c72-a615-a119f8f507ed,13e5a4d5-09df-4b28-bdea-674f0bb3b7ff,0.6637031996990251
16e16d7f-3dd4-4c72-a615-a119f8f507ed,13e66b89-3421-4d99-a533-7efc8a79c020,0.9080259215181308
16e16d7f-3dd4-4c72-a615-a119f8f507ed,13e69e09-b093-4983-b115-4fde8f4ba396,0.7743138489712214
16e16d7f-3dd4-4c72-a615-a119f8f507ed,13e6bf13-eb09-4726-91f7-92a1c42157ca,0.7596234578410277
16e16d7f-3dd4-4c72-a615-a119f8f507ed,13e6ecf1-950a-4abf-a6af-1ce972ee066f,0.1165233964407166
16e16d7f-3dd4-4c72-a615-a119f8f507ed,13e756f3-94de-4a42-92d6-670b0122eccc,0.8037247224700493
16e16d7f-3dd4-4c72-a615-a119f8f507ed,13e8feee-b96b-4c36-a266-a91bce36c072,0.9133083344825292
16e16d7f-3dd4-4c72-a615-a119f8f507ed,13ea27c7-215b-4573-a439-70a9a68a1f0f,0.5663384317606602
16e16d7f-3dd4-4c72-a615-a119f8f507ed,13eb15ee-19a3-49d2-a539-11697c19d835,0.6123336045536516
16e16d7f-3dd4-4c72-a615-a119f8f507ed,13eb9396-05d7-4924-adc2-2abfdd1721f7,0.7511964320416586
16e16d7f-3dd4-4c72-a615-a119f8f507ed,13eda2bf-5128-4fe3-97a7-ac2de08b26a3,0.783301399750032
16e16d7f-3dd4-4c72-a615-a119f8f507ed,13eda8d4-cc6c-4cc5-a0fe-f8b7787399b2,0.7917087461268965
16e16d7f-3dd4-4c72-a615-a119f8f507ed,13ef2bbd-d2d5-4320-8955-fb79ea51bca0,0.7174344644154934
16e16d7f-3dd4-4c72-a615-a119f8f507ed,13efaed3-a468-4f43-982b-0c4d75df2849,0.9093413733820638
16e16d7f-3dd4-4c72-a615-a119f8f507ed,13f0b4f1-8c8a-40da-83a2-5fdd5b4ec064,0.6015897628421464
16e16d7f-3dd4-4c72-a615-a119f8f507ed,13f2c297-53cf-460b-9857-aae656dd68bf,0.7071165951552217
16e16d7f-3dd4-4c72-a615-a119f8f507ed,13f3bc2d-d391-43ab-b477-c712741450ae,0.7753173714809447
16e16d7f-3dd4-4c72-a615-a119f8f507ed,13f5905a-2b22-40cd-89e9-8abf75cc84c0,0.6305109808130436
16e16d7f-3dd4-4c72-a615-a119f8f507ed,13f6137c-4e93-4232-95bc-2a15639afd35,0.7257922737610059
16e16d7f-3dd4-4c72-a615-a119f8f507ed,13f69140-3513-4b44-b946-a73714884943,0.7505777597686683
16e16d7f-3dd4-4c72-a615-a119f8f507ed,13f73ce3-8e0f-4120-83a7-6f1b4d83faee,0.242983328927283
16e16d7f-3dd4-4c72-a615-a119f8f507ed,13f73d0b-f7de-4eeb-858e-ea35df1b9b2a,0.8665074206740782
16e16d7f-3dd4-4c72-a615-a119f8f507ed,13f7f9ed-4f45-4be1-aef5-27a17c20dc87,0.6106296192001084
16e16d7f-3dd4-4c72-a615-a119f8f507ed,13f93928-b516-47ea-922d-cc077230b487,0.3990515323113487
16e16d7f-3dd4-4c72-a615-a119f8f507ed,13f98af9-0441-41c7-991c-021eaf548b1e,0.8137681366040622
16e16d7f-3dd4-4c72-a615-a119f8f507ed,13fa8875-1c1f-41c3-bbc8-2464c3564d62,0.9406535509415018
16e16d7f-3dd4-4c72-a615-a119f8f507ed,13fb2375-836d-44f9-9558-cedd8715527c,0.3278206242367006
16e16d7f-3dd4-4c72-a615-a119f8f507ed,13fb66ec-a4ff-47f6-a648-41a8fee5f22c,0.4531761632655657
16e16d7f-3dd4-4c72-a615-a119f8f507ed,1400f56b-9a28-490b-a19d-acba7498cbe3,0.6751153468479341
16e16d7f-3dd4-4c72-a615-a119f8f507ed,14015c64-461c-44d5-b8f7-c99a8aadead6,0.7299887578836192
16e16d7f-3dd4-4c72-a615-a119f8f507ed,14021318-f564-4e7e-8be2-df7a728e2d91,0.843020900946331
16e16d7f-3dd4-4c72-a615-a119f8f507ed,14029a34-eb57-4c81-b435-c396f7f8b7d5,0.7738187723950554
16e16d7f-3dd4-4c72-a615-a119f8f507ed,1406ffff-7f98-4333-abe2-2b4cdbbf6801,0.7845754646976573
16e16d7f-3dd4-4c72-a615-a119f8f507ed,1407ab9d-61e3-436b-96a7-55e8acdabc5d,0.6114306921754097
16e16d7f-3dd4-4c72-a615-a119f8f507ed,1407c057-7654-4879-a234-c941b9d56cc5,0.8505125076986206
16e16d7f-3dd4-4c72-a615-a119f8f507ed,14096095-0ab2-4b9c-be2f-e5d77a998424,0.897122242687611
16e16d7f-3dd4-4c72-a615-a119f8f507ed,140bc61c-2a71-463a-b35e-95be4203f3ab,0.4628209493610468
16e16d7f-3dd4-4c72-a615-a119f8f507ed,140beb1e-e4d8-48d9-9332-02ade21b9722,0.9580413811625008
16e16d7f-3dd4-4c72-a615-a119f8f507ed,140c3fd9-3c98-4de5-95c7-8d7855879bec,0.6733182582256393
16e16d7f-3dd4-4c72-a615-a119f8f507ed,140c6f02-cbc0-402a-ada1-853e6de9f8be,0.6438096963290861
16e16d7f-3dd4-4c72-a615-a119f8f507ed,140e5185-6f17-4cd7-b710-5b7a04a24241,0.5109241776456386
16e16d7f-3dd4-4c72-a615-a119f8f507ed,14103fd5-0783-4ee8-bd46-db49a085ab99,0.7677323342513667
16e16d7f-3dd4-4c72-a615-a119f8f507ed,1411062d-0a48-42b6-8cfa-8a2dec8c5585,0.7744030917415059
16e16d7f-3dd4-4c72-a615-a119f8f507ed,1411062e-85da-4234-8ad8-1256d2e94161,0.8682411479774229
16e16d7f-3dd4-4c72-a615-a119f8f507ed,1412412f-3084-4571-81e6-6a78962d4ae3,0.7175822921890723
16e16d7f-3dd4-4c72-a615-a119f8f507ed,1412c3cd-0e00-4e5e-8fc6-9601b6e0f234,0.7867231357886165
16e16d7f-3dd4-4c72-a615-a119f8f507ed,1412f7a2-b73b-4b15-9f7f-5901e35b8e9a,0.8640341116221808
16e16d7f-3dd4-4c72-a615-a119f8f507ed,141341e8-105e-4873-a975-fa0a961c47d7,0.825499985206246
16e16d7f-3dd4-4c72-a615-a119f8f507ed,1413e3c4-72dd-40b8-a413-3a0e0fdf6371,0.8302874518299374
16e16d7f-3dd4-4c72-a615-a119f8f507ed,1415403c-9032-4be0-948c-71b752a1dceb,0.8247041292815785
16e16d7f-3dd4-4c72-a615-a119f8f507ed,141560a7-ec7d-4109-8f42-8b1e0076cc91,0.5803198936960705
16e16d7f-3dd4-4c72-a615-a119f8f507ed,1415fc4f-276c-457f-85b9-f35f18915374,0.5020800049062146
16e16d7f-3dd4-4c72-a615-a119f8f507ed,1415fda3-3d5f-49c5-a50e-371de6c30ce0,0.612453460166508
16e16d7f-3dd4-4c72-a615-a119f8f507ed,1418def6-f6a8-492b-b63c-b3b69c342f75,0.8021799158202322
16e16d7f-3dd4-4c72-a615-a119f8f507ed,14191831-ee58-4ee3-a08d-89dcb4db31bb,0.9577610333988764
16e16d7f-3dd4-4c72-a615-a119f8f507ed,141b17a4-9393-4910-a801-718cbef74a49,0.7040216948440388
16e16d7f-3dd4-4c72-a615-a119f8f507ed,141c4dd5-c94a-48ba-93a9-dd7c86817527,0.5866244195405222
16e16d7f-3dd4-4c72-a615-a119f8f507ed,141d1840-d2ba-404c-a5e9-8ec483e513b8,0.806773841128809
16e16d7f-3dd4-4c72-a615-a119f8f507ed,141e5623-700a-4eb2-9e65-b3e5ff41f70a,0.7461282323088263
16e16d7f-3dd4-4c72-a615-a119f8f507ed,141e773b-29e9-451c-bdf8-d08db0974795,0.781369192264674
16e16d7f-3dd4-4c72-a615-a119f8f507ed,141f7d19-00f7-4390-9501-6f6e05888097,0.3035243628140663
16e16d7f-3dd4-4c72-a615-a119f8f507ed,141fbe6b-e981-48b7-a372-211ce2e57641,0.5030347954380793
16e16d7f-3dd4-4c72-a615-a119f8f507ed,141ff68e-7c89-4ef2-8ae3-c0bee4408e38,0.7658690132191883
16e16d7f-3dd4-4c72-a615-a119f8f507ed,14201296-2364-4a21-b857-c544cbab346e,0.6226627317294309
16e16d7f-3dd4-4c72-a615-a119f8f507ed,1420b4fc-03ce-40c8-a7ad-5ab63697f17f,0.3924769675018618
16e16d7f-3dd4-4c72-a615-a119f8f507ed,1422a85f-674e-4a82-8061-297fefe2bba1,0.8280086068519604
16e16d7f-3dd4-4c72-a615-a119f8f507ed,1423b3b3-3a28-4d9d-8eb9-0d768acf8829,0.7000098802150239
16e16d7f-3dd4-4c72-a615-a119f8f507ed,1424062c-d91a-40fd-9d63-7f6fda508665,0.3901786876263016
16e16d7f-3dd4-4c72-a615-a119f8f507ed,142407ba-496c-4037-b45c-28e1e4844974,0.6673035425726586
16e16d7f-3dd4-4c72-a615-a119f8f507ed,14265755-7d77-4614-bd61-74860c566bb8,0.695083393334178
16e16d7f-3dd4-4c72-a615-a119f8f507ed,14266167-2ef1-48d8-84aa-0f371b90fb0f,0.4000858357929008
16e16d7f-3dd4-4c72-a615-a119f8f507ed,14270a90-09e7-44b0-b081-a040df60bfaf,0.7759865060243106
16e16d7f-3dd4-4c72-a615-a119f8f507ed,142848c0-7fba-4bf4-9c1d-3f058b5eb611,0.7622098413614828
16e16d7f-3dd4-4c72-a615-a119f8f507ed,14287c23-cff5-4a9b-9040-d4bfcef84ccc,0.6631428991982495
16e16d7f-3dd4-4c72-a615-a119f8f507ed,142913db-a437-4209-ac7b-ccd554a047f8,0.8212228048617765
16e16d7f-3dd4-4c72-a615-a119f8f507ed,14291a78-0540-4087-ad19-58c8c9e8762f,0.7838666336797843
16e16d7f-3dd4-4c72-a615-a119f8f507ed,14293336-fc98-4421-8a3a-f21d875e072e,0.7516731440518113
16e16d7f-3dd4-4c72-a615-a119f8f507ed,1429c8f9-b605-450a-859e-e058fc26c57e,0.7405682367397475
16e16d7f-3dd4-4c72-a615-a119f8f507ed,142a6cb2-ca23-400d-b61c-546d8c86b115,0.7048871615182355
16e16d7f-3dd4-4c72-a615-a119f8f507ed,142c5fd6-04f3-4e76-9b11-39b29c5d0e1e,0.530855353794406
16e16d7f-3dd4-4c72-a615-a119f8f507ed,142cacc0-0553-4f2c-a0d7-460eaf46e8ff,0.7251172357135913
16e16d7f-3dd4-4c72-a615-a119f8f507ed,142ce647-32ec-4176-88cc-7b19d0848caf,0.5562518401366155
16e16d7f-3dd4-4c72-a615-a119f8f507ed,142ef286-d762-45da-8c37-a723867875ce,0.7723483729496378
16e16d7f-3dd4-4c72-a615-a119f8f507ed,1431271e-d275-4117-bb76-5f88d57f7caa,0.7482557069171465
16e16d7f-3dd4-4c72-a615-a119f8f507ed,14321adc-9ff5-4008-8993-121e98590515,0.7233657741774299
16e16d7f-3dd4-4c72-a615-a119f8f507ed,1433612d-c066-4be0-91ee-385cd4fc0090,0.6257115836945584
16e16d7f-3dd4-4c72-a615-a119f8f507ed,143481b7-06cf-413b-b731-27cd18286c68,0.5057305836692683
16e16d7f-3dd4-4c72-a615-a119f8f507ed,1434c37e-196e-45fd-9d19-46ab68ff602c,0.5656376750789436
16e16d7f-3dd4-4c72-a615-a119f8f507ed,14360274-e0f4-4033-bc8c-8686baaeca82,0.7379894764493479
16e16d7f-3dd4-4c72-a615-a119f8f507ed,1436e79b-e7e9-42a5-84a2-77380bb1dbf4,0.2808834891734242
16e16d7f-3dd4-4c72-a615-a119f8f507ed,1437388d-6c61-48fe-9e5f-03c0c3f978ce,0.6629323960294262
16e16d7f-3dd4-4c72-a615-a119f8f507ed,143778ba-4c8a-4800-85a9-c125a12bd372,0.6600419700742708
16e16d7f-3dd4-4c72-a615-a119f8f507ed,1437b93d-2c61-43a3-ab8b-8e939a4e99b3,0.3009372262728634
16e16d7f-3dd4-4c72-a615-a119f8f507ed,143a3bcb-6bea-4757-be3a-9a00df78e842,0.8885457793178013
16e16d7f-3dd4-4c72-a615-a119f8f507ed,143b1f0f-1e2b-4a54-b063-285ad271978f,0.7303792172633082
16e16d7f-3dd4-4c72-a615-a119f8f507ed,1440f800-eab3-42bb-bc08-c23ee860f15f,0.7824828262129371
16e16d7f-3dd4-4c72-a615-a119f8f507ed,1441aa8e-b02b-4d49-a2d9-f9b720f828be,0.844915977709887
16e16d7f-3dd4-4c72-a615-a119f8f507ed,14439778-b75d-4af1-aa0e-0de55991448c,0.684376731624073
16e16d7f-3dd4-4c72-a615-a119f8f507ed,1443c800-a03a-452b-acd3-adc660f2ce36,0.2105075077214673
16e16d7f-3dd4-4c72-a615-a119f8f507ed,1443f03b-4ffd-43bb-9038-e5e6761b1b83,0.8541434872268289
16e16d7f-3dd4-4c72-a615-a119f8f507ed,14445a45-710f-4e31-abfa-88e179469135,0.7485406618450772
16e16d7f-3dd4-4c72-a615-a119f8f507ed,14465102-1237-46c4-ad7c-debf0d00cba8,0.6155112961764271
16e16d7f-3dd4-4c72-a615-a119f8f507ed,1447c2c2-282e-4741-a171-d88a3e81957c,0.5042745460472908
16e16d7f-3dd4-4c72-a615-a119f8f507ed,144a201f-b51e-4046-84c0-e58ce85406eb,0.2718221601826667
16e16d7f-3dd4-4c72-a615-a119f8f507ed,144b1ec9-5d0e-46d5-b147-e2af23c5a6e9,0.8806011242411117
16e16d7f-3dd4-4c72-a615-a119f8f507ed,14523337-7159-4999-8aaf-504f92805604,0.4647066452851664
16e16d7f-3dd4-4c72-a615-a119f8f507ed,14534464-557e-4763-9220-09f761e50766,0.875229562376425
16e16d7f-3dd4-4c72-a615-a119f8f507ed,1453a2f3-a28a-484d-a473-2cc5215986e3,0.4105692206814096
16e16d7f-3dd4-4c72-a615-a119f8f507ed,14562170-931f-4ba1-925c-932141c3545f,0.830774471795637
16e16d7f-3dd4-4c72-a615-a119f8f507ed,14576f7e-1baf-4e86-9af4-9e79dfd7afc5,0.8986860290704984
16e16d7f-3dd4-4c72-a615-a119f8f507ed,14578c46-37a0-433f-b0e4-782886a95773,0.94251983939113
16e16d7f-3dd4-4c72-a615-a119f8f507ed,14585bca-38fd-4421-8fca-63bb5709dd36,0.445772504874617
16e16d7f-3dd4-4c72-a615-a119f8f507ed,1459318b-a831-4dba-92ed-9f61c6f13f47,0.5784565912794799
16e16d7f-3dd4-4c72-a615-a119f8f507ed,145b78f9-1b8d-4371-ae03-5b7758bff99b,0.6148565129578084
16e16d7f-3dd4-4c72-a615-a119f8f507ed,145c88cc-31b4-453c-a51c-dc649a262717,0.8127710576213163
16e16d7f-3dd4-4c72-a615-a119f8f507ed,145d8fc5-8c1e-4466-b0be-f32d68e9c2dc,0.8013323859258362
16e16d7f-3dd4-4c72-a615-a119f8f507ed,145e1fef-83ec-45d6-9a26-fdb47b52f2ee,0.1756865657084032
16e16d7f-3dd4-4c72-a615-a119f8f507ed,145ef585-58c0-4847-a0f0-fbbee95d5986,0.7306434535292063
16e16d7f-3dd4-4c72-a615-a119f8f507ed,145f4984-b6d8-4b54-bae3-bba90019fca9,0.3495941159490541
16e16d7f-3dd4-4c72-a615-a119f8f507ed,146377d2-e556-4eeb-a03a-34bed9d4e05d,0.7132492518595298
16e16d7f-3dd4-4c72-a615-a119f8f507ed,1463b341-fd9e-4b15-832c-b30b7de9773d,0.6898337395085982
16e16d7f-3dd4-4c72-a615-a119f8f507ed,1464791a-c185-499c-a4bd-73622ee61b43,0.6468953190637238
16e16d7f-3dd4-4c72-a615-a119f8f507ed,1464bc55-49b4-420f-8614-902cf2e6ac41,0.8102745674380992
16e16d7f-3dd4-4c72-a615-a119f8f507ed,1464e3fa-a8ed-4c11-9d12-e7418e70b6a5,0.790634781484721
16e16d7f-3dd4-4c72-a615-a119f8f507ed,146521d3-39c3-468e-9433-6e502da631c6,0.6334055716724805
16e16d7f-3dd4-4c72-a615-a119f8f507ed,14664212-fff8-4778-ad6f-69410024f32b,0.577303097576693
16e16d7f-3dd4-4c72-a615-a119f8f507ed,14676802-bb70-4215-a622-9b9ba78853ce,0.5362913695291618
16e16d7f-3dd4-4c72-a615-a119f8f507ed,14683258-59ba-492d-b1d7-6d4e84a5c1ec,0.7061847379183096
16e16d7f-3dd4-4c72-a615-a119f8f507ed,146891d3-ca20-4acb-a345-48a3b65f8aab,0.9048679033534964
16e16d7f-3dd4-4c72-a615-a119f8f507ed,14699630-ff85-493a-9baa-98fbdfefa707,0.6664950211951456
16e16d7f-3dd4-4c72-a615-a119f8f507ed,146a718f-edee-4370-a1cc-8800f34f2781,0.7819677552553639
16e16d7f-3dd4-4c72-a615-a119f8f507ed,146c5540-75bf-4358-94c7-80f58a69fb85,0.8582595178660538
16e16d7f-3dd4-4c72-a615-a119f8f507ed,146cd3d4-3b35-44a7-8ac7-f7d5787233e5,0.7119761605018096
16e16d7f-3dd4-4c72-a615-a119f8f507ed,146ebd38-61ea-4fa9-8781-d30e666c2e1e,0.8181518195572317
16e16d7f-3dd4-4c72-a615-a119f8f507ed,146fef5a-8e6b-4d41-a8c5-da8d0b22c771,0.2317184581826091
16e16d7f-3dd4-4c72-a615-a119f8f507ed,14709ad1-defe-46b7-8feb-eebdd0e8d2db,0.819316857901481
16e16d7f-3dd4-4c72-a615-a119f8f507ed,1472e4fb-75d0-4705-9596-5d9a0ccefe56,0.5696886491701277
16e16d7f-3dd4-4c72-a615-a119f8f507ed,147352e5-7f56-4b1a-8983-36f73a6a852b,0.7066620744670666
16e16d7f-3dd4-4c72-a615-a119f8f507ed,1473bd20-83ff-49f5-85c1-801a3d3b01c1,0.9001652240586103
16e16d7f-3dd4-4c72-a615-a119f8f507ed,147421a1-b76a-480b-bc8c-672b7f40e0c1,0.4847716170686535
16e16d7f-3dd4-4c72-a615-a119f8f507ed,14749eb2-25e9-4180-832c-3273642aa54b,0.2809381765189245
16e16d7f-3dd4-4c72-a615-a119f8f507ed,14764ecd-9443-481e-b0cc-77420a26892b,0.4899661980901315
16e16d7f-3dd4-4c72-a615-a119f8f507ed,1477abb7-fd1e-44f1-a977-286bee129639,0.7514543440050586
16e16d7f-3dd4-4c72-a615-a119f8f507ed,147827e7-5201-455b-9b7d-a3993a5a8b7f,0.8183896863251516
16e16d7f-3dd4-4c72-a615-a119f8f507ed,147a1ee4-5be2-4b04-b833-25bc88922ddb,0.8864565204048147
16e16d7f-3dd4-4c72-a615-a119f8f507ed,147b2967-1d48-495f-8b1f-4b90c5dd2e0f,0.8680332790189398
16e16d7f-3dd4-4c72-a615-a119f8f507ed,147cd15f-2ee1-470a-9721-789583621909,0.6183463498775439
16e16d7f-3dd4-4c72-a615-a119f8f507ed,147d823c-2c76-4900-8944-ae77a295c3d9,0.6143263176261844
16e16d7f-3dd4-4c72-a615-a119f8f507ed,147db0af-297c-422d-a1bc-cd31e3c920d0,0.2699980832483263
16e16d7f-3dd4-4c72-a615-a119f8f507ed,1480d064-6e6f-414a-8ae2-cfdc557956b4,0.9446822953690218
16e16d7f-3dd4-4c72-a615-a119f8f507ed,14831ff2-8bc8-48f5-a42d-cdfee25c7440,0.9006450924174342
16e16d7f-3dd4-4c72-a615-a119f8f507ed,14863eb3-5acd-48e4-978d-eb173e13ccc5,0.5376636026329422
16e16d7f-3dd4-4c72-a615-a119f8f507ed,14875e8c-9aec-4406-94f8-fb1ede34213a,0.8218542977662864
16e16d7f-3dd4-4c72-a615-a119f8f507ed,1487aabd-4721-4ce4-8332-a160531398cb,0.675392801957904
16e16d7f-3dd4-4c72-a615-a119f8f507ed,148ab0a8-0cb6-4bd1-a41b-4bd9eb6f7a2d,0.4238607620375578
16e16d7f-3dd4-4c72-a615-a119f8f507ed,148c81da-2894-4978-9381-456cb50bf1d8,0.7289335706473201
16e16d7f-3dd4-4c72-a615-a119f8f507ed,148ca9b3-edc3-480e-b5b9-07c6479ca1df,0.5742632921927958
16e16d7f-3dd4-4c72-a615-a119f8f507ed,14915241-0e02-48a6-9917-980952f47731,0.7255755733717364
16e16d7f-3dd4-4c72-a615-a119f8f507ed,149431b4-67b9-452e-aa93-80803e620c0d,0.8389924846358917
16e16d7f-3dd4-4c72-a615-a119f8f507ed,149666f6-9a93-40cd-9784-c1cd6a015794,0.8023108582735158
16e16d7f-3dd4-4c72-a615-a119f8f507ed,14981da9-7fd6-4374-b571-f5daa15d7707,0.6521644170781007
16e16d7f-3dd4-4c72-a615-a119f8f507ed,149acc06-8ec4-4420-85cf-521b68536441,0.6022690327064609
16e16d7f-3dd4-4c72-a615-a119f8f507ed,149d1b7f-5ae1-4b29-a7eb-cde4e054d8bd,0.8559080430109957
16e16d7f-3dd4-4c72-a615-a119f8f507ed,149d8290-0f60-4310-acfd-116c70a1ffb1,0.814351050334578
16e16d7f-3dd4-4c72-a615-a119f8f507ed,149fbb47-6834-4dce-b366-f8f5664fd26a,0.6997375496063146
16e16d7f-3dd4-4c72-a615-a119f8f507ed,149fd893-03a2-4836-9466-d56423b0bbbb,0.8576738283013844
16e16d7f-3dd4-4c72-a615-a119f8f507ed,14a21519-ac81-4364-8982-5caa996ff383,0.6972449275340051
16e16d7f-3dd4-4c72-a615-a119f8f507ed,14a4c92b-e4ec-4bfc-b78c-483d54c13c88,0.7378113654041074
16e16d7f-3dd4-4c72-a615-a119f8f507ed,14a57e36-f12a-4ff4-b9af-ebcfd7374bf3,0.91224160637065
16e16d7f-3dd4-4c72-a615-a119f8f507ed,14a6e881-76a9-4a25-97fb-7714ffab7c15,0.6957608174097867
16e16d7f-3dd4-4c72-a615-a119f8f507ed,14a6f335-33c0-45b8-ac1e-d5305eb1e412,0.4178206682752493
16e16d7f-3dd4-4c72-a615-a119f8f507ed,14a73df5-edd6-4c87-95dc-bc51fa3646b5,0.7366871515789053
16e16d7f-3dd4-4c72-a615-a119f8f507ed,14a8a2c0-1daa-4e7c-89b3-41fc46486548,0.3159167211863938
16e16d7f-3dd4-4c72-a615-a119f8f507ed,14a8a8c0-d170-4b18-8097-0411f7f72a35,0.6205895407333138
16e16d7f-3dd4-4c72-a615-a119f8f507ed,14a98b0b-a15a-43d3-abad-376b973e25bb,0.7787335655062586
16e16d7f-3dd4-4c72-a615-a119f8f507ed,14a9b027-d3ad-41f0-8e70-5d4d2ec877f1,0.9175729316654252
16e16d7f-3dd4-4c72-a615-a119f8f507ed,14ab43d0-ec29-4d31-ab6c-b3371def4152,0.396606801370105
16e16d7f-3dd4-4c72-a615-a119f8f507ed,14ac174f-7117-4a95-9009-8a788959ed05,0.1808704693017959
16e16d7f-3dd4-4c72-a615-a119f8f507ed,14ac4adf-a904-42b8-aa47-2ed7c34a5b1d,0.4700557890468836
16e16d7f-3dd4-4c72-a615-a119f8f507ed,14ad3233-2204-40a0-a2ac-8d1117798349,0.7165574011875512
16e16d7f-3dd4-4c72-a615-a119f8f507ed,14b24319-42dd-4208-87e0-80558a8a014b,0.4171382556240842
16e16d7f-3dd4-4c72-a615-a119f8f507ed,14b974af-efa5-4126-951b-8da837a31ea6,0.7220340828945635
16e16d7f-3dd4-4c72-a615-a119f8f507ed,14ba4d6b-4bb5-4d7a-ab4d-2acc21575aba,0.8173113100417644
16e16d7f-3dd4-4c72-a615-a119f8f507ed,14bb292c-335e-44cd-92ec-318bbb5fd2eb,0.8491906613794291
16e16d7f-3dd4-4c72-a615-a119f8f507ed,14bba233-a51c-4f7b-bed2-5ce583e290c1,0.807981578455294
16e16d7f-3dd4-4c72-a615-a119f8f507ed,14bc934d-ac20-42e5-be61-b9e763156446,0.8003554844363342
16e16d7f-3dd4-4c72-a615-a119f8f507ed,14bfa8e6-9b4b-407c-844b-9494152d8167,0.7667690846893648
16e16d7f-3dd4-4c72-a615-a119f8f507ed,14bfc221-c827-4a1d-97f4-8ffff66b5161,0.8257855852961025
16e16d7f-3dd4-4c72-a615-a119f8f507ed,14c172a4-7a0c-4c98-bcff-85238772b00a,0.74544007189841
16e16d7f-3dd4-4c72-a615-a119f8f507ed,14c22d00-dfef-4948-a6c5-fa117ba706c6,0.8201432089236198
16e16d7f-3dd4-4c72-a615-a119f8f507ed,14c455a2-e8a4-4bf5-9165-29b0bc961223,0.7172712590112134
16e16d7f-3dd4-4c72-a615-a119f8f507ed,14c51647-fa3d-40f8-89c6-ef5233cb19c8,0.7372561162972703
16e16d7f-3dd4-4c72-a615-a119f8f507ed,14c5e96f-701c-430f-8314-68d2970c068b,0.5525396124123586
16e16d7f-3dd4-4c72-a615-a119f8f507ed,14c74d5f-8411-46e4-bd06-e2ade23f28a6,0.6504273421425038
16e16d7f-3dd4-4c72-a615-a119f8f507ed,14c944aa-b7b5-4fd4-ab7f-c8686696319b,0.9430262422181004
16e16d7f-3dd4-4c72-a615-a119f8f507ed,14c9b696-01fb-493b-ad1b-30b957af19bf,0.836118550137497
16e16d7f-3dd4-4c72-a615-a119f8f507ed,14ca4b76-b318-40e5-a20b-df5ec09f3fa2,0.7416299289824545
16e16d7f-3dd4-4c72-a615-a119f8f507ed,14cb455b-6618-4cb0-8066-b1ea20595835,0.6879951472777985
16e16d7f-3dd4-4c72-a615-a119f8f507ed,14cbe0d4-0cc2-4565-aa93-0598a3509f03,0.6297589831862369
16e16d7f-3dd4-4c72-a615-a119f8f507ed,14ce4bc9-5d78-4b00-99a5-3894e80839c2,0.8109716728420221
16e16d7f-3dd4-4c72-a615-a119f8f507ed,14ceb1e7-e9dc-4f0b-bbb6-ee311c58fa3d,0.6604109628587955
16e16d7f-3dd4-4c72-a615-a119f8f507ed,14cefcb2-3e6b-4dec-a8a9-b44a74c3fe06,0.8244949549881708
16e16d7f-3dd4-4c72-a615-a119f8f507ed,14cf0169-1c86-4702-addf-7421604cdc1d,0.803307216343421
16e16d7f-3dd4-4c72-a615-a119f8f507ed,14d0d0fd-eb65-4b2d-ba26-cc25b55c19b6,0.759158988889452
16e16d7f-3dd4-4c72-a615-a119f8f507ed,14d183fc-8813-4382-b04e-a8cd5d511707,0.6387215833555429
16e16d7f-3dd4-4c72-a615-a119f8f507ed,14d4e61f-58ab-47fe-b255-610fcec852dc,0.7411689567414158
16e16d7f-3dd4-4c72-a615-a119f8f507ed,14d5e88f-1d73-4320-a032-0516195dedbe,0.3869783831227091
16e16d7f-3dd4-4c72-a615-a119f8f507ed,14d614c7-051d-4c40-ada1-7d891cdb1ee8,0.4141875180659967
16e16d7f-3dd4-4c72-a615-a119f8f507ed,14d633f1-c23d-48f8-b713-a1b8bc282e2d,0.7534802808050166
16e16d7f-3dd4-4c72-a615-a119f8f507ed,14d873be-1b0e-41b3-83a3-54238aa08fa7,0.8634135161755457
16e16d7f-3dd4-4c72-a615-a119f8f507ed,14d94619-db41-45de-984c-24d6f34a4041,0.8654158297569207
16e16d7f-3dd4-4c72-a615-a119f8f507ed,14da1fc4-960e-4dcd-b700-e3ba07d4ee56,0.4824775436275489
16e16d7f-3dd4-4c72-a615-a119f8f507ed,14da36d5-e140-4abd-bc91-a1e5aa5db6d8,0.6514624740346007
16e16d7f-3dd4-4c72-a615-a119f8f507ed,14dc3835-1895-45f4-bf74-dab05120d970,0.8491569905931244
16e16d7f-3dd4-4c72-a615-a119f8f507ed,14dcf772-7dae-4d6d-806f-a22ad2824455,0.7572862586042018
16e16d7f-3dd4-4c72-a615-a119f8f507ed,14dd0c4c-346a-42d1-9a41-27b4b5c00f2e,0.7064978022886831
16e16d7f-3dd4-4c72-a615-a119f8f507ed,14df985c-50dd-4ec0-80f4-fda512d359f4,0.7553803725424709
16e16d7f-3dd4-4c72-a615-a119f8f507ed,14dfe29f-99b1-4393-8886-d55c435ef4d7,0.8658534272043831
16e16d7f-3dd4-4c72-a615-a119f8f507ed,14e153b6-4fa4-4541-8f63-722139fcf270,0.702288057822619
16e16d7f-3dd4-4c72-a615-a119f8f507ed,14e424a3-2ef9-45a5-8a4e-e6587fbae932,0.7531540969272814
16e16d7f-3dd4-4c72-a615-a119f8f507ed,14e58afc-6361-4ad0-9016-20cbc1282d1c,0.836377572659456
16e16d7f-3dd4-4c72-a615-a119f8f507ed,14e65b0e-d6c0-4b7d-b553-88f5c828b8c2,0.7920969223091885
16e16d7f-3dd4-4c72-a615-a119f8f507ed,14e73d66-660d-47c0-9262-aac62d871482,0.5977939273902558
16e16d7f-3dd4-4c72-a615-a119f8f507ed,14e7dc2c-fcf1-4b4e-ab4c-1da4870bb01c,0.8028569699952638
16e16d7f-3dd4-4c72-a615-a119f8f507ed,14e91aa9-6c44-495c-84d0-f89825ac8be5,0.4601914933192572
16e16d7f-3dd4-4c72-a615-a119f8f507ed,14e92fde-45ff-4ffe-9297-c0280abbbf20,0.7780505318804763
16e16d7f-3dd4-4c72-a615-a119f8f507ed,14e94c11-2352-48b0-b7b0-8933149519d2,0.7609513529751064
16e16d7f-3dd4-4c72-a615-a119f8f507ed,14e97065-54fb-407d-bf60-e373a3ce44a6,0.8857404667131746
16e16d7f-3dd4-4c72-a615-a119f8f507ed,14eaa3d8-b7ee-4372-82c9-b6e3c9b3dc8b,0.8230308365241504
16e16d7f-3dd4-4c72-a615-a119f8f507ed,14ebea06-9192-4acf-bc82-b520750efc28,0.7848423565999618
16e16d7f-3dd4-4c72-a615-a119f8f507ed,14ee0c8c-80a5-4c4d-93fc-3ed11050dec9,0.7215100610546902
16e16d7f-3dd4-4c72-a615-a119f8f507ed,14f0933e-41a8-4704-a3e1-dac802bd278c,0.6037801114678644
16e16d7f-3dd4-4c72-a615-a119f8f507ed,14f12923-85eb-4863-85c4-77838e946bb1,0.766985935692612
16e16d7f-3dd4-4c72-a615-a119f8f507ed,14f274b9-4d2b-469c-8b1a-09be2647f926,0.8017715460952145
16e16d7f-3dd4-4c72-a615-a119f8f507ed,14f303d5-5a18-48d1-9ba7-23d1f960c89b,0.7885595371205347
16e16d7f-3dd4-4c72-a615-a119f8f507ed,14f4fc38-e1fd-4889-89fe-f654928e5d5f,0.7203970570234193
16e16d7f-3dd4-4c72-a615-a119f8f507ed,14f63053-6054-4cd2-9fee-1a7a3b79bbdb,0.5823283616688003
16e16d7f-3dd4-4c72-a615-a119f8f507ed,14f75712-7089-47b0-9e43-b1d3da6627e2,0.568911677008951
16e16d7f-3dd4-4c72-a615-a119f8f507ed,14f7ff12-8d17-4038-8e12-4154a1f4a558,0.568357046100098
16e16d7f-3dd4-4c72-a615-a119f8f507ed,14fa1770-bac8-474f-9f33-8fca299d5294,0.6026323593827979
16e16d7f-3dd4-4c72-a615-a119f8f507ed,14fabfb7-b17e-4621-81f8-57879debaee6,0.7647388421439993
16e16d7f-3dd4-4c72-a615-a119f8f507ed,14fe243e-9545-4bcb-ae3e-4c469709e45d,0.7175875646527325
16e16d7f-3dd4-4c72-a615-a119f8f507ed,150307c4-0ba8-4869-be8d-3386cf3dfdbf,0.9483913364491746
16e16d7f-3dd4-4c72-a615-a119f8f507ed,150542c1-3412-490a-aa59-30b5521205eb,0.6786143570422664
16e16d7f-3dd4-4c72-a615-a119f8f507ed,150548f9-bac7-487a-9c60-2330e31a341e,0.1314811563499438
16e16d7f-3dd4-4c72-a615-a119f8f507ed,1505d614-abf2-406c-9e9f-cd2845e434a2,0.6946178518595157
16e16d7f-3dd4-4c72-a615-a119f8f507ed,150b43fb-3885-4d99-b64d-91ea2b789301,0.6004632751080549
16e16d7f-3dd4-4c72-a615-a119f8f507ed,150bf315-11d4-44bb-84c9-c76ba8ccf89e,0.9156843285032084
16e16d7f-3dd4-4c72-a615-a119f8f507ed,150cfba3-bb71-4d60-8f8f-417da931463e,0.6557451231282229
16e16d7f-3dd4-4c72-a615-a119f8f507ed,150d8e60-4f1b-4507-bee0-b369e151f3a6,0.8390320752273654
16e16d7f-3dd4-4c72-a615-a119f8f507ed,150dbd37-fd91-4f59-bca3-76b623b75041,0.7271953287346717
16e16d7f-3dd4-4c72-a615-a119f8f507ed,150e4565-7cea-474b-a632-2a5078b0135b,0.8474646839813763
16e16d7f-3dd4-4c72-a615-a119f8f507ed,150eb7ce-3c37-4a46-8e6d-09cc5ca58d56,0.4564980061617268
16e16d7f-3dd4-4c72-a615-a119f8f507ed,15101984-6d0a-4aa3-9eb1-33899145ebe7,0.716601036276535
16e16d7f-3dd4-4c72-a615-a119f8f507ed,1511da47-07b9-4450-ae4c-eaaec058152e,0.7495848281017884
16e16d7f-3dd4-4c72-a615-a119f8f507ed,1513b1f9-6137-4a6a-a48a-63602c8a9e8b,0.5844656543248282
16e16d7f-3dd4-4c72-a615-a119f8f507ed,1514ede9-5cb9-455d-8210-0668b6f92045,0.5814914799164485
16e16d7f-3dd4-4c72-a615-a119f8f507ed,1516764c-6044-442e-b14d-dac7c2761386,0.5595965496268644
16e16d7f-3dd4-4c72-a615-a119f8f507ed,151ac2cc-2f06-4f5b-9835-a86ba97f0a43,0.4773273699930788
16e16d7f-3dd4-4c72-a615-a119f8f507ed,151b7867-5ab1-40b4-9083-3be100530d18,0.8362686366116076
16e16d7f-3dd4-4c72-a615-a119f8f507ed,151bb63d-94fe-44c4-9bcc-45efc5654838,0.5911581821788254
16e16d7f-3dd4-4c72-a615-a119f8f507ed,151bf2e8-0dc9-4844-a51f-0cd76a76bbfe,0.8137731534882044
16e16d7f-3dd4-4c72-a615-a119f8f507ed,151d3050-8789-402a-a6a9-c0da502499cc,0.8273995339598323
16e16d7f-3dd4-4c72-a615-a119f8f507ed,1523a4d8-e522-47c5-8ab5-91555df578f9,0.4453431841653181
16e16d7f-3dd4-4c72-a615-a119f8f507ed,1523f0ea-822d-4024-8bc2-61fc5ebca172,0.7216957697726062
16e16d7f-3dd4-4c72-a615-a119f8f507ed,152647b9-a7ef-4eb5-8b40-f5b9481e0e93,0.6193354605195056
16e16d7f-3dd4-4c72-a615-a119f8f507ed,1527efe7-7c4c-426a-9124-6999db0519fa,0.7677339472065796
16e16d7f-3dd4-4c72-a615-a119f8f507ed,152894bb-b135-4f4c-b3d9-0cf22a8f7592,0.6747850437371836
16e16d7f-3dd4-4c72-a615-a119f8f507ed,1529e2f2-8816-45d3-98d3-0d7f21a8f6c5,0.5938928696949292
16e16d7f-3dd4-4c72-a615-a119f8f507ed,152d9009-39f8-4571-b776-d8170ff8e9aa,0.8276677538033765
16e16d7f-3dd4-4c72-a615-a119f8f507ed,152f6ee9-3f2b-43cb-ba7f-6a79f209c6d0,0.3243115861836581
16e16d7f-3dd4-4c72-a615-a119f8f507ed,15304c6a-dad6-4ac6-b360-374c96883139,0.7557426891134323
16e16d7f-3dd4-4c72-a615-a119f8f507ed,1530812f-0ac8-4e7f-9424-a398b01d9637,0.6419234274964891
16e16d7f-3dd4-4c72-a615-a119f8f507ed,1530b3db-413b-4d10-a571-00999eeab04e,0.8508864972379598
16e16d7f-3dd4-4c72-a615-a119f8f507ed,1531ac45-4147-4aa4-88d2-589c4dfd094e,0.6950609663103219
16e16d7f-3dd4-4c72-a615-a119f8f507ed,1533fc43-88d5-4fa1-9f02-6f154a11f654,0.5390642712871282
16e16d7f-3dd4-4c72-a615-a119f8f507ed,1534d778-a342-4eba-bfef-3acf94151ab5,0.4767770021237727
16e16d7f-3dd4-4c72-a615-a119f8f507ed,15367d5a-ed3e-4e37-b5ef-4c2b2d6e2959,0.7989964694525462
16e16d7f-3dd4-4c72-a615-a119f8f507ed,15372e57-e9cd-463e-9d1c-e0a397da0d55,0.7607415942327077
16e16d7f-3dd4-4c72-a615-a119f8f507ed,153737b2-0b2d-4ca1-910e-15495c60889f,0.7757090426330342
16e16d7f-3dd4-4c72-a615-a119f8f507ed,15385104-30e2-4cd0-94c3-b7b2a42649ce,0.7340289920850993
16e16d7f-3dd4-4c72-a615-a119f8f507ed,153a1422-338b-4dcc-973d-62b9568202ca,0.7946932814268808
16e16d7f-3dd4-4c72-a615-a119f8f507ed,153ccef2-b3a3-4390-ab11-832506785a50,0.2839625975468837
16e16d7f-3dd4-4c72-a615-a119f8f507ed,153e9b23-ba7a-4f17-b9d8-c2cee5087bd9,0.2423524743775821
16e16d7f-3dd4-4c72-a615-a119f8f507ed,153eb38f-5e29-4fda-886f-3dde6885a396,0.5404479394602987
16e16d7f-3dd4-4c72-a615-a119f8f507ed,153fe66f-53fa-46c6-85e5-dd55b426f263,0.6130622144614706
16e16d7f-3dd4-4c72-a615-a119f8f507ed,15423134-b33a-4fd2-a419-4d199321b00e,0.847667282708114
16e16d7f-3dd4-4c72-a615-a119f8f507ed,15439abf-1e2f-42c2-97bc-efb51169f12e,0.636386735569492
16e16d7f-3dd4-4c72-a615-a119f8f507ed,154450e7-cf53-4b0c-a62d-06b88977dd66,0.9017733826808526
16e16d7f-3dd4-4c72-a615-a119f8f507ed,1544c5d0-7905-42f5-a70a-11dc8c7c2b1a,0.5193801659966485
16e16d7f-3dd4-4c72-a615-a119f8f507ed,15454c8a-394c-4292-8d31-2891c2621230,0.8993334639670549
16e16d7f-3dd4-4c72-a615-a119f8f507ed,15458d81-8981-4162-8b15-f08dd0b21693,0.8714966967604406
16e16d7f-3dd4-4c72-a615-a119f8f507ed,1545c200-253d-4d90-a5ce-1631aefcf48b,0.5857288863722461
16e16d7f-3dd4-4c72-a615-a119f8f507ed,15465e31-b5f4-41a7-9931-7d4bf3198600,0.5261564389117825
16e16d7f-3dd4-4c72-a615-a119f8f507ed,1546c7bd-383a-4a7a-8ba1-4be8a9affc82,0.8847995081393634
16e16d7f-3dd4-4c72-a615-a119f8f507ed,154773df-ec03-44e2-8ac9-78f29ee2d384,0.5376304295921033
16e16d7f-3dd4-4c72-a615-a119f8f507ed,1548d317-3806-4364-827f-bef4fd653502,0.8654378046542424
16e16d7f-3dd4-4c72-a615-a119f8f507ed,154b4dd4-db27-4b51-a736-0a7adaa85874,0.6181335250245581
16e16d7f-3dd4-4c72-a615-a119f8f507ed,154be8ed-09eb-45ad-bb88-c02650343b8e,0.3043126090646347
16e16d7f-3dd4-4c72-a615-a119f8f507ed,154c2dff-0e69-4777-a2ec-1facf4fd5159,0.2348058992046437
16e16d7f-3dd4-4c72-a615-a119f8f507ed,154da9e0-194f-40e5-ae0d-a5410f1a72d0,0.8106318759612323
16e16d7f-3dd4-4c72-a615-a119f8f507ed,154e508d-8986-4738-af55-4e1434e87fbd,0.7302255132474735
16e16d7f-3dd4-4c72-a615-a119f8f507ed,155066d1-fb54-4fad-8fa9-155345ec2815,0.7589094085215574
16e16d7f-3dd4-4c72-a615-a119f8f507ed,1553ee22-d7a5-4611-9795-ac1246420ef6,0.5461764608376394
16e16d7f-3dd4-4c72-a615-a119f8f507ed,15552103-b8c4-4c77-b50b-cba8826f7692,0.7969034817287316
16e16d7f-3dd4-4c72-a615-a119f8f507ed,15555a23-c4c1-4430-933f-08d6a1f7cabb,0.727981476294565
16e16d7f-3dd4-4c72-a615-a119f8f507ed,1555b3cc-6aaf-474b-a486-438929810ee5,0.7658237191371745
16e16d7f-3dd4-4c72-a615-a119f8f507ed,155619d6-ef16-4ff5-ad5c-32004ad74f53,0.8114430264106091
16e16d7f-3dd4-4c72-a615-a119f8f507ed,15566b5c-29fa-4015-b756-238b4a0adece,0.7367057833533726
16e16d7f-3dd4-4c72-a615-a119f8f507ed,1556814b-1d37-49a2-8da3-a5a2d6b90623,0.344896510382343
16e16d7f-3dd4-4c72-a615-a119f8f507ed,15594d11-f62f-4e38-8c91-2d6352314c0a,0.6721177107521334
16e16d7f-3dd4-4c72-a615-a119f8f507ed,155a2afa-1a15-4be3-b5a8-f03c80defbc7,0.7420917531215484
16e16d7f-3dd4-4c72-a615-a119f8f507ed,155ac144-e02e-4a08-bd17-462a2684552f,0.6313929395912513
16e16d7f-3dd4-4c72-a615-a119f8f507ed,155c2c3e-313a-417f-ba5e-188e44601cdc,0.4139474690016496
16e16d7f-3dd4-4c72-a615-a119f8f507ed,155c6b76-f7a8-4491-a4a6-6caf2635f3c7,0.4160792722143208
16e16d7f-3dd4-4c72-a615-a119f8f507ed,155c9ed1-7003-466c-87b1-ebe2f5a1655e,0.6191254503244054
16e16d7f-3dd4-4c72-a615-a119f8f507ed,155f4bb0-2d59-45ed-a4b1-e772c60bc848,0.7626980335886472
16e16d7f-3dd4-4c72-a615-a119f8f507ed,15605373-1795-47c0-a8c6-11b4370a2b56,0.6989818546050754
16e16d7f-3dd4-4c72-a615-a119f8f507ed,15607585-ec31-4ad4-ad81-6604bc179592,0.8956903857315277
16e16d7f-3dd4-4c72-a615-a119f8f507ed,15615f08-0c2a-4009-8c35-88f61f2b764d,0.817962522963116
16e16d7f-3dd4-4c72-a615-a119f8f507ed,1561b5fd-c6f8-4dd7-b88e-6d7a4267cf04,0.1923817271664389
16e16d7f-3dd4-4c72-a615-a119f8f507ed,156299fb-602a-423d-bace-e8ade6cb709f,0.7502611390821408
16e16d7f-3dd4-4c72-a615-a119f8f507ed,15641094-ebd8-48a0-84c5-78e251d4b315,0.902329110244884
16e16d7f-3dd4-4c72-a615-a119f8f507ed,1564697a-eac5-4547-a52b-6bdc84af30dc,0.9179690949388744
16e16d7f-3dd4-4c72-a615-a119f8f507ed,156547b5-b6c9-4dd7-a128-4b65d29589db,0.4466690813827055
16e16d7f-3dd4-4c72-a615-a119f8f507ed,15667df0-8b6e-4359-b2b6-a547a4a73eeb,0.7718678123029702
16e16d7f-3dd4-4c72-a615-a119f8f507ed,1566fdc3-3332-4fa8-8b1d-6e71174ab7ed,0.9503250530488038
16e16d7f-3dd4-4c72-a615-a119f8f507ed,156a410b-dac4-4f1e-82d8-9d68227c5447,0.8011948720216348
16e16d7f-3dd4-4c72-a615-a119f8f507ed,156a71c8-c1b4-46b1-94db-fd64f034d129,0.7985795211398934
16e16d7f-3dd4-4c72-a615-a119f8f507ed,156d9a7e-5d6d-4576-9bed-a7f468eaa85b,0.6535089046708243
16e16d7f-3dd4-4c72-a615-a119f8f507ed,156f0daf-076c-43b9-b3ca-59f41e7c5271,0.6081312577964325
16e16d7f-3dd4-4c72-a615-a119f8f507ed,156fea16-8f80-4c61-a0d8-5d7cb1cfdfa5,0.6848635519608003
16e16d7f-3dd4-4c72-a615-a119f8f507ed,1570f841-f573-49bf-9141-3ac26147a671,0.8382610838486719
16e16d7f-3dd4-4c72-a615-a119f8f507ed,1571bbf9-228a-4493-822e-3484689bb57c,0.6460594364934902
16e16d7f-3dd4-4c72-a615-a119f8f507ed,15725ef9-dc44-426f-b5e7-62765a555e1c,0.4492981163527572
16e16d7f-3dd4-4c72-a615-a119f8f507ed,15762c43-9a21-443e-ac26-98de8ef00e6a,0.8568520607657272
16e16d7f-3dd4-4c72-a615-a119f8f507ed,15764cc4-a2c4-4523-a3b2-9080cd564262,0.8133410992940022
16e16d7f-3dd4-4c72-a615-a119f8f507ed,15768ae8-ecf0-4e80-b6ae-2e06dcea26fe,0.6031211886238786
16e16d7f-3dd4-4c72-a615-a119f8f507ed,157854b6-082f-4028-bcc0-6df844d380a5,0.6930843135164662
16e16d7f-3dd4-4c72-a615-a119f8f507ed,1578bc67-2b97-4b01-9f3d-337c566f4f00,0.6908354903552348
16e16d7f-3dd4-4c72-a615-a119f8f507ed,15795f8f-b47b-4758-884b-b6fa65f04120,0.9290168258563598
16e16d7f-3dd4-4c72-a615-a119f8f507ed,1579ca70-9944-4107-81a9-93b8be1fc8a3,0.8165560384645404
16e16d7f-3dd4-4c72-a615-a119f8f507ed,157af1dc-530d-4b66-af5b-f59e863f3f44,0.8695994168987802
16e16d7f-3dd4-4c72-a615-a119f8f507ed,157c1432-3e7b-47f0-b8a3-18867d227b29,0.7208789979803701
16e16d7f-3dd4-4c72-a615-a119f8f507ed,157cbb60-9eb9-4247-a010-9abb61916bc9,0.6931594564641954
16e16d7f-3dd4-4c72-a615-a119f8f507ed,157d3170-3ccf-4b27-a61c-412bdbaccace,0.618334414622163
16e16d7f-3dd4-4c72-a615-a119f8f507ed,157e3dc6-3984-4133-a672-ebbfcbf05bac,0.7509019977263395
16e16d7f-3dd4-4c72-a615-a119f8f507ed,1580b1e9-a867-422b-a925-3b881db8ec58,0.6525235594369685
16e16d7f-3dd4-4c72-a615-a119f8f507ed,1580f8dd-946d-411d-88a1-74174098979e,0.6365621683684638
16e16d7f-3dd4-4c72-a615-a119f8f507ed,158305f1-cf27-48f1-af9b-8d997df50f3d,0.636741022333905
16e16d7f-3dd4-4c72-a615-a119f8f507ed,158467f0-4a5d-40f1-a4e7-3fbc03778a89,0.666520795190161
16e16d7f-3dd4-4c72-a615-a119f8f507ed,15866b9a-371a-4046-ae62-5d9af13e1c37,0.6355234147952585
16e16d7f-3dd4-4c72-a615-a119f8f507ed,15879bdf-e5ce-4f75-9988-5e3e12757d0d,0.6562013105496104
16e16d7f-3dd4-4c72-a615-a119f8f507ed,158812b6-2c43-45f9-9b78-77d44be17d83,0.7266514586895887
16e16d7f-3dd4-4c72-a615-a119f8f507ed,1588234f-b2c2-4386-99df-ca4200ac74e3,0.2839625975468837
16e16d7f-3dd4-4c72-a615-a119f8f507ed,1588529b-dee3-438c-a55a-c515b45def26,0.5184634412948336
16e16d7f-3dd4-4c72-a615-a119f8f507ed,158d2bf9-c5db-440f-8c36-0e8925fd2c5a,0.6898189610627397
16e16d7f-3dd4-4c72-a615-a119f8f507ed,158e177e-6931-48dc-8f0f-95c1927d5e68,0.4996079166510014
16e16d7f-3dd4-4c72-a615-a119f8f507ed,158e6bf1-ec57-4926-b075-01e1f387fb9d,0.7164670752999401
16e16d7f-3dd4-4c72-a615-a119f8f507ed,1590c21e-2172-444a-b2b4-c980bfe6f698,0.7731549713101473
16e16d7f-3dd4-4c72-a615-a119f8f507ed,159288b4-5731-4383-a04b-213839e6580a,0.8648199195374708
16e16d7f-3dd4-4c72-a615-a119f8f507ed,15936e33-4a1f-4a9a-a827-44dbcd874993,0.9189362391246804
16e16d7f-3dd4-4c72-a615-a119f8f507ed,15949ecd-6437-4728-b50e-6c4ef1cf4556,0.9754757071677111
16e16d7f-3dd4-4c72-a615-a119f8f507ed,159523ee-1dd7-4011-81bf-da588bd3d8ff,0.7420912527789548
16e16d7f-3dd4-4c72-a615-a119f8f507ed,15953e45-7674-4d5f-8e02-9d4bc205bedf,0.5535732340561846
16e16d7f-3dd4-4c72-a615-a119f8f507ed,1595b29e-8134-4939-9572-605e19513224,0.6959187689072546
16e16d7f-3dd4-4c72-a615-a119f8f507ed,1595b2d1-0b49-4b53-b362-c0e23e3ea5e2,0.675879552097589
16e16d7f-3dd4-4c72-a615-a119f8f507ed,1596250e-23f9-4ab4-8f23-1075d093eca4,0.6602419724145244
16e16d7f-3dd4-4c72-a615-a119f8f507ed,15983e18-f214-4ddf-88ef-f6f30e4131e0,0.7193030056665451
16e16d7f-3dd4-4c72-a615-a119f8f507ed,159965e7-1499-454d-ada2-78c7c3e78ddc,0.5784769062693214
16e16d7f-3dd4-4c72-a615-a119f8f507ed,159c033c-28e7-411a-a10c-0dce09bc85eb,0.8129902325270846
16e16d7f-3dd4-4c72-a615-a119f8f507ed,159da7b1-f9d5-4207-be5e-a78652de3571,0.8114172065071849
16e16d7f-3dd4-4c72-a615-a119f8f507ed,159e1613-f64e-4a45-adce-65ba12901f1e,0.7391156547341453
16e16d7f-3dd4-4c72-a615-a119f8f507ed,159f0ea4-5841-4bda-8c78-ef95c824b5ac,0.6111509201225865
16e16d7f-3dd4-4c72-a615-a119f8f507ed,159fa548-ca60-46f1-93f0-db732c61db3b,0.7057690652737895
16e16d7f-3dd4-4c72-a615-a119f8f507ed,15a09558-e740-44f0-aba9-47ce24cb334f,0.6229943521072191
16e16d7f-3dd4-4c72-a615-a119f8f507ed,15a12eee-29b2-411f-a141-2520088d855e,0.6663990086381233
16e16d7f-3dd4-4c72-a615-a119f8f507ed,15a4ffd4-0873-4d10-8a39-1297ca1d9518,0.8565264432076763
16e16d7f-3dd4-4c72-a615-a119f8f507ed,15a735f2-4e73-48aa-b782-d64509da84df,0.5809899464520181
16e16d7f-3dd4-4c72-a615-a119f8f507ed,15a7e384-a129-4919-9688-66992418e65e,0.7750489033251079
16e16d7f-3dd4-4c72-a615-a119f8f507ed,15a81bba-9b23-49f5-9f3c-82d31fad15ea,0.0134480662543846
16e16d7f-3dd4-4c72-a615-a119f8f507ed,15a826ca-6613-4fe1-b685-ce9ea59c8f92,0.6555841589534077
16e16d7f-3dd4-4c72-a615-a119f8f507ed,15a83168-c195-450a-b120-257cae945a04,0.8602350253815598
16e16d7f-3dd4-4c72-a615-a119f8f507ed,15a96631-a7e6-4f31-8fab-e287f25a2771,0.6611072593974028
16e16d7f-3dd4-4c72-a615-a119f8f507ed,15aaa692-5e8b-4a43-9b17-8175457f252e,0.6893545974450044
16e16d7f-3dd4-4c72-a615-a119f8f507ed,15aade2b-730e-4d31-a3d4-5bf3d63b39a7,0.5437796627048427
16e16d7f-3dd4-4c72-a615-a119f8f507ed,15ae2d87-a5d1-40c9-a893-aaaeba598c7b,0.7540458994068547
16e16d7f-3dd4-4c72-a615-a119f8f507ed,15aebf62-3184-4e0e-95a3-d0f73074cff6,0.7642060481805817
16e16d7f-3dd4-4c72-a615-a119f8f507ed,15af100e-551f-4f5a-aa06-281db742ab22,0.615873844974595
16e16d7f-3dd4-4c72-a615-a119f8f507ed,15af8f41-a4b1-4b44-9f59-3d724bc304fe,0.5440531288690893
16e16d7f-3dd4-4c72-a615-a119f8f507ed,15af95fb-1ddf-4f96-a78f-f0084404b32b,0.8047535091357177
16e16d7f-3dd4-4c72-a615-a119f8f507ed,15afd5b2-d6cb-49dd-b7af-2ea24020d92c,0.6123761291541409
16e16d7f-3dd4-4c72-a615-a119f8f507ed,15b1c924-af54-48bf-af9c-336ba94a03b8,0.7300528548312192
16e16d7f-3dd4-4c72-a615-a119f8f507ed,15b2f124-45ff-4b8f-8d3c-fdefe7fc3560,0.575946750696041
16e16d7f-3dd4-4c72-a615-a119f8f507ed,15b50777-1177-47d4-ab56-d0af04a4f091,0.6157409993717372
16e16d7f-3dd4-4c72-a615-a119f8f507ed,15b51a88-6865-416c-9050-526a9aa67644,0.7419891429708515
16e16d7f-3dd4-4c72-a615-a119f8f507ed,15b57b75-09f8-4067-b87e-ba46946c8ee9,0.7073951910848774
16e16d7f-3dd4-4c72-a615-a119f8f507ed,15b5fcf9-a76e-418e-8a36-00a05ae88c3d,0.8162989110663811
16e16d7f-3dd4-4c72-a615-a119f8f507ed,15b97d37-3a79-4f76-b9a9-2161083c36b1,0.7299555923679316
16e16d7f-3dd4-4c72-a615-a119f8f507ed,15ba086c-eff7-4c21-974a-4966d25b2a35,0.87856641602051
16e16d7f-3dd4-4c72-a615-a119f8f507ed,15bc7f9c-3760-4f92-8138-f28ce3d7afc2,0.830289851853641
16e16d7f-3dd4-4c72-a615-a119f8f507ed,15bd7cf2-1039-425e-839c-3fa43c0b8a9f,0.9508561362470428
16e16d7f-3dd4-4c72-a615-a119f8f507ed,15bdb9de-52d9-42c4-bb04-53669aab9612,0.8605564932471638
16e16d7f-3dd4-4c72-a615-a119f8f507ed,15be4812-ad40-4975-82ed-e9c07f6c838a,0.7647257573949389
16e16d7f-3dd4-4c72-a615-a119f8f507ed,15c034a7-b78f-482b-9815-c23dddc06d5d,0.8895881944424368
16e16d7f-3dd4-4c72-a615-a119f8f507ed,15c43926-5331-4478-b24e-bf67d4e6cde9,0.916148864608014
16e16d7f-3dd4-4c72-a615-a119f8f507ed,15c53f85-cd79-4c8c-8405-e02a76bc5a6c,0.5116019586514876
16e16d7f-3dd4-4c72-a615-a119f8f507ed,15c5a2f8-1862-41f9-b714-ef31072a5c72,0.3917358478101899
16e16d7f-3dd4-4c72-a615-a119f8f507ed,15c805cc-289b-4313-b0f5-d0edea7a0d4b,0.7047672460060079
16e16d7f-3dd4-4c72-a615-a119f8f507ed,15cc1c49-839f-490e-9bfa-b1c39db9e8dc,0.7372465488125933
16e16d7f-3dd4-4c72-a615-a119f8f507ed,15d273b6-b3cc-44dc-995a-642ce394e28e,0.6099849526373411
16e16d7f-3dd4-4c72-a615-a119f8f507ed,15d35377-b3f5-4a4f-a094-4853ae21b439,0.2898078659750624
16e16d7f-3dd4-4c72-a615-a119f8f507ed,15d7041f-8ca7-406b-a45b-d3a5c4602b0a,0.7098486802656507
16e16d7f-3dd4-4c72-a615-a119f8f507ed,15d76b4f-3b1e-4db4-ad17-fe05f77c0fea,0.7392807379904373
16e16d7f-3dd4-4c72-a615-a119f8f507ed,15d79ce8-0354-42ad-a819-3a954bb2fdf1,0.7961179751915851
16e16d7f-3dd4-4c72-a615-a119f8f507ed,15d83817-0365-4184-8b7c-94588cda4e72,0.9122264074888004
16e16d7f-3dd4-4c72-a615-a119f8f507ed,15d8e4f5-e9b8-4684-9799-329a346462df,0.8373108091274317
16e16d7f-3dd4-4c72-a615-a119f8f507ed,15dabcf2-aa11-4572-9f6d-e9e52ad01f19,0.8910948505859393
16e16d7f-3dd4-4c72-a615-a119f8f507ed,15db6c07-7270-492a-bfa9-822f8f777513,0.6015059826824956
16e16d7f-3dd4-4c72-a615-a119f8f507ed,15dbc2a4-303b-4f36-ad11-b3053380d029,0.8824941411187522
16e16d7f-3dd4-4c72-a615-a119f8f507ed,15e0ccd3-66b6-4479-8394-5be53aa8f825,0.6758111225047639
16e16d7f-3dd4-4c72-a615-a119f8f507ed,15e45801-4379-4364-b3b2-e5083a96b79a,0.8385341567010114
16e16d7f-3dd4-4c72-a615-a119f8f507ed,15e59517-4038-4da7-8b53-68d6987d1045,0.5703079900668925
16e16d7f-3dd4-4c72-a615-a119f8f507ed,15e7dbee-a3e2-4fe0-aba1-16cb8caf3d1f,0.8026142945685919
16e16d7f-3dd4-4c72-a615-a119f8f507ed,15e8251d-09ab-4b26-83c5-c525b3b36e57,0.5539149859785758
16e16d7f-3dd4-4c72-a615-a119f8f507ed,15e88cb8-6885-48a5-9b6e-5ad81841761f,0.7578998581100699
16e16d7f-3dd4-4c72-a615-a119f8f507ed,15e8b6fb-cb88-4263-aeec-6c6bec3f37b7,0.8289507286065367
16e16d7f-3dd4-4c72-a615-a119f8f507ed,15eab392-bd56-4272-a187-9c2471ca8716,0.8300581502451151
16e16d7f-3dd4-4c72-a615-a119f8f507ed,15ed12b0-246f-4208-9519-4ecb91cef618,0.6917047456190757
16e16d7f-3dd4-4c72-a615-a119f8f507ed,15ed32b6-d829-46a9-b851-89b5f631002c,0.9265785022359424
16e16d7f-3dd4-4c72-a615-a119f8f507ed,15eef939-054a-4358-92ed-c485364d01eb,0.8085588579993755
16e16d7f-3dd4-4c72-a615-a119f8f507ed,15ef73af-eb75-4eba-bb61-993bcad12632,0.392252524513528
16e16d7f-3dd4-4c72-a615-a119f8f507ed,15eff749-a1b4-414b-b8e4-9b2f1a307ef9,0.7924336653874638
16e16d7f-3dd4-4c72-a615-a119f8f507ed,15f0bf68-c540-4ef1-807e-bc03a1e20ccd,0.7476509771238238
16e16d7f-3dd4-4c72-a615-a119f8f507ed,15f2bbb6-bb9e-4b54-896a-6e4efcbeab21,0.5217727301870092
16e16d7f-3dd4-4c72-a615-a119f8f507ed,15f4fd61-2136-4718-88c3-8adfaeb80f91,0.6468298810338552
16e16d7f-3dd4-4c72-a615-a119f8f507ed,15f611ad-5ec3-4a66-809c-14790b11307a,0.653053143905999
16e16d7f-3dd4-4c72-a615-a119f8f507ed,15f7244b-ee33-4a15-8834-de89a9d10a0f,0.9095728224224008
16e16d7f-3dd4-4c72-a615-a119f8f507ed,15f78e3b-b76e-44e4-a152-e9d8d5fce324,0.8632842271423368
16e16d7f-3dd4-4c72-a615-a119f8f507ed,15f7b292-7c25-4ffa-8b9b-1ece8cbe5c92,0.7320521956733753
16e16d7f-3dd4-4c72-a615-a119f8f507ed,15f7c4e7-a671-4433-8ded-aa4073e0e532,0.6520838089311652
16e16d7f-3dd4-4c72-a615-a119f8f507ed,15f8d0ce-ed96-48b5-8cc9-779f996e92a5,0.8391256701522258
16e16d7f-3dd4-4c72-a615-a119f8f507ed,15f9322f-7d43-4e27-b97c-b9b485a05c09,0.8735514804120253
16e16d7f-3dd4-4c72-a615-a119f8f507ed,15fb1a34-218d-4c53-907d-bee53ec40d2e,0.5488124014739815
16e16d7f-3dd4-4c72-a615-a119f8f507ed,15fbd161-9fb7-4c66-b060-b13bcb4b3686,0.5782353241506568
16e16d7f-3dd4-4c72-a615-a119f8f507ed,15fd187b-c757-408c-a256-56fc7d61bc55,0.8256129860186329
16e16d7f-3dd4-4c72-a615-a119f8f507ed,15fdfb39-88a1-40d5-9888-553dfa3b480f,0.7886987801658218
16e16d7f-3dd4-4c72-a615-a119f8f507ed,1600d7be-3c8d-4f96-a5dc-053fe5834cc8,0.5718490618622714
16e16d7f-3dd4-4c72-a615-a119f8f507ed,1600e63b-eb07-4d77-9eaa-caaee2c8019a,0.6152216877398451
16e16d7f-3dd4-4c72-a615-a119f8f507ed,16019a86-3b98-43ab-9495-27c063bef8bc,0.7497212560853944
16e16d7f-3dd4-4c72-a615-a119f8f507ed,16019d95-815b-4771-9ef5-98745933680c,0.5780241255762812
16e16d7f-3dd4-4c72-a615-a119f8f507ed,16019e2e-1b75-4308-847a-109ea0b12afd,0.7712507196326007
16e16d7f-3dd4-4c72-a615-a119f8f507ed,16022952-7924-41ef-af17-f48400f9b51d,0.8506422264914463
16e16d7f-3dd4-4c72-a615-a119f8f507ed,160234e2-c286-42a2-a9c1-7812a4402346,0.8016612172908717
16e16d7f-3dd4-4c72-a615-a119f8f507ed,1603057d-c5c8-44f0-9dc6-4920479392c2,0.3977901843932138
16e16d7f-3dd4-4c72-a615-a119f8f507ed,16036df7-9b55-4115-a78c-b5ecfeb96620,0.7092446188923159
16e16d7f-3dd4-4c72-a615-a119f8f507ed,16078abe-8dc0-490e-b87c-c892471bd5b5,0.9023347171101984
16e16d7f-3dd4-4c72-a615-a119f8f507ed,1608124b-e9af-47f9-af6f-7435c3f843f1,0.7248223450177999
16e16d7f-3dd4-4c72-a615-a119f8f507ed,1609390d-5d28-4864-beb6-b5e9a7bc0919,0.7441593703617468
16e16d7f-3dd4-4c72-a615-a119f8f507ed,160a4b3a-573b-42bf-b7e0-f18bda90bfd0,0.6139180901462101
16e16d7f-3dd4-4c72-a615-a119f8f507ed,160c8a16-7052-4617-b3e1-3f4bd5c98651,0.9259105866845564
16e16d7f-3dd4-4c72-a615-a119f8f507ed,160dca32-53a4-43c1-b91d-aa3c0d244c9a,0.7553436969324482
16e16d7f-3dd4-4c72-a615-a119f8f507ed,160e0dc3-9597-4928-aef7-9b3d744190e4,0.6710205245681117
16e16d7f-3dd4-4c72-a615-a119f8f507ed,160f0089-56d0-40d0-aea2-3fb3d3a1df04,0.733925581765602
16e16d7f-3dd4-4c72-a615-a119f8f507ed,1610661f-b0fd-400c-9f0f-1b638a0c4958,0.8535999388970622
16e16d7f-3dd4-4c72-a615-a119f8f507ed,161122e1-8804-48af-8040-98c5e0ef1156,0.7926566536632661
16e16d7f-3dd4-4c72-a615-a119f8f507ed,16135232-1c08-40de-96c3-7fef627c0bcf,0.721883013177706
16e16d7f-3dd4-4c72-a615-a119f8f507ed,1613e6bc-82b6-470d-8b73-b3c905891e19,0.8319127416903597
16e16d7f-3dd4-4c72-a615-a119f8f507ed,16145c95-394d-4c11-8836-f8217b22315f,0.6101106589284426
16e16d7f-3dd4-4c72-a615-a119f8f507ed,1615bd29-eebc-44da-abb6-15cae09a3ff2,0.5440912248194942
16e16d7f-3dd4-4c72-a615-a119f8f507ed,1616898f-a604-416b-8ea4-a5a101a30632,0.7594801649411965
16e16d7f-3dd4-4c72-a615-a119f8f507ed,161689e2-cbdc-414e-a90b-d9076ba06c43,0.7222598975818175
16e16d7f-3dd4-4c72-a615-a119f8f507ed,16174d84-736f-42be-8f11-374573fb6abc,0.8182184075464616
16e16d7f-3dd4-4c72-a615-a119f8f507ed,161918cc-f9a5-4f66-873d-c1be529f48c4,0.3599639835445153
16e16d7f-3dd4-4c72-a615-a119f8f507ed,161927cb-fa7f-415e-9c06-adb7ce1e845d,0.8605396321218487
16e16d7f-3dd4-4c72-a615-a119f8f507ed,1619f888-c775-4b84-b71b-4c31b2c764a8,0.6398536665230364
16e16d7f-3dd4-4c72-a615-a119f8f507ed,161afdeb-6994-4aa8-8593-ed1632767c57,0.8600116278250837
16e16d7f-3dd4-4c72-a615-a119f8f507ed,161b7b26-7474-4d7f-81d9-47a7999d5920,0.5923195178438475
16e16d7f-3dd4-4c72-a615-a119f8f507ed,161c2f6b-206f-4df1-bea8-694f51b5caa5,0.7061919220669399
16e16d7f-3dd4-4c72-a615-a119f8f507ed,161c538b-208d-44e5-b72c-81c012b1258f,0.4861290384794737
16e16d7f-3dd4-4c72-a615-a119f8f507ed,161e80c4-cfc8-4340-b627-4dd1500572c6,0.6045108188646513
16e16d7f-3dd4-4c72-a615-a119f8f507ed,161ea7bc-9251-4d34-98b0-c07d5b972a1d,0.8035682709019963
16e16d7f-3dd4-4c72-a615-a119f8f507ed,161eac51-2736-4904-be5f-c06bb2ef6394,0.6812890663144384
16e16d7f-3dd4-4c72-a615-a119f8f507ed,161f72f1-326a-4992-b37c-f1eba6531948,0.6574426358197071
16e16d7f-3dd4-4c72-a615-a119f8f507ed,161fdf51-7804-4424-b7a7-1c13bd77aa80,0.8145742993660958
16e16d7f-3dd4-4c72-a615-a119f8f507ed,1621f139-9715-434d-a0f0-fc1d3bb2c14a,0.8606990416238857
16e16d7f-3dd4-4c72-a615-a119f8f507ed,1623b86c-fcd9-45c2-bef2-86b927ed759f,0.5058849253780876
16e16d7f-3dd4-4c72-a615-a119f8f507ed,16245319-dc87-4f0a-b16a-023f42ac5944,0.773447302118349
16e16d7f-3dd4-4c72-a615-a119f8f507ed,16250ab9-4647-4e32-ac95-587a47e26c77,0.9332503245336498
16e16d7f-3dd4-4c72-a615-a119f8f507ed,16252fba-7c5b-46ed-b07b-faa81374f816,0.7394915116089591
16e16d7f-3dd4-4c72-a615-a119f8f507ed,16268655-b912-4cd7-8209-3b61f3325150,0.7807521376730977
16e16d7f-3dd4-4c72-a615-a119f8f507ed,1626a668-46e8-43c6-a05a-0900e4c3a4e5,0.5039615985794967
16e16d7f-3dd4-4c72-a615-a119f8f507ed,1627014f-2654-495b-a554-f1061b766168,0.8278320543892529
16e16d7f-3dd4-4c72-a615-a119f8f507ed,162a5dcb-89ed-411f-81a7-b65eec71ce08,0.855776710212669
16e16d7f-3dd4-4c72-a615-a119f8f507ed,162c8781-7bd3-45e5-b19d-ccc4a992911c,0.6740509962268151
16e16d7f-3dd4-4c72-a615-a119f8f507ed,163184ad-ae3d-4207-9bee-773944bfd219,0.7342908445283113
16e16d7f-3dd4-4c72-a615-a119f8f507ed,1634121b-f120-4ff6-8e3b-52adf6175d34,0.6071687137808631
16e16d7f-3dd4-4c72-a615-a119f8f507ed,163432f1-2ce6-4472-8cc7-4a292c27fa5e,0.8712017395730289
16e16d7f-3dd4-4c72-a615-a119f8f507ed,163464a4-9909-490a-a651-88b12f759611,0.8245265178283653
16e16d7f-3dd4-4c72-a615-a119f8f507ed,163524db-a6ca-4772-9fb4-0d3995e251bc,0.6853578858986652
16e16d7f-3dd4-4c72-a615-a119f8f507ed,1635e1cd-717e-4739-95ec-50874b8bce11,0.9630081942100682
16e16d7f-3dd4-4c72-a615-a119f8f507ed,1636726f-a633-4c39-b3e4-09833feac341,0.6080414585703452
16e16d7f-3dd4-4c72-a615-a119f8f507ed,16370083-d1fa-46a5-b4a9-2a2cf3269580,0.8876310883428696
16e16d7f-3dd4-4c72-a615-a119f8f507ed,16370e78-5d81-4bb8-b45c-0cde24b2b714,0.766758488844965
16e16d7f-3dd4-4c72-a615-a119f8f507ed,163730b7-2aae-4d06-b3a0-76071d740b3c,0.7947304900244606
16e16d7f-3dd4-4c72-a615-a119f8f507ed,16376227-2cd1-4535-b2f8-9a46afe89718,0.4547769037794906
16e16d7f-3dd4-4c72-a615-a119f8f507ed,163ad974-a6af-4077-8917-2c58af391146,0.2038582964056034
16e16d7f-3dd4-4c72-a615-a119f8f507ed,163b3f1a-6488-43fa-80af-59552da6c685,0.559306304590398
16e16d7f-3dd4-4c72-a615-a119f8f507ed,163ba198-525c-43bd-8291-f0e0c5d3fd52,0.5356720624517058
16e16d7f-3dd4-4c72-a615-a119f8f507ed,163c43d1-7c9e-403b-9e62-b91fc7f6d2e2,0.3992460075173072
16e16d7f-3dd4-4c72-a615-a119f8f507ed,163caf3d-9c56-42a9-ac71-8415557409d5,0.7958044221062925
16e16d7f-3dd4-4c72-a615-a119f8f507ed,163d1c3d-ce0a-459d-a7e6-7b976720ad49,0.8374349942631859
16e16d7f-3dd4-4c72-a615-a119f8f507ed,163e2777-3964-492e-bce5-5d8f787b9754,0.8557038654419691
16e16d7f-3dd4-4c72-a615-a119f8f507ed,163f9e3d-12d5-43f4-99e7-a82ee329d0ec,0.9164391924141336
16e16d7f-3dd4-4c72-a615-a119f8f507ed,16402029-4b51-4ebf-be84-108ddde00bef,0.7150257309738524
16e16d7f-3dd4-4c72-a615-a119f8f507ed,16411636-5798-4445-8899-5e8f72e4122c,0.6359118677079973
16e16d7f-3dd4-4c72-a615-a119f8f507ed,1642fb17-cc16-4727-bdee-4ed66932552e,0.5116022251944594
16e16d7f-3dd4-4c72-a615-a119f8f507ed,164644d2-2c45-4408-8434-14625ee99332,0.7815412954512296
16e16d7f-3dd4-4c72-a615-a119f8f507ed,1648bf6b-65a8-433b-9501-2458c0fbd2ad,0.3352589723996502
16e16d7f-3dd4-4c72-a615-a119f8f507ed,164943eb-78a7-407a-a003-d6f7feb1dc24,0.6027560492070131
16e16d7f-3dd4-4c72-a615-a119f8f507ed,1649ab19-4336-4ae2-ba8d-a05f754abace,0.66467519207416
16e16d7f-3dd4-4c72-a615-a119f8f507ed,164b5710-466b-4efd-be94-47374d006c07,0.7972042392395889
16e16d7f-3dd4-4c72-a615-a119f8f507ed,164b82ae-d43d-41f6-9544-6b527e4edc1a,0.8150114657912191
16e16d7f-3dd4-4c72-a615-a119f8f507ed,164bbec0-7cea-491a-afec-190fa1732d66,0.7271832660599481
16e16d7f-3dd4-4c72-a615-a119f8f507ed,164c2558-f519-49f4-a164-a609df195bff,0.2848101945706832
16e16d7f-3dd4-4c72-a615-a119f8f507ed,164ce14b-238e-424a-a43c-4dbb03410817,0.5973805873800064
16e16d7f-3dd4-4c72-a615-a119f8f507ed,16506f2f-3cd2-454a-9bb0-21e7573b19da,0.4371712445347884
16e16d7f-3dd4-4c72-a615-a119f8f507ed,165373d0-ee09-4397-9e6c-bbc8590b68b2,0.811198824039671
16e16d7f-3dd4-4c72-a615-a119f8f507ed,165426e0-e5b1-4dfc-bd73-991c40ca8336,0.7795788175126341
16e16d7f-3dd4-4c72-a615-a119f8f507ed,165440a2-9376-4ae8-aa73-990163cdd5d7,0.9316577294186054
16e16d7f-3dd4-4c72-a615-a119f8f507ed,16554e24-ea94-49d0-9057-b26b31d1d1e4,0.883584800321851
16e16d7f-3dd4-4c72-a615-a119f8f507ed,1658054f-2ba3-47ce-adb0-3c6fb8c80829,0.6878353681474835
16e16d7f-3dd4-4c72-a615-a119f8f507ed,165870a9-15cf-432e-8488-d5e5798aa6cc,0.7128018668535138
16e16d7f-3dd4-4c72-a615-a119f8f507ed,16596212-5224-4a5c-930f-b16d35f71fa8,0.8074454536104867
16e16d7f-3dd4-4c72-a615-a119f8f507ed,1659a511-9fff-4784-8b63-364f2c46eaf9,0.6775847441153824
16e16d7f-3dd4-4c72-a615-a119f8f507ed,165e9327-19c6-46d5-bffd-5a35a41b920d,0.6820691680561646
16e16d7f-3dd4-4c72-a615-a119f8f507ed,165f0d7b-1368-48b0-8bb3-2cd6ffc82f4a,0.9107678194651788
16e16d7f-3dd4-4c72-a615-a119f8f507ed,165fe20c-4ac1-4d58-b0b2-e303b8d61249,0.6517110941143752
16e16d7f-3dd4-4c72-a615-a119f8f507ed,1661b112-bb18-4775-875f-584abdd01d1f,0.3247341047169088
16e16d7f-3dd4-4c72-a615-a119f8f507ed,166270ba-5fac-4606-bc50-a35d0bce5671,0.5627036537569787
16e16d7f-3dd4-4c72-a615-a119f8f507ed,166454c8-03ce-4ef9-a833-0951fdfe0e5c,0.3718788736521902
16e16d7f-3dd4-4c72-a615-a119f8f507ed,166665b0-11f6-43b4-bc38-0365e7c9b35d,0.6546460634916025
16e16d7f-3dd4-4c72-a615-a119f8f507ed,16684607-c184-4474-93ea-0bf8515db4e9,0.7909147826520697
16e16d7f-3dd4-4c72-a615-a119f8f507ed,1668fa49-0247-4119-8081-49d5667bfc42,0.6793828533175172
16e16d7f-3dd4-4c72-a615-a119f8f507ed,1669b3a8-3ea6-4eb6-b11f-20915590f176,0.5802345857544308
16e16d7f-3dd4-4c72-a615-a119f8f507ed,166aeff0-e96a-460f-b00f-ce3c74586a2e,0.7608380706036845
16e16d7f-3dd4-4c72-a615-a119f8f507ed,166af057-2a1f-4e26-b567-4ae785604be2,0.7838090954933081
16e16d7f-3dd4-4c72-a615-a119f8f507ed,166c257a-5cb7-454f-9f16-5a205b283a0d,0.5245241843691321
16e16d7f-3dd4-4c72-a615-a119f8f507ed,166c2af8-77c5-4ae2-ac81-50cbad777246,0.7057172325815938
16e16d7f-3dd4-4c72-a615-a119f8f507ed,166ef0df-1c26-4ec7-9fed-8ccb5a5b6945,0.7576837326063629
16e16d7f-3dd4-4c72-a615-a119f8f507ed,166f0dc0-c485-4452-b4e3-2a5225eb18e8,0.6560912437089539
16e16d7f-3dd4-4c72-a615-a119f8f507ed,16706466-4218-46ce-b720-aefdb5dba600,0.7424389546483043
16e16d7f-3dd4-4c72-a615-a119f8f507ed,16719eaf-0d3e-43f3-80d0-3251cfd02ec2,0.8067185754889216
16e16d7f-3dd4-4c72-a615-a119f8f507ed,16723255-3cba-451a-a0fb-ba7f3a14a6b0,0.7752066668671214
16e16d7f-3dd4-4c72-a615-a119f8f507ed,167252cf-32d3-4b82-b242-27746ca07df3,0.8879315229280655
16e16d7f-3dd4-4c72-a615-a119f8f507ed,1672857b-9ac5-4f05-ba1d-14287fc9b2c3,0.6709368131129264
16e16d7f-3dd4-4c72-a615-a119f8f507ed,1672b461-c84c-441b-a5d6-9c0ec4ee3f76,0.8203323763571536
16e16d7f-3dd4-4c72-a615-a119f8f507ed,167367ab-edcf-4ffc-a9d2-e528af222060,0.7558166579147475
16e16d7f-3dd4-4c72-a615-a119f8f507ed,1673be0d-4084-488b-8ef0-23ca95bc4e2b,0.8394145854696577
16e16d7f-3dd4-4c72-a615-a119f8f507ed,16747e6e-44af-4cda-af74-5f1e1182fbd5,0.5350179227187927
16e16d7f-3dd4-4c72-a615-a119f8f507ed,1676481a-3458-414f-9e88-21619983da9c,0.7816469372160821
16e16d7f-3dd4-4c72-a615-a119f8f507ed,16765ce0-942e-4267-ad81-2788c5687b3e,0.8213713181804334
16e16d7f-3dd4-4c72-a615-a119f8f507ed,1676b05b-3405-40a9-b52e-62e6f085321b,0.7329842363616691
16e16d7f-3dd4-4c72-a615-a119f8f507ed,167751e2-6b68-4180-9b04-24b54595338d,0.7502476258940587
16e16d7f-3dd4-4c72-a615-a119f8f507ed,1678a916-000a-48be-ad1d-468bd0b92872,0.6023987156494757
16e16d7f-3dd4-4c72-a615-a119f8f507ed,167b954a-9637-4ed6-b5be-d5a23ba6589a,0.6174029927592684
16e16d7f-3dd4-4c72-a615-a119f8f507ed,167e1ad4-bced-42ba-bfe5-96d5a9c87619,0.6233574381079114
16e16d7f-3dd4-4c72-a615-a119f8f507ed,167e84aa-6f11-406d-9291-3c1b4f12f75d,0.578211019259512
16e16d7f-3dd4-4c72-a615-a119f8f507ed,1681d2fd-8ba0-4a06-a121-8ff550d8f72c,0.7377447477729652
16e16d7f-3dd4-4c72-a615-a119f8f507ed,1682d1c3-e936-4f49-8cb7-074a8fe9342d,0.7747301104645921
16e16d7f-3dd4-4c72-a615-a119f8f507ed,16845343-a531-464c-9b58-49eaeae44556,0.4851059938984612
16e16d7f-3dd4-4c72-a615-a119f8f507ed,1684e9e8-1358-4dfb-814e-38c7d985e244,0.7950952731312746
16e16d7f-3dd4-4c72-a615-a119f8f507ed,16862460-85e1-4718-93ff-e695c46a3bc2,0.7584577244231008
16e16d7f-3dd4-4c72-a615-a119f8f507ed,16863177-14f3-4fd6-a675-e26b9608dff3,0.5020540717656489
16e16d7f-3dd4-4c72-a615-a119f8f507ed,168642bd-43ce-45a5-b43f-fcac579ba6a8,0.7337457314234722
16e16d7f-3dd4-4c72-a615-a119f8f507ed,16868e8a-1f46-43c8-a2b4-4131e1167c83,0.6072107263557335
16e16d7f-3dd4-4c72-a615-a119f8f507ed,1686da35-4326-457d-ac33-daa81df9d78f,0.6780456331134713
16e16d7f-3dd4-4c72-a615-a119f8f507ed,16871836-fb6d-48a9-87da-5caa2482f8f2,0.8982919298738695
16e16d7f-3dd4-4c72-a615-a119f8f507ed,16872c0b-aff5-470b-abd2-9b63b7b96e2e,0.568820418465508
16e16d7f-3dd4-4c72-a615-a119f8f507ed,16889f9f-bd83-4348-809a-618fe5534d6e,0.6955495377179737
16e16d7f-3dd4-4c72-a615-a119f8f507ed,168abdc2-6212-421b-b506-535fdc6c2bb2,0.6888452091963502
16e16d7f-3dd4-4c72-a615-a119f8f507ed,168de885-f9d0-4331-ba96-aede1c06b61d,0.4882374163610646
16e16d7f-3dd4-4c72-a615-a119f8f507ed,168eeb8a-344d-4a64-ba62-cd2b136eb73b,0.5413414700334283
16e16d7f-3dd4-4c72-a615-a119f8f507ed,168efe17-9134-4df4-b65f-64cad4169564,0.6005838281734253
16e16d7f-3dd4-4c72-a615-a119f8f507ed,168f72cf-65a2-4fbd-8943-65c57274b032,0.7360019651344765
16e16d7f-3dd4-4c72-a615-a119f8f507ed,1690435c-935f-4a05-afd2-2cd7d35d2591,0.5886233671260267
16e16d7f-3dd4-4c72-a615-a119f8f507ed,169061ee-a51e-4f38-98d3-51facd487cf9,0.8394391246489655
16e16d7f-3dd4-4c72-a615-a119f8f507ed,1691066c-b130-4165-b7b9-42c02a52d2d3,0.8885716159984463
16e16d7f-3dd4-4c72-a615-a119f8f507ed,1691a785-82a3-4c1b-ab10-f1cac474401b,0.6265729721619214
16e16d7f-3dd4-4c72-a615-a119f8f507ed,1691c165-1f01-4fb7-8471-928623923a88,0.8224908304501826
16e16d7f-3dd4-4c72-a615-a119f8f507ed,16924dc8-137d-4366-aa07-9f958bee1e74,0.7675373808797845
16e16d7f-3dd4-4c72-a615-a119f8f507ed,1692fdff-674f-434d-aace-fee588413eb0,0.785258730627499
16e16d7f-3dd4-4c72-a615-a119f8f507ed,16931f22-f05b-490f-aa30-b54d9f66ec3a,0.8993209501054183
16e16d7f-3dd4-4c72-a615-a119f8f507ed,169376dc-d923-43a0-876f-7678c1431a05,0.4424820575979718
16e16d7f-3dd4-4c72-a615-a119f8f507ed,1694206e-77c0-4e70-861b-4026fbfef535,0.5348947521326288
16e16d7f-3dd4-4c72-a615-a119f8f507ed,169589e6-7464-4565-868e-6a9208a1ce2c,0.8449742631400523
16e16d7f-3dd4-4c72-a615-a119f8f507ed,16961314-3f1f-4150-8978-cb8bf1c38e11,0.9422047357043744
16e16d7f-3dd4-4c72-a615-a119f8f507ed,169ab1af-78b3-4aab-9066-7f1859eb38ef,0.7020234433211873
16e16d7f-3dd4-4c72-a615-a119f8f507ed,169abf7f-e7da-49aa-8080-a217e88826cb,0.9103937954111972
16e16d7f-3dd4-4c72-a615-a119f8f507ed,169b6765-de34-4a15-ab4a-e5ed94606045,0.4016606530338104
16e16d7f-3dd4-4c72-a615-a119f8f507ed,169de417-43e0-462c-9b98-5f998fa80c52,0.8538821289896119
16e16d7f-3dd4-4c72-a615-a119f8f507ed,169f4cda-9e5f-4150-b091-f16293f0407f,0.7444283735824029
16e16d7f-3dd4-4c72-a615-a119f8f507ed,169f6b97-7c13-4d03-952c-fc6bd1882dfc,0.5523016670629942
16e16d7f-3dd4-4c72-a615-a119f8f507ed,16a07d60-fd51-41f9-b359-a860fb6b5709,0.4062692616967019
16e16d7f-3dd4-4c72-a615-a119f8f507ed,16a126c3-5b1f-4401-83f3-36c0add88f3f,0.6768263341924017
16e16d7f-3dd4-4c72-a615-a119f8f507ed,16a13ce7-c786-415f-a895-52dfe9df160f,0.6471631584930401
16e16d7f-3dd4-4c72-a615-a119f8f507ed,16a30268-41f7-47f6-915a-9405aa87e7bb,0.8448162442320588
16e16d7f-3dd4-4c72-a615-a119f8f507ed,16a354b7-d097-425c-b260-67213286fccc,0.7316648468494126
16e16d7f-3dd4-4c72-a615-a119f8f507ed,16a4333c-5f3c-44d4-83bf-de28ff72d8a3,0.5014005377121882
16e16d7f-3dd4-4c72-a615-a119f8f507ed,16a47192-5976-43cd-a4c7-bd5a7cddefcb,0.8124708848474347
16e16d7f-3dd4-4c72-a615-a119f8f507ed,16a5439f-9fff-41aa-babb-4a00887e788d,0.87320499564666
16e16d7f-3dd4-4c72-a615-a119f8f507ed,16a5bf8e-96bb-4eca-8e13-1f80492f82ba,0.5071171644361028
16e16d7f-3dd4-4c72-a615-a119f8f507ed,16a6d048-df97-47c6-8b8d-7e64d18525cd,0.2930197065255701
16e16d7f-3dd4-4c72-a615-a119f8f507ed,16a86a4d-f3f5-45e7-9e7d-cc64af7d2287,0.6508600685622473
16e16d7f-3dd4-4c72-a615-a119f8f507ed,16a94daa-af5f-42ac-a05f-b645886eb8c0,0.7419097039832169
16e16d7f-3dd4-4c72-a615-a119f8f507ed,16ac933c-20dc-4eb7-8b92-c182a96db6d8,0.7261068748916876
16e16d7f-3dd4-4c72-a615-a119f8f507ed,16ad4c66-d776-43fa-8f25-f13292808b2f,0.5949275658368557
16e16d7f-3dd4-4c72-a615-a119f8f507ed,16ae1dc7-fc81-4471-9e36-47e0df216bdc,0.9177980822721568
16e16d7f-3dd4-4c72-a615-a119f8f507ed,16ae2606-2194-4599-8fcb-c70451342301,0.8123871428333853
16e16d7f-3dd4-4c72-a615-a119f8f507ed,16ae35a3-551c-41b1-b871-649c715a9a1c,0.4903003526096695
16e16d7f-3dd4-4c72-a615-a119f8f507ed,16aeaad5-3a82-4f24-94af-a5b9b29b47a0,0.7600185595587224
16e16d7f-3dd4-4c72-a615-a119f8f507ed,16aedc09-a3c2-4c12-bc49-d9eb964f3d35,0.4959082742327045
16e16d7f-3dd4-4c72-a615-a119f8f507ed,16b02c12-78c2-44e2-8034-176ebd79b4c9,0.6087645907016915
16e16d7f-3dd4-4c72-a615-a119f8f507ed,16b0658d-2306-4115-a202-11db660ceb84,0.769060346886946
16e16d7f-3dd4-4c72-a615-a119f8f507ed,16b10476-2c40-4fd5-9e15-ec616da2f37e,0.7307297878928645
16e16d7f-3dd4-4c72-a615-a119f8f507ed,16b13183-ad73-4464-a915-692c9b685c02,0.8451934640509774
16e16d7f-3dd4-4c72-a615-a119f8f507ed,16b139e3-e0d9-4366-a37e-2c7b06365abb,0.8673937437323113
16e16d7f-3dd4-4c72-a615-a119f8f507ed,16b4d20e-81c7-41a3-851e-f85c703c069a,0.7929671404301943
16e16d7f-3dd4-4c72-a615-a119f8f507ed,16b69d6d-d1c6-4297-b51f-a60ff526b788,0.2163014548501263
16e16d7f-3dd4-4c72-a615-a119f8f507ed,16b80722-cdec-4546-8fc5-c9b8abcde918,0.7442064590266237
16e16d7f-3dd4-4c72-a615-a119f8f507ed,16b8a69d-4049-419e-aec7-d5fc1b5812b6,0.5687070911907569
16e16d7f-3dd4-4c72-a615-a119f8f507ed,16b8fdc9-c30e-4eb1-91c6-18e96610d4d6,0.8161906771696762
16e16d7f-3dd4-4c72-a615-a119f8f507ed,16b94b63-51b8-4375-b01b-a749236e405a,0.6915284650655178
16e16d7f-3dd4-4c72-a615-a119f8f507ed,16bbd225-7ac8-43e0-af9b-d2facf06c65f,0.7979555160700242
16e16d7f-3dd4-4c72-a615-a119f8f507ed,16be4750-8d4b-4e0f-8bcd-1f23ead12fc9,0.8749075890290122
16e16d7f-3dd4-4c72-a615-a119f8f507ed,16bf598f-0a1d-4f60-b288-7ddb70ad051c,0.5150383371527781
16e16d7f-3dd4-4c72-a615-a119f8f507ed,16c1244c-df05-49ef-a05a-62ff2b720f18,0.6598294992446476
16e16d7f-3dd4-4c72-a615-a119f8f507ed,16c14e7c-193a-4700-b377-d19e0b87fa9d,0.4311171079065714
16e16d7f-3dd4-4c72-a615-a119f8f507ed,16c16eda-eeed-4319-bdc4-73d025b2ecc2,0.8830812377380455
16e16d7f-3dd4-4c72-a615-a119f8f507ed,16c22f4b-5f09-4396-8ffa-e5016b0cc3e3,0.7993373378391114
16e16d7f-3dd4-4c72-a615-a119f8f507ed,16c29b39-ef2d-40c6-ad6a-768fe0e0e55d,0.8514399464407976
16e16d7f-3dd4-4c72-a615-a119f8f507ed,16c4a1db-2ddb-422f-a304-8d4d2beb2a5a,0.3576128173714885
16e16d7f-3dd4-4c72-a615-a119f8f507ed,16c7b30f-4dd3-4708-a2bd-e793f653ae94,0.7721019523826623
16e16d7f-3dd4-4c72-a615-a119f8f507ed,16c82753-806f-4dc0-860f-a13c8fe5d2f5,0.7383157631853599
16e16d7f-3dd4-4c72-a615-a119f8f507ed,16c896bd-1a2c-4a57-bd58-6cb2df1de2da,0.5081579748775713
16e16d7f-3dd4-4c72-a615-a119f8f507ed,16c8d9fa-e040-4482-ba3d-1b12d804cd66,0.8948426240605831
16e16d7f-3dd4-4c72-a615-a119f8f507ed,16c93ad7-8855-4a1a-b418-297d0e298622,0.636964621738245
16e16d7f-3dd4-4c72-a615-a119f8f507ed,16cb4681-a1b4-4b31-a34d-79a3a30c60cf,0.7181208778267691
16e16d7f-3dd4-4c72-a615-a119f8f507ed,16cbda22-0e89-4bed-849a-597f597aecc3,0.6829041590578532
16e16d7f-3dd4-4c72-a615-a119f8f507ed,16cc6777-c4f8-40b0-9038-789266070c6d,0.7093464616289666
16e16d7f-3dd4-4c72-a615-a119f8f507ed,16cdb71a-5bed-4261-8bfa-da4f4ee3abcc,0.742916344805553
16e16d7f-3dd4-4c72-a615-a119f8f507ed,16cff90a-5002-42fb-ab15-d9acd7c98039,0.541247617128609
16e16d7f-3dd4-4c72-a615-a119f8f507ed,16d03e39-29b3-4464-9ce3-5fa3d1ddc183,0.6590098846984669
16e16d7f-3dd4-4c72-a615-a119f8f507ed,16d046b4-1a2e-4c54-83f1-6c78de6b2088,0.6778267799317759
16e16d7f-3dd4-4c72-a615-a119f8f507ed,16d4a47c-68a4-4dd7-8d1a-f9a82d1a23bf,0.7899108329322069
16e16d7f-3dd4-4c72-a615-a119f8f507ed,16d575a8-298a-4ee6-8a40-2001a3dd9c12,0.7538010243333478
16e16d7f-3dd4-4c72-a615-a119f8f507ed,16d59396-17b7-45cc-a3bf-791950b68f56,0.6353920312348623
16e16d7f-3dd4-4c72-a615-a119f8f507ed,16d67e80-5bd1-455f-aa1c-58d0f65e5593,0.8259351160027588
16e16d7f-3dd4-4c72-a615-a119f8f507ed,16d7241c-f59c-49c6-a25a-3b876afa6e26,0.5738014013002413
16e16d7f-3dd4-4c72-a615-a119f8f507ed,16d9fc93-fa5a-487f-93f3-5f02a1533c04,0.8869584872516163
16e16d7f-3dd4-4c72-a615-a119f8f507ed,16dc4eb9-9275-4470-8898-10081ea55498,0.5251688008724092
16e16d7f-3dd4-4c72-a615-a119f8f507ed,16dca853-9297-473c-8778-b96a2f316e71,0.7566066336789963
16e16d7f-3dd4-4c72-a615-a119f8f507ed,16ddd564-584b-4b34-a3da-dbe04dd0dae5,0.7746903014521846
16e16d7f-3dd4-4c72-a615-a119f8f507ed,16e5488d-243e-4ac1-ad55-c3c47b706351,0.8604619042904406
16e16d7f-3dd4-4c72-a615-a119f8f507ed,16e70e22-ad3c-4cd6-9a19-2d003d2cd600,0.729114365876344
16e16d7f-3dd4-4c72-a615-a119f8f507ed,16e79ab7-ab1a-4c44-b276-965ddc709122,0.5557339188595759
16e16d7f-3dd4-4c72-a615-a119f8f507ed,16edaad9-a28c-448b-8bf6-7f241cb3197a,0.388938709722801
16e16d7f-3dd4-4c72-a615-a119f8f507ed,16f40e23-02bf-4cc8-92e2-94ee25dfe7aa,0.8205449257326787
16e16d7f-3dd4-4c72-a615-a119f8f507ed,16f45d73-7c13-4dc0-bb74-643849745719,0.5756869677130997
16e16d7f-3dd4-4c72-a615-a119f8f507ed,16f535b6-e8f3-44c0-8260-92c897f02ced,0.7549429403392328
16e16d7f-3dd4-4c72-a615-a119f8f507ed,16f67358-1856-4805-980f-85f8fc42e93a,0.7197699653365784
16e16d7f-3dd4-4c72-a615-a119f8f507ed,17d98a8e-67fc-4af6-83e1-636c8ea5d3a6,0.2203184744554188
16e16d7f-3dd4-4c72-a615-a119f8f507ed,17dacfb9-28be-4d88-81e4-6a6e0bd8c1a9,0.3014667577341896
16e16d7f-3dd4-4c72-a615-a119f8f507ed,17dae1da-4c9f-4294-b9ae-b29ec93adb52,0.8510228231349388
16e16d7f-3dd4-4c72-a615-a119f8f507ed,17db99a2-11d0-4b8a-8b62-9f85ec8ec92b,0.5704592243695834
16e16d7f-3dd4-4c72-a615-a119f8f507ed,17dcb961-3406-4696-8e97-b9ab7d39ae72,0.8690126804780539
16e16d7f-3dd4-4c72-a615-a119f8f507ed,17df03b1-747b-4d0c-a066-5294432b3a06,0.5777778569324691
16e16d7f-3dd4-4c72-a615-a119f8f507ed,17df2985-cf02-4b59-92d4-416a71bf472c,0.6175217368276337
16e16d7f-3dd4-4c72-a615-a119f8f507ed,17e0ba00-247a-4262-abce-f87f52d62000,0.723765946252307
16e16d7f-3dd4-4c72-a615-a119f8f507ed,17e12f9b-ac99-4ea9-a290-076a1c20c8c3,0.5141848763907789
16e16d7f-3dd4-4c72-a615-a119f8f507ed,17e36480-11e4-45ef-8e3c-89d2d6452bff,0.5379106808002976
16e16d7f-3dd4-4c72-a615-a119f8f507ed,17e36fe4-d769-4348-8811-ea96e462c5b9,0.6720053038017821
16e16d7f-3dd4-4c72-a615-a119f8f507ed,17e4b644-e376-468f-8bdb-c8d242dc1b58,0.5384977003546495
16e16d7f-3dd4-4c72-a615-a119f8f507ed,17e75f0b-5f6e-4425-af0d-08341a42a398,0.8312579631374117
16e16d7f-3dd4-4c72-a615-a119f8f507ed,17e7aa00-f7b0-4e44-8928-7b918c5b8fca,0.909209220649346
16e16d7f-3dd4-4c72-a615-a119f8f507ed,17e7ca6a-d0bf-4a38-8fb8-ce36af201919,0.7457245884647445
16e16d7f-3dd4-4c72-a615-a119f8f507ed,17e7cfed-67bb-4fc7-b848-096d7f44273b,0.5530993419413038
16e16d7f-3dd4-4c72-a615-a119f8f507ed,17e8bc89-2355-4e8d-9f74-8145d2362927,0.697369602944857
16e16d7f-3dd4-4c72-a615-a119f8f507ed,17e9011e-121d-42b2-9259-fa63e45a8cc4,0.7892470190943751
16e16d7f-3dd4-4c72-a615-a119f8f507ed,17e95ca0-7669-41c9-b951-30d65f848c5b,0.8052664702383784
16e16d7f-3dd4-4c72-a615-a119f8f507ed,17e960fb-940e-4bdd-8483-6ae653effe21,0.9363742878249918
16e16d7f-3dd4-4c72-a615-a119f8f507ed,17e983ef-61a2-45b1-9b51-a7db218bb2c1,0.5334600711791733
16e16d7f-3dd4-4c72-a615-a119f8f507ed,17e986af-235a-4128-b4cc-7fbfa4e56027,0.6422745827810814
16e16d7f-3dd4-4c72-a615-a119f8f507ed,17ea54ae-e2f7-42f7-8238-f56bd667df03,0.4842449812862338
16e16d7f-3dd4-4c72-a615-a119f8f507ed,17ea7c67-6b8e-40d8-8c28-76639f0cd21c,0.6607239546594947
16e16d7f-3dd4-4c72-a615-a119f8f507ed,17ea9a78-2b04-4e53-ad70-0d4c83df9009,0.7046534246856134
16e16d7f-3dd4-4c72-a615-a119f8f507ed,17eb7169-48b4-4c49-b087-5ed208586163,0.8273776907869499
16e16d7f-3dd4-4c72-a615-a119f8f507ed,17ecf8ad-d34a-4595-944d-254d7218c11a,0.6759028952887706
16e16d7f-3dd4-4c72-a615-a119f8f507ed,17ee2571-aeb8-496c-b27d-79849cc323c3,0.8025153538412101
16e16d7f-3dd4-4c72-a615-a119f8f507ed,17ee8e49-6008-4dc7-96e6-d62b8ad9c1f7,0.475529711578152
16e16d7f-3dd4-4c72-a615-a119f8f507ed,17f01b5a-f8e9-4246-97a7-626c6af00b59,0.2800989808158385
16e16d7f-3dd4-4c72-a615-a119f8f507ed,17f07fe8-6bca-40aa-abf9-2b501ff00878,0.7216504855567589
16e16d7f-3dd4-4c72-a615-a119f8f507ed,17f10f61-9c55-4f9a-9f21-f6a7af59cd2b,0.8568573381721319
16e16d7f-3dd4-4c72-a615-a119f8f507ed,17f4234a-a1fc-4e39-9b20-58f9d5dcd05e,0.7533708660702715
16e16d7f-3dd4-4c72-a615-a119f8f507ed,17f64053-3e5f-42ec-b0e9-058c91828aed,0.6506643700979455
16e16d7f-3dd4-4c72-a615-a119f8f507ed,17f6b4b3-0a96-405a-9575-1f353f0a655a,0.5006785602120696
16e16d7f-3dd4-4c72-a615-a119f8f507ed,17f70cc8-3c33-435e-bb83-59381eeb4672,0.6545420083753322
16e16d7f-3dd4-4c72-a615-a119f8f507ed,17f71d4e-4709-4550-b159-ae31f23157b1,0.712859157733329
16e16d7f-3dd4-4c72-a615-a119f8f507ed,17f76766-705f-4f85-b2cf-31c952c06f7d,0.0912336882374128
16e16d7f-3dd4-4c72-a615-a119f8f507ed,17f8e93f-81e6-4188-aca9-63321eb10e95,0.5015814964581539
16e16d7f-3dd4-4c72-a615-a119f8f507ed,17fc9496-8110-448a-a7b3-396e122ea845,0.6744311210109053
16e16d7f-3dd4-4c72-a615-a119f8f507ed,17fd8797-7e18-4549-9bb6-ec42248df3ff,0.8630134520533761
16e16d7f-3dd4-4c72-a615-a119f8f507ed,17fe1006-ad89-4968-9a92-9fed90d00c94,0.8916102802305119
16e16d7f-3dd4-4c72-a615-a119f8f507ed,1801a95a-ec0c-4161-baa1-cc86ff1b4694,0.6071152279811833
16e16d7f-3dd4-4c72-a615-a119f8f507ed,1802166c-db64-4ef5-8601-ffd7aa70f4eb,0.7068430932415954
16e16d7f-3dd4-4c72-a615-a119f8f507ed,18026140-25b5-407a-9da3-04f6d9a753c3,0.8516550337665969
16e16d7f-3dd4-4c72-a615-a119f8f507ed,1804be04-08e5-428d-9949-0f86ccfc9045,0.8213433139090829
16e16d7f-3dd4-4c72-a615-a119f8f507ed,1805e2f5-382b-48ea-b746-3eb38c14cd9a,0.9637797204880972
16e16d7f-3dd4-4c72-a615-a119f8f507ed,180744a7-0226-4a8c-bab9-edc199c3ae58,0.72920031128721
16e16d7f-3dd4-4c72-a615-a119f8f507ed,18079a33-688f-4a74-bfa1-2c69b465e359,0.5306280858287207
16e16d7f-3dd4-4c72-a615-a119f8f507ed,18092e5c-d5c6-4f4f-b508-a4c141135c6c,0.7737045151360058
16e16d7f-3dd4-4c72-a615-a119f8f507ed,18094388-9d43-4959-8fe5-ab70e7d3ea04,0.6603536912318957
16e16d7f-3dd4-4c72-a615-a119f8f507ed,1809f98e-6ecb-460b-a456-3e8ef3ade9ab,0.7916779100786789
16e16d7f-3dd4-4c72-a615-a119f8f507ed,180b96f7-2dd8-4bf5-bc13-8396733a1b55,0.6762406597111412
16e16d7f-3dd4-4c72-a615-a119f8f507ed,180bdd9b-f08d-4d89-bca5-6bfc683b18fc,0.6691519676570673
16e16d7f-3dd4-4c72-a615-a119f8f507ed,180d6fd8-ad11-4cab-984b-3ce96fa11732,0.7623433249533371
16e16d7f-3dd4-4c72-a615-a119f8f507ed,180ea4cf-5e6b-45a8-9ed2-92476224918e,0.6511125726305732
16e16d7f-3dd4-4c72-a615-a119f8f507ed,180f0724-b68e-46be-a34a-141519b8a87b,0.8354363119827768
16e16d7f-3dd4-4c72-a615-a119f8f507ed,1810c5a6-438d-4b5f-9452-ab78be7b4b08,0.8505408806324083
16e16d7f-3dd4-4c72-a615-a119f8f507ed,18118cdb-a4aa-4075-ba08-2a66d8cb07bc,0.7961807981618851
16e16d7f-3dd4-4c72-a615-a119f8f507ed,181240a3-1bcc-4bea-9251-28e275503a66,0.2985635489094216
16e16d7f-3dd4-4c72-a615-a119f8f507ed,18135d1e-f839-423b-b2f3-702ebaaec540,0.7206333316309439
16e16d7f-3dd4-4c72-a615-a119f8f507ed,18151848-8445-42cd-9e03-a4fdf0ec6df1,0.6451630487402867
16e16d7f-3dd4-4c72-a615-a119f8f507ed,18152e42-f940-4fc8-951c-c29500aada4f,0.6653816258465642
16e16d7f-3dd4-4c72-a615-a119f8f507ed,1817df76-5a7a-4f1c-974f-8f0d6af417dc,0.7690439074647859
16e16d7f-3dd4-4c72-a615-a119f8f507ed,18181332-7c00-4848-b7cd-117026ed66e0,0.4955993176646344
16e16d7f-3dd4-4c72-a615-a119f8f507ed,18182a9e-8c71-4345-b71e-fc2764e3895c,0.5995821056728163
16e16d7f-3dd4-4c72-a615-a119f8f507ed,18185584-a086-44e0-be1f-e9f1027c8693,0.7118515005265408
16e16d7f-3dd4-4c72-a615-a119f8f507ed,1818c641-cb4c-47f2-b652-707972f2564a,0.6755771223105227
16e16d7f-3dd4-4c72-a615-a119f8f507ed,18190d5c-a102-486a-a414-9d25cc08f25e,0.8509492509553959
16e16d7f-3dd4-4c72-a615-a119f8f507ed,181abaad-248e-494d-8c45-510cda19c582,0.7076144746636565
16e16d7f-3dd4-4c72-a615-a119f8f507ed,181cc934-3048-4980-9327-5b86d07db121,0.4946575981129076
16e16d7f-3dd4-4c72-a615-a119f8f507ed,181cdfe1-0535-499b-afc4-4511b7af1ab7,0.448095343004118
16e16d7f-3dd4-4c72-a615-a119f8f507ed,181ce5f3-0279-4a91-aa3e-57e4d3df90f2,0.783537289495434
16e16d7f-3dd4-4c72-a615-a119f8f507ed,181db6b3-0ecc-49f8-8293-5322cfa7d91f,0.8135249538344353
16e16d7f-3dd4-4c72-a615-a119f8f507ed,181e6b4f-8f68-4c1e-a656-2e3d213142e1,0.7252700531990252
16e16d7f-3dd4-4c72-a615-a119f8f507ed,181e9427-6a2d-4800-93c3-faf90e090f74,0.7611993976952283
16e16d7f-3dd4-4c72-a615-a119f8f507ed,18208c5a-50d2-4bbe-bef3-6ae315ebb75a,0.8955327553989534
16e16d7f-3dd4-4c72-a615-a119f8f507ed,1820d557-7990-4725-a09c-ec62fb8aa21e,0.563821833065513
16e16d7f-3dd4-4c72-a615-a119f8f507ed,1820e76f-eb91-497b-9245-806970ac0d7d,0.7486499938527329
16e16d7f-3dd4-4c72-a615-a119f8f507ed,18210586-548c-44d7-8d4f-fbe58d82e455,0.5875395080255559
16e16d7f-3dd4-4c72-a615-a119f8f507ed,1821e89c-5016-4b19-b586-ca84dc7bf070,0.8431769699890967
16e16d7f-3dd4-4c72-a615-a119f8f507ed,1825f131-abc9-4327-802b-1d85db9cbc02,0.6302244064884801
16e16d7f-3dd4-4c72-a615-a119f8f507ed,18282e32-2e2f-4faa-a823-a8a53883f392,0.726712458069861
16e16d7f-3dd4-4c72-a615-a119f8f507ed,182a5852-d466-4d4d-bf6d-19132687a7d9,0.6885181481210081
16e16d7f-3dd4-4c72-a615-a119f8f507ed,182da34b-6654-4bfe-b481-ebaca6cb2fc4,0.7099818126382446
16e16d7f-3dd4-4c72-a615-a119f8f507ed,182ef9a3-5519-4d9a-b8ca-29ecaa8401a9,0.5692649069513258
16e16d7f-3dd4-4c72-a615-a119f8f507ed,18318bbd-4b97-491b-b25c-8a23f2bbbcd2,0.5918373734172389
16e16d7f-3dd4-4c72-a615-a119f8f507ed,1831c911-9fcb-47ad-965a-2af357d41834,0.7447936734295298
16e16d7f-3dd4-4c72-a615-a119f8f507ed,1834a74e-43c0-4d4c-8d78-98e2389cf80d,0.5808914382218126
16e16d7f-3dd4-4c72-a615-a119f8f507ed,1835ad88-a2c0-484c-bdda-0ffa33997cf3,0.4823773128735257
16e16d7f-3dd4-4c72-a615-a119f8f507ed,18364c5e-91c1-4309-8589-e3625ac21545,0.7534484326048586
16e16d7f-3dd4-4c72-a615-a119f8f507ed,1836ad86-5c4e-471c-8b0a-dc79739e0d6a,0.6455526312318722
16e16d7f-3dd4-4c72-a615-a119f8f507ed,1836afec-9a4b-4534-9c78-338bee5616a7,0.6812760892557
16e16d7f-3dd4-4c72-a615-a119f8f507ed,1836d576-8095-4db3-8084-5de191043a22,0.4827291690585153
16e16d7f-3dd4-4c72-a615-a119f8f507ed,18376c13-f39d-4d88-ab8b-21383c830cb4,0.8557611597074566
16e16d7f-3dd4-4c72-a615-a119f8f507ed,1837a2aa-e9e5-42a6-bd67-4bd349b9e075,0.8509508160448679
16e16d7f-3dd4-4c72-a615-a119f8f507ed,183832fa-2799-4832-9b39-bb6bec712493,0.7687029898322792
16e16d7f-3dd4-4c72-a615-a119f8f507ed,1838dc60-ccfd-434e-afaf-8ae3ee2f4aa8,0.2065667395467928
16e16d7f-3dd4-4c72-a615-a119f8f507ed,1839b276-3bd4-465d-aa24-c9021100bcfc,0.6942155674380582
16e16d7f-3dd4-4c72-a615-a119f8f507ed,183b1b7a-1da9-4260-9e72-18d7823d051b,0.4140625550036958
16e16d7f-3dd4-4c72-a615-a119f8f507ed,183b725d-83a0-416f-b41d-c8d400290f88,0.36519829720569
16e16d7f-3dd4-4c72-a615-a119f8f507ed,1840ee60-187b-4c1b-b167-86c420f0dddc,0.8123259231825004
16e16d7f-3dd4-4c72-a615-a119f8f507ed,184240a3-b27d-492e-8a7b-35b7cdb0e8de,0.5823002464277822
16e16d7f-3dd4-4c72-a615-a119f8f507ed,1842e99d-f6a7-40d7-8090-af48f7e649ca,0.7318687368054057
16e16d7f-3dd4-4c72-a615-a119f8f507ed,1844f508-9415-4c51-b3fe-d69393400547,0.7409496304625667
16e16d7f-3dd4-4c72-a615-a119f8f507ed,1ca89d5b-ad75-4924-a309-3480f78197bf,0.8009871103547452
16e16d7f-3dd4-4c72-a615-a119f8f507ed,1cab3abe-fae4-4589-92f8-b8154cc7d813,0.7440570121696375
16e16d7f-3dd4-4c72-a615-a119f8f507ed,1cac5ea7-3808-4de7-a2b9-1287f6f72a06,0.8090036038774094
16e16d7f-3dd4-4c72-a615-a119f8f507ed,1cacec30-d39b-46c0-a775-d909ebc44b3f,0.6839509884028603
16e16d7f-3dd4-4c72-a615-a119f8f507ed,1cadbcff-e9d6-419a-8a96-bb471be8873d,0.8321681035985012
16e16d7f-3dd4-4c72-a615-a119f8f507ed,1cb13529-91a9-4d31-ad2f-6b57ef8abdc3,0.8717644693045229
16e16d7f-3dd4-4c72-a615-a119f8f507ed,1cb2524b-4e2b-448b-bc00-79dc06faa382,0.8456881547267138
16e16d7f-3dd4-4c72-a615-a119f8f507ed,1cb25ecc-80b4-41e7-a61c-84bf7e3cb02f,0.3213128653787627
16e16d7f-3dd4-4c72-a615-a119f8f507ed,1cb6273e-3784-49d1-a66f-bd7b5589b47d,0.0935796927066684
16e16d7f-3dd4-4c72-a615-a119f8f507ed,1cb9da05-368f-4e37-9244-86af5f6706e2,0.7978557833082809
16e16d7f-3dd4-4c72-a615-a119f8f507ed,1cb9dec2-eb5e-4c63-997b-887984853fa6,0.7452685970577978
16e16d7f-3dd4-4c72-a615-a119f8f507ed,1cbf25e7-f6a3-45d0-97b3-c6952a0abb1a,0.8218008464427075
16e16d7f-3dd4-4c72-a615-a119f8f507ed,1cbf7eab-3d10-4f1e-96b7-076c89eff64d,0.523933063107245
16e16d7f-3dd4-4c72-a615-a119f8f507ed,1cbf86bf-79f2-4716-ba77-fa7e765b3234,0.5838566464331698
16e16d7f-3dd4-4c72-a615-a119f8f507ed,1cc0579d-5459-4793-9b3e-7a32ac418efb,0.8971654495007687
16e16d7f-3dd4-4c72-a615-a119f8f507ed,1cc28ff9-dbc9-4113-b6d4-1da5a169d04a,0.6437551532085691
16e16d7f-3dd4-4c72-a615-a119f8f507ed,1cc29723-7abe-4919-988c-16f2072c8ac3,0.6700517760817609
16e16d7f-3dd4-4c72-a615-a119f8f507ed,1cc51928-5d8f-41e3-8fc0-846423d110ed,0.6657716535314969
16e16d7f-3dd4-4c72-a615-a119f8f507ed,1cc595fd-801b-43d6-a83b-738aa9319fce,0.8577382066118977
16e16d7f-3dd4-4c72-a615-a119f8f507ed,1cc65fc2-8106-43a0-8da1-613a61dfdd08,0.8661819134155867
16e16d7f-3dd4-4c72-a615-a119f8f507ed,1cc68806-e9fa-4e50-89bc-4c73ea6e80ec,0.5663308552372278
16e16d7f-3dd4-4c72-a615-a119f8f507ed,1cc965a6-408c-4520-bca2-197187b677b1,0.8781342376556767
16e16d7f-3dd4-4c72-a615-a119f8f507ed,1cca4c3a-e16d-4404-9386-860cf2c51c73,0.9530319515409644
16e16d7f-3dd4-4c72-a615-a119f8f507ed,1ccacc67-e320-4381-8a25-aac68619bf5a,0.8275149539936518
16e16d7f-3dd4-4c72-a615-a119f8f507ed,1ccb99e7-59ab-4578-bd34-08973b11b981,0.6119606215966398
16e16d7f-3dd4-4c72-a615-a119f8f507ed,1ccc21d2-8dbe-47b4-b090-895ae91df386,0.6394558080890612
16e16d7f-3dd4-4c72-a615-a119f8f507ed,1ccfbb1d-37d4-4b89-87fe-85e11b7a546f,0.8780063006704631
16e16d7f-3dd4-4c72-a615-a119f8f507ed,1cd135af-e060-4e1d-9db8-6441c4af1e45,0.8201315608484049
16e16d7f-3dd4-4c72-a615-a119f8f507ed,1cd1391b-7895-48c4-9138-0be2d2f0938e,0.6532685936630087
16e16d7f-3dd4-4c72-a615-a119f8f507ed,1cd2ffb0-3a38-4942-b71c-59b8d45ebf10,0.1121745552212546
16e16d7f-3dd4-4c72-a615-a119f8f507ed,1cd39c4e-a7b0-441f-b22c-151543882ac8,0.6837816277240173
16e16d7f-3dd4-4c72-a615-a119f8f507ed,1cd3cb84-05c1-4eae-b41a-34e7f145fc72,0.790647225144438
16e16d7f-3dd4-4c72-a615-a119f8f507ed,1cd4db9c-d663-4302-bc8b-7e9903e0daf9,0.9015415311185804
16e16d7f-3dd4-4c72-a615-a119f8f507ed,1cd5d45f-cb01-4d4f-9d03-5b2b21b856d7,0.6897991168890423
16e16d7f-3dd4-4c72-a615-a119f8f507ed,1cd76c97-3db1-4dec-8c4d-e36ba678d1bd,0.8074255910454943
16e16d7f-3dd4-4c72-a615-a119f8f507ed,1cd81fa0-28b0-4488-b15c-b92f9bcabbf0,0.7560893534505471
16e16d7f-3dd4-4c72-a615-a119f8f507ed,1cd9f895-1527-4ae1-8d58-db39ac8b32a0,0.8285608318877262
16e16d7f-3dd4-4c72-a615-a119f8f507ed,1cda7389-110a-4f9a-9536-dca0d4f22718,0.5841576634342803
16e16d7f-3dd4-4c72-a615-a119f8f507ed,1cdddfb4-ccd9-4106-95d5-0b8353f537e3,0.8241316796573019
16e16d7f-3dd4-4c72-a615-a119f8f507ed,1cdfb002-28fc-4b64-a160-44b6ba93e349,0.6775991329951897
16e16d7f-3dd4-4c72-a615-a119f8f507ed,1ce06403-a8e5-4d63-b6d3-2c36902a95ce,0.902725972881845
16e16d7f-3dd4-4c72-a615-a119f8f507ed,1ce07f1f-78e2-41a8-9aee-94bb6d39aa97,0.6525499475679558
16e16d7f-3dd4-4c72-a615-a119f8f507ed,1ce1a020-c764-4668-a20b-65cc96ef53f9,0.6244191092911469
16e16d7f-3dd4-4c72-a615-a119f8f507ed,1ce3af84-532f-4c06-9c3a-651c1cfb3183,0.6687382048226352
16e16d7f-3dd4-4c72-a615-a119f8f507ed,1ce43167-c104-44c0-9a79-7c01c31d8de6,0.608736463536873
16e16d7f-3dd4-4c72-a615-a119f8f507ed,1ce51d46-6884-462e-a1aa-f2ec8bbf677a,0.8232803583221068
16e16d7f-3dd4-4c72-a615-a119f8f507ed,1ce5e662-f10d-40a9-80cd-4150ecb6da12,0.8533010734778906
16e16d7f-3dd4-4c72-a615-a119f8f507ed,1ce632cf-00a4-411f-8bd7-78655fa4b696,0.673610109906872
16e16d7f-3dd4-4c72-a615-a119f8f507ed,1ce7306d-3be8-44c0-bb82-25bb647d3b7f,0.8174622489368738
16e16d7f-3dd4-4c72-a615-a119f8f507ed,1ce7ac31-6188-4a46-a936-f97945b2a530,0.6503791028129107
16e16d7f-3dd4-4c72-a615-a119f8f507ed,1cea7bec-bd31-43fa-ba3d-10c11036b295,0.689876054132565
16e16d7f-3dd4-4c72-a615-a119f8f507ed,1ceb14a4-2b77-48b0-8d4d-c272a7e86892,0.8333981021045165
16e16d7f-3dd4-4c72-a615-a119f8f507ed,1cec2a6f-145b-40cb-b2a1-6c68fb85fc00,0.860921490745972
16e16d7f-3dd4-4c72-a615-a119f8f507ed,1cecaa87-4807-40c6-8bf1-dbe7f3562d1e,0.7472484152183257
16e16d7f-3dd4-4c72-a615-a119f8f507ed,1cece80f-2a43-4698-b35e-3390387c2647,0.7389042807636261
16e16d7f-3dd4-4c72-a615-a119f8f507ed,1cee029c-3232-4f35-a31d-be9016e555a4,0.5180173208778062
16e16d7f-3dd4-4c72-a615-a119f8f507ed,1cee09a0-204a-481a-9d24-59821f561042,0.8064177788273017
16e16d7f-3dd4-4c72-a615-a119f8f507ed,1cefc87e-52b9-4235-82fe-a4e5e60bfa20,0.8122961818955666
16e16d7f-3dd4-4c72-a615-a119f8f507ed,1cefdde4-8606-40d7-ad5c-9cbf0b81a3c1,0.7788600385973506
16e16d7f-3dd4-4c72-a615-a119f8f507ed,1cf1fcc0-1421-453b-8c57-ceb50f71916d,0.6530205457536714
16e16d7f-3dd4-4c72-a615-a119f8f507ed,1cf2132c-374f-423d-82d7-60ee082168c2,0.809836303048565
16e16d7f-3dd4-4c72-a615-a119f8f507ed,1cf313ed-90d1-4b1a-817f-4f5a7c1bb398,0.7986033660121509
16e16d7f-3dd4-4c72-a615-a119f8f507ed,1cf3c47f-d81b-47c6-9ca5-ebf6a05505d0,0.5625835679980975
16e16d7f-3dd4-4c72-a615-a119f8f507ed,1cf47c0a-08e5-4abf-9403-082ccfaf24d9,0.6995309331138803
16e16d7f-3dd4-4c72-a615-a119f8f507ed,1cf5e4a0-fc00-4b06-a4b0-f96f94aac106,0.4209786283502154
16e16d7f-3dd4-4c72-a615-a119f8f507ed,1cf648ae-58bd-4bb1-b316-bcb24a41d008,0.1469657457342353
16e16d7f-3dd4-4c72-a615-a119f8f507ed,1cf7b691-0cd5-433e-bf54-d8abdd493363,0.3496403881201477
16e16d7f-3dd4-4c72-a615-a119f8f507ed,1cf7c61d-fcd8-4133-b628-81e297ad6ddd,0.8266699978207809
16e16d7f-3dd4-4c72-a615-a119f8f507ed,1cf9ff83-5776-4787-898e-ad0faf49a76f,0.6058012652675983
16e16d7f-3dd4-4c72-a615-a119f8f507ed,1cfcfef5-5150-4959-b455-a0dd4aaccd46,0.7958467251281098
16e16d7f-3dd4-4c72-a615-a119f8f507ed,1cfd8e30-5c98-4114-a4f4-aec927083b61,0.7504391029812773
16e16d7f-3dd4-4c72-a615-a119f8f507ed,1d00099c-c778-4ea6-8723-2509d0b2d871,0.3746968337088588
16e16d7f-3dd4-4c72-a615-a119f8f507ed,1d006310-afda-440a-8203-07b3e1899aaf,0.3725589279815114
16e16d7f-3dd4-4c72-a615-a119f8f507ed,1d0096b5-f4b7-4217-a654-571b9ecd12b7,0.7696919294035343
16e16d7f-3dd4-4c72-a615-a119f8f507ed,1d00f434-f30c-4919-9eb9-d9f5984b5c28,0.7364079227836393
16e16d7f-3dd4-4c72-a615-a119f8f507ed,1d01bae3-2749-425f-a45b-b49dc617b1b0,0.7053294000925078
16e16d7f-3dd4-4c72-a615-a119f8f507ed,1d021dfc-d36e-4f57-9640-807b057ad694,0.7777497274677535
16e16d7f-3dd4-4c72-a615-a119f8f507ed,1d039158-53c6-4db8-bec7-d3ae37970eb4,0.782249274980686
16e16d7f-3dd4-4c72-a615-a119f8f507ed,1d05d341-b3f4-49a7-bf3a-fab6764b23e6,0.6700223564910003
16e16d7f-3dd4-4c72-a615-a119f8f507ed,1d0900f2-b088-4c68-8297-97a4df486fea,0.636600750040679
16e16d7f-3dd4-4c72-a615-a119f8f507ed,1d0908fa-687d-4815-93be-6e5ab21e0516,0.8187642668610253
16e16d7f-3dd4-4c72-a615-a119f8f507ed,1d09ee61-ec34-49c5-848c-2ff01c01e96a,0.6389609173756379
16e16d7f-3dd4-4c72-a615-a119f8f507ed,1d0b5360-7660-4dec-a676-87bdbe5b8343,0.7705595639186249
16e16d7f-3dd4-4c72-a615-a119f8f507ed,1d0c8daa-919c-410d-adff-7d6ea207d130,0.7849063344688052
16e16d7f-3dd4-4c72-a615-a119f8f507ed,1d0d7cb7-7106-44cf-b4eb-64f32e30b130,0.8824753285229356
16e16d7f-3dd4-4c72-a615-a119f8f507ed,1d0f60bf-53e0-4d0e-96ae-19b6dea28c6d,0.525282701915358
16e16d7f-3dd4-4c72-a615-a119f8f507ed,1d0f795e-454f-412b-bea0-b622f30dae3a,0.8175312126558575
16e16d7f-3dd4-4c72-a615-a119f8f507ed,1d0fb063-4720-45a6-ab6b-ac95ae531d67,0.7125833885747187
16e16d7f-3dd4-4c72-a615-a119f8f507ed,1d10472c-b3c7-4a2a-b40c-179d22a9d056,0.8633295336060332
16e16d7f-3dd4-4c72-a615-a119f8f507ed,1d106bd2-6693-4703-882f-6f9bad28cd98,0.8668948904603938
16e16d7f-3dd4-4c72-a615-a119f8f507ed,1d113cfd-e991-4d3d-a46b-ebe3c8f505de,0.6622426686437282
16e16d7f-3dd4-4c72-a615-a119f8f507ed,1d129543-05e9-4083-83af-70a6699853cc,0.5770493722517628
16e16d7f-3dd4-4c72-a615-a119f8f507ed,1d14a30c-775b-4286-9ace-2ecae5de27ac,0.7391650064254521
16e16d7f-3dd4-4c72-a615-a119f8f507ed,1d15e678-f2ae-45bc-8c17-f027279e9474,0.892171952981176
16e16d7f-3dd4-4c72-a615-a119f8f507ed,1d165855-f4ec-467a-b13c-fbc5030b1b0f,0.5765992167633187
16e16d7f-3dd4-4c72-a615-a119f8f507ed,1d166fb2-f5a7-44f0-b534-f0eb673749b4,0.7865059608820187
1cac5ea7-3808-4de7-a2b9-1287f6f72a06,00028a63-2ba8-44fb-96d1-becb542f4a64,0.9094530210614834
1cac5ea7-3808-4de7-a2b9-1287f6f72a06,000375be-eeed-442d-b671-028ef6990c4d,0.8650447572019285
1cac5ea7-3808-4de7-a2b9-1287f6f72a06,0003b15e-deb6-4189-adb8-eb495f3da2ec,0.921788663683675
1cac5ea7-3808-4de7-a2b9-1287f6f72a06,000487bd-ad15-4607-b5c3-a50c33fd3d64,0.6972396835886161
1cac5ea7-3808-4de7-a2b9-1287f6f72a06,00048e37-6f91-438a-8683-7f89c716e72f,0.9210639894539148
1cac5ea7-3808-4de7-a2b9-1287f6f72a06,0004fcab-fe30-414b-9943-243df7c0a22e,0.898538088700656
1cac5ea7-3808-4de7-a2b9-1287f6f72a06,00054108-b6f3-43b1-a979-b561eb6ceb35,0.8827074049714372
1cac5ea7-3808-4de7-a2b9-1287f6f72a06,0008cab9-ed40-4710-a6cd-ad361ee51c2d,0.9369504840559378
1cac5ea7-3808-4de7-a2b9-1287f6f72a06,00094cf1-73e8-4149-bdb6-3f2ae9192d6f,0.8121232753252622
1cac5ea7-3808-4de7-a2b9-1287f6f72a06,00099237-fd1b-4d94-9469-fa93150e4253,0.9218993910542465
1cac5ea7-3808-4de7-a2b9-1287f6f72a06,000a4595-f0e3-422f-b631-b6fadca8b200,0.9516054998930668
1cac5ea7-3808-4de7-a2b9-1287f6f72a06,000ae394-c27c-41e7-a886-3f1bc7cd0ecb,0.9247483699779574
1cac5ea7-3808-4de7-a2b9-1287f6f72a06,000b196c-8382-4326-9255-02b782a909ac,0.8729005797830234
1cac5ea7-3808-4de7-a2b9-1287f6f72a06,000b5a67-d33f-4b66-a858-3993ff4f1ee5,0.8178289180341798
1cac5ea7-3808-4de7-a2b9-1287f6f72a06,000cbbec-4b9c-41e3-8bad-d7510501bf09,0.5617425749129107
1cac5ea7-3808-4de7-a2b9-1287f6f72a06,000f3a2c-3150-4aa7-b1ce-75eb1a268ba3,0.8722223551658899
1cac5ea7-3808-4de7-a2b9-1287f6f72a06,000f990e-6cc5-4be4-8afc-bd3c1a206d36,0.9041151316122268
1cac5ea7-3808-4de7-a2b9-1287f6f72a06,000fe073-f67d-44b3-9ff3-727d09f682dc,0.6435832914105943
1cac5ea7-3808-4de7-a2b9-1287f6f72a06,0010af91-6de9-4470-ac8d-a3c53b873847,0.8397426838149876
1cac5ea7-3808-4de7-a2b9-1287f6f72a06,00120104-1ee9-4aed-9361-2e87c8b6d665,0.5525453700290276
1cac5ea7-3808-4de7-a2b9-1287f6f72a06,00120af8-fb66-4d46-bbe6-5fce4a888eed,0.8738928949497049
1cac5ea7-3808-4de7-a2b9-1287f6f72a06,00145db0-96fe-42a7-9cf4-39b04dce7c22,0.7054105849743229
1cac5ea7-3808-4de7-a2b9-1287f6f72a06,001502ea-f45f-4c04-a23e-5237309f5b9a,0.8864475781696676
1cac5ea7-3808-4de7-a2b9-1287f6f72a06,001532f7-8e1e-4657-924f-21cbc25d147e,0.8364101373844633
1cac5ea7-3808-4de7-a2b9-1287f6f72a06,001697d4-7eb4-458c-a956-188eb9b3a189,0.9392546990485292
1cac5ea7-3808-4de7-a2b9-1287f6f72a06,0017009f-398d-43cc-8b1d-9215065208fa,0.714687818928457
1cac5ea7-3808-4de7-a2b9-1287f6f72a06,0018795e-d75e-419e-b05b-a04a43a0d479,0.9455970744658552
1cac5ea7-3808-4de7-a2b9-1287f6f72a06,0018905b-2c2a-4da2-9330-fda6bd4602f8,0.7380447128166723
1cac5ea7-3808-4de7-a2b9-1287f6f72a06,001b9a6d-ae81-49c1-be1d-9c63b2b6ade1,0.8439265117014115
1cac5ea7-3808-4de7-a2b9-1287f6f72a06,001bf4d0-d910-4d2d-a215-c22c002746ce,0.8317218873742754
1cac5ea7-3808-4de7-a2b9-1287f6f72a06,001c3e13-545d-430f-855d-7f0d088d7ed0,0.755937251690293
1cac5ea7-3808-4de7-a2b9-1287f6f72a06,001c75ba-a95b-4a33-bbd3-0dd0e245d184,0.9603803339004356
1cac5ea7-3808-4de7-a2b9-1287f6f72a06,001d0425-eb84-4494-aa76-cb6f54db700a,0.9343430857410036
1cac5ea7-3808-4de7-a2b9-1287f6f72a06,001e5d42-8301-486d-8fbe-a73fca9267ab,0.8134130084819398
1cac5ea7-3808-4de7-a2b9-1287f6f72a06,001e7241-c70e-4c85-8d59-a7bd00d68f33,0.9304959541829088
1cac5ea7-3808-4de7-a2b9-1287f6f72a06,001f02f2-57e5-43cf-b182-f4bed7d100c3,0.9714704362125456
1cac5ea7-3808-4de7-a2b9-1287f6f72a06,001f4f3c-1840-4332-8e42-4814dd882cf6,0.7779846359267754
1cac5ea7-3808-4de7-a2b9-1287f6f72a06,00211600-be43-4aea-bb89-4d60eb987b38,0.8827958722037664
1cac5ea7-3808-4de7-a2b9-1287f6f72a06,0021b6f3-0798-497f-a9e7-04f9160ed077,0.9111203675296524
1cac5ea7-3808-4de7-a2b9-1287f6f72a06,0021dcd6-1a64-4758-a824-b369fc16d278,0.6022194738845545
1cac5ea7-3808-4de7-a2b9-1287f6f72a06,002263c6-04b0-470d-92d8-6e934d28e819,0.938330526220344
1cac5ea7-3808-4de7-a2b9-1287f6f72a06,00226639-0081-459b-9aa0-71bd7663f875,0.7698981644097093
1cac5ea7-3808-4de7-a2b9-1287f6f72a06,002291f2-e544-4009-8c3b-4e6c04878872,0.7450185141638233
1cac5ea7-3808-4de7-a2b9-1287f6f72a06,002390d2-d337-40fe-a34c-3543fa55665b,0.8963711714473458
1cac5ea7-3808-4de7-a2b9-1287f6f72a06,0024b130-09ab-4239-ac6c-8e51a8baf203,0.9305419396089896
1cac5ea7-3808-4de7-a2b9-1287f6f72a06,00279ee1-8822-4f65-95db-5c33174774cc,0.795378442474256
1cac5ea7-3808-4de7-a2b9-1287f6f72a06,002983ac-1c83-4c95-a02b-6bc4b8c260e9,0.93515576868106
1cac5ea7-3808-4de7-a2b9-1287f6f72a06,002c09c8-1167-4f7a-9e33-ccbe83e0ba05,0.7598244908283123
1cac5ea7-3808-4de7-a2b9-1287f6f72a06,002dcbb7-3fdb-4acf-92d9-766d7e7cbb3c,0.956721307586848
1cac5ea7-3808-4de7-a2b9-1287f6f72a06,002e1357-89b1-41c5-a168-62b484502a03,0.888763837664626
1cac5ea7-3808-4de7-a2b9-1287f6f72a06,002f426d-5f42-4a44-84b4-10ddba9b72c6,0.950460949538079
1cac5ea7-3808-4de7-a2b9-1287f6f72a06,0030d49a-7b56-42c3-a67f-c21b7dba0029,0.955148413320777
1cac5ea7-3808-4de7-a2b9-1287f6f72a06,0032065b-f23b-4d5c-bc6b-0763196a1cfc,0.8724670290531531
1cac5ea7-3808-4de7-a2b9-1287f6f72a06,00334c3c-0fe7-4d25-88f0-196d770f5f73,0.7481092009862073
1cac5ea7-3808-4de7-a2b9-1287f6f72a06,00341d6a-3237-4fd5-983f-a4831e93d139,0.7108972234938178
1cac5ea7-3808-4de7-a2b9-1287f6f72a06,0035c872-f313-4b83-8b2e-2a49c172689e,0.8826542895268501
1cac5ea7-3808-4de7-a2b9-1287f6f72a06,003809b7-634e-4c8b-a1f1-ce9d87e0f9b1,0.6274998534469807
1cac5ea7-3808-4de7-a2b9-1287f6f72a06,003903f3-772b-4f30-a6e8-ceee1052257d,0.8682126811228792
1cac5ea7-3808-4de7-a2b9-1287f6f72a06,003ae699-ec64-4f0d-b934-532c2c364830,0.848734937179152
1cac5ea7-3808-4de7-a2b9-1287f6f72a06,003b32b0-0289-4397-b0dc-d20cc935a063,0.9096721959725516
1cac5ea7-3808-4de7-a2b9-1287f6f72a06,003ec167-b08b-4595-ad98-7fb03662e1eb,0.8145893140516731
1cac5ea7-3808-4de7-a2b9-1287f6f72a06,003eda4b-9605-488c-afd3-ee983eba54da,0.8287995404096342
1cac5ea7-3808-4de7-a2b9-1287f6f72a06,00413710-32b6-4cdb-9cbb-8501f105f4a2,0.9152207675509352
1cac5ea7-3808-4de7-a2b9-1287f6f72a06,004469c4-29a4-4283-b946-ccb7606a829e,0.73658949584329
1cac5ea7-3808-4de7-a2b9-1287f6f72a06,004770c0-901a-46a1-b270-9a197b87dc14,0.9225339771312204
1cac5ea7-3808-4de7-a2b9-1287f6f72a06,004a66f6-f4b9-4e36-8928-bc1ccdde78fe,0.7030368863413183
1cac5ea7-3808-4de7-a2b9-1287f6f72a06,00505682-5ea0-414e-b8ba-cdd94ee1caec,0.7506774339432377
1cac5ea7-3808-4de7-a2b9-1287f6f72a06,0050b0a0-e208-478b-99c8-bbc96a0d6ff3,0.7685317478136635
1cac5ea7-3808-4de7-a2b9-1287f6f72a06,0050f49b-1ef7-47ca-ab64-702cb8cd81b8,0.9642182489460008
1cac5ea7-3808-4de7-a2b9-1287f6f72a06,0053484c-7b92-4b94-a97c-a96c3b56c4f5,0.7893268171617718
1cac5ea7-3808-4de7-a2b9-1287f6f72a06,00559641-5d64-47d5-956a-45f61d678a7e,0.9375605384204372
1cac5ea7-3808-4de7-a2b9-1287f6f72a06,0055e9f2-9661-4a58-857c-2167d80cf15c,0.9214983127781896
1cac5ea7-3808-4de7-a2b9-1287f6f72a06,00583b29-4881-4bb2-a91b-cb06317fb86f,0.9238270465721196
1cac5ea7-3808-4de7-a2b9-1287f6f72a06,005937d1-7478-4c09-b385-0caaebec5e08,0.9554108436096648
1cac5ea7-3808-4de7-a2b9-1287f6f72a06,00599665-51c0-4447-bcce-0b9934db7c06,0.8724332212674034
1cac5ea7-3808-4de7-a2b9-1287f6f72a06,00599b53-7d8c-40de-a6d9-a79788292a0b,0.8747919916353896
1cac5ea7-3808-4de7-a2b9-1287f6f72a06,005bb14e-fbf8-4451-9956-a243db897d68,0.9498909800023236
1cac5ea7-3808-4de7-a2b9-1287f6f72a06,005bdc5d-2620-4426-8485-75974b2c70f6,0.6909746298607168
1cac5ea7-3808-4de7-a2b9-1287f6f72a06,005dd95f-410e-4d36-8c1f-f1835e17cb0c,0.5576138652946443
1cac5ea7-3808-4de7-a2b9-1287f6f72a06,005df39e-dc32-4312-8cf8-daf7f56921ce,0.6829473000814034
1cac5ea7-3808-4de7-a2b9-1287f6f72a06,00627220-4be9-44e7-893b-4c97d9759f80,0.7071626494086652
1cac5ea7-3808-4de7-a2b9-1287f6f72a06,0062cbd9-5e7c-4add-8475-286270669871,0.864148272029419
1cac5ea7-3808-4de7-a2b9-1287f6f72a06,00643bc4-c3b8-4d43-9b06-a28de81d7df6,0.9221417659124368
1cac5ea7-3808-4de7-a2b9-1287f6f72a06,006569cb-318a-40b4-b413-58feb47566da,0.7255275798112597
1cac5ea7-3808-4de7-a2b9-1287f6f72a06,006583b8-6b11-4a56-abc7-2ae3e7906be3,0.8862433633227617
1cac5ea7-3808-4de7-a2b9-1287f6f72a06,0067a6ba-3a25-4229-9df4-70e226cfb280,0.9004625842329012
1cac5ea7-3808-4de7-a2b9-1287f6f72a06,0067d3c8-be55-43b5-aae8-6d98ddafc7e6,0.917223730558952
1cac5ea7-3808-4de7-a2b9-1287f6f72a06,0068d4b4-05b0-43e6-b7e1-c3f04c218188,0.8113825467791094
1cac5ea7-3808-4de7-a2b9-1287f6f72a06,006a3a12-442c-4767-af54-0e5eb8874ab1,0.7472768199428999
1cac5ea7-3808-4de7-a2b9-1287f6f72a06,006afd47-ef9c-479c-945b-05cb53fc4f50,0.892791639753859
1cac5ea7-3808-4de7-a2b9-1287f6f72a06,006d3fb3-2ae2-44f6-a11a-de26a958937e,0.6949546975699827
1cac5ea7-3808-4de7-a2b9-1287f6f72a06,006ddaac-3415-4c56-9ce8-79c3ce6e96e2,0.9106048816823842
1cac5ea7-3808-4de7-a2b9-1287f6f72a06,006eed98-7981-46c5-957a-06e74f3734b6,0.8116147799239847
1cac5ea7-3808-4de7-a2b9-1287f6f72a06,007027ba-4e4a-45c7-8b0b-9a5b5f51f620,0.7959828730216844
1cac5ea7-3808-4de7-a2b9-1287f6f72a06,0070714a-71c1-4715-af70-b2a17287e004,0.8691240588459825
1cac5ea7-3808-4de7-a2b9-1287f6f72a06,00722ea2-376a-448a-bebc-bda0efc0bbcf,0.928015789670609
1cac5ea7-3808-4de7-a2b9-1287f6f72a06,00730054-bc85-4857-945f-363c98333537,0.8421715683396753
1cac5ea7-3808-4de7-a2b9-1287f6f72a06,0073b78e-2ef3-41d8-b87b-4d26bdb760da,0.9420065496271136
1cac5ea7-3808-4de7-a2b9-1287f6f72a06,0075cab0-f69b-45c1-b2d2-d3cd54d1d27a,0.8533694348462633
1cac5ea7-3808-4de7-a2b9-1287f6f72a06,00771b85-da54-4258-a144-2f7e7e1b7c56,0.9419875501630728
1cac5ea7-3808-4de7-a2b9-1287f6f72a06,007bf010-7aeb-46cd-b6c3-be394d8bc0bb,0.4120494265679456
1cac5ea7-3808-4de7-a2b9-1287f6f72a06,007c613a-ce55-400b-ab4f-0d2c210816e7,0.7689007824584955
1cac5ea7-3808-4de7-a2b9-1287f6f72a06,007d5910-b4c0-4469-a517-ae6ac48b8fc1,0.950143089735836
1cac5ea7-3808-4de7-a2b9-1287f6f72a06,007de4e5-c896-4623-ac41-7dfe60326e77,0.9369717076531876
1cac5ea7-3808-4de7-a2b9-1287f6f72a06,007eadaf-6c19-4171-ab42-b241b395a5cd,0.7546565584148448
1cac5ea7-3808-4de7-a2b9-1287f6f72a06,007f0a53-caa6-4d6e-af6e-6f27dad1b4eb,0.8769610332629488
1cac5ea7-3808-4de7-a2b9-1287f6f72a06,00805984-8400-47b4-8762-90da5d78b49e,0.9067792715327756
1cac5ea7-3808-4de7-a2b9-1287f6f72a06,00805eec-d377-4e02-8bd7-bfff9dd0c9f8,0.9054829705492156
1cac5ea7-3808-4de7-a2b9-1287f6f72a06,0080facc-8b5a-4de1-b9e5-9c3cbb470b0b,0.8372125145498809
1cac5ea7-3808-4de7-a2b9-1287f6f72a06,00823f2d-1c32-4af3-aa0c-34a2d68c6b79,0.9121825749714328
1cac5ea7-3808-4de7-a2b9-1287f6f72a06,00843552-ea88-40f2-8127-1d84626ce751,0.9129517396609618
1cac5ea7-3808-4de7-a2b9-1287f6f72a06,0085ecfe-72e6-43e7-b566-3d635adcbda4,0.6813246686413873
1cac5ea7-3808-4de7-a2b9-1287f6f72a06,008abc4b-e688-4621-9782-bcdc2875bc8d,0.9410188404184944
1cac5ea7-3808-4de7-a2b9-1287f6f72a06,008bd01f-8cbd-4b86-8b46-83e3846603e4,0.8623782051817231
1cac5ea7-3808-4de7-a2b9-1287f6f72a06,008c5c40-a532-4f9a-9142-98bf7f376d0a,0.8537647315786259
1cac5ea7-3808-4de7-a2b9-1287f6f72a06,008c5fd3-728d-42c1-be4e-605c5e41e413,0.9610220826486752
1cac5ea7-3808-4de7-a2b9-1287f6f72a06,008ca763-4458-45e7-a86a-0d710f187192,0.9013901778616747
1cac5ea7-3808-4de7-a2b9-1287f6f72a06,008cf378-b482-4fb6-ba27-680e70425f01,0.9667828193355136
1cac5ea7-3808-4de7-a2b9-1287f6f72a06,008dcc57-fb81-4a56-ba5a-0abefce410b2,0.7271717386898152
1cac5ea7-3808-4de7-a2b9-1287f6f72a06,008fc273-a878-45b6-8364-ab9a0bab7a4d,0.7281552903193279
1cac5ea7-3808-4de7-a2b9-1287f6f72a06,00902d15-b822-494a-94a7-f0068e25ebc4,0.7441788128399193
1cac5ea7-3808-4de7-a2b9-1287f6f72a06,00907b3b-07c0-4f2c-940c-75469fcc4448,0.804271101516558
1cac5ea7-3808-4de7-a2b9-1287f6f72a06,00915802-0be5-4b39-b1bc-53a22e2ed927,0.9323894242536932
1cac5ea7-3808-4de7-a2b9-1287f6f72a06,00923ba0-7e46-43e6-b7c5-af22cf9076c5,0.9367443529324028
1cac5ea7-3808-4de7-a2b9-1287f6f72a06,00938199-0e7c-419a-bf17-cbfde3648d4b,0.9257235831477016
1cac5ea7-3808-4de7-a2b9-1287f6f72a06,009413e9-4198-4f44-b3e9-6fed10b5506a,0.888964162030606
1cac5ea7-3808-4de7-a2b9-1287f6f72a06,00952a9f-6c35-479d-a422-c7ceda396737,0.4550451231623494
1cac5ea7-3808-4de7-a2b9-1287f6f72a06,00952afa-e8e2-4b58-8a49-8e508379afd5,0.9021408603712132
1cac5ea7-3808-4de7-a2b9-1287f6f72a06,0095364d-66d2-451a-91d8-fba7d7f02671,0.90828401379476
1cac5ea7-3808-4de7-a2b9-1287f6f72a06,009690e9-79b3-488f-9ab2-cbd5099e8b32,0.7854838830390658
1cac5ea7-3808-4de7-a2b9-1287f6f72a06,0097c766-067f-451f-a640-949e3d4c71cc,0.8506017942100453
1cac5ea7-3808-4de7-a2b9-1287f6f72a06,0097de4d-29cb-42e1-93d0-9f743223ca03,0.7010073731578728
1cac5ea7-3808-4de7-a2b9-1287f6f72a06,00984835-4467-4caa-998e-851d01f3635d,0.7953002387391673
1cac5ea7-3808-4de7-a2b9-1287f6f72a06,009b7af4-06de-46a3-b312-155172b07f7a,0.5128506282578956
1cac5ea7-3808-4de7-a2b9-1287f6f72a06,009be85d-1460-4d3e-a31c-2240944471ca,0.940370194811272
1cac5ea7-3808-4de7-a2b9-1287f6f72a06,009c7970-256c-4afb-bebf-23223407b552,0.7705641301885974
1cac5ea7-3808-4de7-a2b9-1287f6f72a06,009e0e5b-fa3a-407d-8bb9-dfb1f1923569,0.84169252712185
1cac5ea7-3808-4de7-a2b9-1287f6f72a06,009e6906-8174-44a4-b113-71030021dc9e,0.7674696798372548
1cac5ea7-3808-4de7-a2b9-1287f6f72a06,00a0941b-1c3f-4ce4-81ac-5a9204f24a46,0.950915124452558
1cac5ea7-3808-4de7-a2b9-1287f6f72a06,00a0fd0f-0f04-4598-9b6b-7c160cd24630,0.7949788567944797
1cac5ea7-3808-4de7-a2b9-1287f6f72a06,00a13d15-bfdf-48f3-8cd6-c593f83e0b68,0.7294671571161477
1cac5ea7-3808-4de7-a2b9-1287f6f72a06,00a28ea6-e419-4acc-b933-21a7baa405ae,0.9443267908680965
1cac5ea7-3808-4de7-a2b9-1287f6f72a06,00a4d893-a99f-4644-bbbc-0b3457181e6a,0.8826168882227436
1cac5ea7-3808-4de7-a2b9-1287f6f72a06,00a51a39-7699-4861-92ac-56aee6a7cc86,0.8324864293595963
1cac5ea7-3808-4de7-a2b9-1287f6f72a06,00a6b550-fee5-4d03-901c-d74dcaf36951,0.9210300884355602
1cac5ea7-3808-4de7-a2b9-1287f6f72a06,00a6bef2-1a9e-4be8-8638-1b0cf4eafb1a,0.8168459724630927
1cac5ea7-3808-4de7-a2b9-1287f6f72a06,00a7abd6-c33b-467d-b763-99940970905d,0.8602629212019733
1cac5ea7-3808-4de7-a2b9-1287f6f72a06,00aa9f83-0691-4292-a1ca-aad89ef28467,0.9272093883578773
1cac5ea7-3808-4de7-a2b9-1287f6f72a06,00ac5ae2-7702-4110-bb9c-7cfe5c422e11,0.939851198342512
1cac5ea7-3808-4de7-a2b9-1287f6f72a06,00ac63e3-452b-4fc2-82cb-9d79414d5d84,0.7916812417129367
1cac5ea7-3808-4de7-a2b9-1287f6f72a06,00af5b54-2042-49f2-a887-60b1ab5fdfaa,0.929090017841996
1cac5ea7-3808-4de7-a2b9-1287f6f72a06,00b01628-8570-45a6-84f6-0abb953eb095,0.8512342820856796
1cac5ea7-3808-4de7-a2b9-1287f6f72a06,00b35555-d9d9-4e2c-a9ea-89482751ec98,0.9393455651305264
1cac5ea7-3808-4de7-a2b9-1287f6f72a06,00b48fe9-68dd-4f05-9669-2ddd2e384c23,0.6876156440928658
1cac5ea7-3808-4de7-a2b9-1287f6f72a06,00b5d491-bcb2-4c8a-b4c0-72214a3f7875,0.678135862824582
1cac5ea7-3808-4de7-a2b9-1287f6f72a06,00b606d6-e60a-404c-8e79-086461056538,0.9515836041831488
1cac5ea7-3808-4de7-a2b9-1287f6f72a06,00b81ffc-95aa-465d-88a8-a136a0ab6736,0.917228388036996
1cac5ea7-3808-4de7-a2b9-1287f6f72a06,00bac2ca-be37-4c93-830b-9ad3ef8e57b9,0.7930421481344123
1cac5ea7-3808-4de7-a2b9-1287f6f72a06,00bb109e-ec6a-4ed0-9ce8-d5aa87f7cd4b,0.9031918687862738
1cac5ea7-3808-4de7-a2b9-1287f6f72a06,00bba99e-e2a9-480c-8703-5d7f948f8f27,0.8427941470685413
1cac5ea7-3808-4de7-a2b9-1287f6f72a06,00bdc483-8275-42a9-8753-843116934bf7,0.7153211973723977
1cac5ea7-3808-4de7-a2b9-1287f6f72a06,00bf910e-9030-4467-a997-da6fa89f2d53,0.9243933367281308
1cac5ea7-3808-4de7-a2b9-1287f6f72a06,00bf9293-575c-40d8-af38-c763e9d1ca29,0.7911112959441049
1cac5ea7-3808-4de7-a2b9-1287f6f72a06,00c3a1ba-cafe-4e3d-8f23-39ae2f07fa40,0.8923034064992775
1cac5ea7-3808-4de7-a2b9-1287f6f72a06,00c6641a-565c-4618-9b75-f34453594b10,0.8845093255576019
1cac5ea7-3808-4de7-a2b9-1287f6f72a06,00c97837-ebb7-4b93-82e6-0f6583a88941,0.8946442483278544
1cac5ea7-3808-4de7-a2b9-1287f6f72a06,00ca37ad-865f-470f-a8e8-1a1f60a12737,0.9176487443783036
1cac5ea7-3808-4de7-a2b9-1287f6f72a06,00cc031d-3b62-4b75-bf0f-f134a3a6cc5d,0.9660937525542258
1cac5ea7-3808-4de7-a2b9-1287f6f72a06,00cc727f-7144-431a-afcf-e95c03b0b429,0.9542255612480128
1cac5ea7-3808-4de7-a2b9-1287f6f72a06,00cceeb9-553a-4ab8-b5e8-73942b0dc452,0.933883777611574
1cac5ea7-3808-4de7-a2b9-1287f6f72a06,00ccfd6b-104a-4562-9731-5db60ce18943,0.9266103387935688
1cac5ea7-3808-4de7-a2b9-1287f6f72a06,00cddd17-8484-4509-a257-28712a70b6ee,0.964687436131498
1cac5ea7-3808-4de7-a2b9-1287f6f72a06,00ce8565-2f26-4938-9af8-c61e17c6d3e6,0.9371880533811532
1cac5ea7-3808-4de7-a2b9-1287f6f72a06,00ced3ac-29b2-493e-b65d-ac42cab66faf,0.4000818778846611
1cac5ea7-3808-4de7-a2b9-1287f6f72a06,00d06bfb-a483-44de-a4fe-f652a3a391cd,0.8393868961613672
1cac5ea7-3808-4de7-a2b9-1287f6f72a06,00d0a2e3-b461-4049-8ee6-60d499d2a9c2,0.920403635962848
1cac5ea7-3808-4de7-a2b9-1287f6f72a06,00d1135f-0175-4687-9293-9b1a9f76c135,0.951784158962996
1cac5ea7-3808-4de7-a2b9-1287f6f72a06,00d196c5-d5f7-4cf5-a277-76f59ed59cff,0.952225934471062
1cac5ea7-3808-4de7-a2b9-1287f6f72a06,00d2f116-4c67-4319-84cf-91a2b3e5aa59,0.7709475288300811
1cac5ea7-3808-4de7-a2b9-1287f6f72a06,00d41157-5ca9-4aed-8029-8e2fb485fb8c,0.9478363245711496
1cac5ea7-3808-4de7-a2b9-1287f6f72a06,00d4c7c0-f93a-4534-a9e1-cbda85636867,0.9147973134200006
1cac5ea7-3808-4de7-a2b9-1287f6f72a06,00d548ba-b2fa-42bd-89dc-96d3784eba02,0.918301300110994
1cac5ea7-3808-4de7-a2b9-1287f6f72a06,00d55dfd-32e9-429c-b552-cffa8bf88ff7,0.5396206958759113
1cac5ea7-3808-4de7-a2b9-1287f6f72a06,00d5ce89-9aaf-4b28-abda-934fa78e11cc,0.911240395913938
1cac5ea7-3808-4de7-a2b9-1287f6f72a06,00d6d037-b99d-4583-ae17-c0e12916bd40,0.8305022132556676
1cac5ea7-3808-4de7-a2b9-1287f6f72a06,00d7295e-1b0e-49c2-8e0c-be834d39132c,0.8215016720543765
1cac5ea7-3808-4de7-a2b9-1287f6f72a06,00d7ee5e-6a83-4a34-b580-34b6c22f57b6,0.8934064629008459
1cac5ea7-3808-4de7-a2b9-1287f6f72a06,00d84212-853d-47d7-af54-0b0c4238c393,0.90416880563379
1cac5ea7-3808-4de7-a2b9-1287f6f72a06,00d88681-bcbf-4f7f-a5db-f65509fa9257,0.9452041458446532
1cac5ea7-3808-4de7-a2b9-1287f6f72a06,00d931a8-240c-4b2d-81cc-29e22fd6a720,0.3724905479723447
1cac5ea7-3808-4de7-a2b9-1287f6f72a06,00d94291-ecb1-4492-84f9-d30951c0f65e,0.9136299653236454
1cac5ea7-3808-4de7-a2b9-1287f6f72a06,00d94f38-9575-479b-a42a-9f33a1df7835,0.789568899006726
1cac5ea7-3808-4de7-a2b9-1287f6f72a06,00d9ebb1-b52b-4109-a187-024c67c28845,0.8132838363675018
1cac5ea7-3808-4de7-a2b9-1287f6f72a06,00db8ded-2833-495b-bb41-698b0ac0a24f,0.8498154105340731
1cac5ea7-3808-4de7-a2b9-1287f6f72a06,00dd1457-2038-4475-b010-e11a7d48cd4a,0.8089299486246908
1cac5ea7-3808-4de7-a2b9-1287f6f72a06,00ddb405-35c4-40de-8bb6-de141f855b82,0.9026431391702224
1cac5ea7-3808-4de7-a2b9-1287f6f72a06,00de1e10-eb66-4147-bb04-4cc62293706f,0.9018641100243492
1cac5ea7-3808-4de7-a2b9-1287f6f72a06,00deb91e-75f1-4c96-9082-aeb869066f21,0.875674225217778
1cac5ea7-3808-4de7-a2b9-1287f6f72a06,00df2c58-ec55-4788-91bb-26525eb44a46,0.9229553771366028
1cac5ea7-3808-4de7-a2b9-1287f6f72a06,00df5f60-c1b8-494a-97e3-98a29e7b55de,0.9081280304007424
1cac5ea7-3808-4de7-a2b9-1287f6f72a06,00e0445b-6f7a-4c00-ba0d-412400939ed5,0.9340185448545876
1cac5ea7-3808-4de7-a2b9-1287f6f72a06,1001304c-79f0-4cad-a78b-1d0836f32bf9,0.8766700143111323
1cac5ea7-3808-4de7-a2b9-1287f6f72a06,100415d8-2c1a-478f-bbf3-65df443bb45f,0.9524187129033416
1cac5ea7-3808-4de7-a2b9-1287f6f72a06,10049b5d-cf44-4b64-b8dd-8aeea432b697,0.6897402912166318
1cac5ea7-3808-4de7-a2b9-1287f6f72a06,10049dc8-419c-419c-bf7b-b49067dd0f28,0.8715084669801065
1cac5ea7-3808-4de7-a2b9-1287f6f72a06,10062773-8d26-44ee-8779-a3ef35703d22,0.9232492325598464
1cac5ea7-3808-4de7-a2b9-1287f6f72a06,10074605-945a-4ea2-9107-0362cb6f66ac,0.9331599335142536
1cac5ea7-3808-4de7-a2b9-1287f6f72a06,100865af-6351-4359-8b69-b9421dde368e,0.5751035938899108
1cac5ea7-3808-4de7-a2b9-1287f6f72a06,100a937a-2c38-4540-a178-59ff07081469,0.514876803897809
1cac5ea7-3808-4de7-a2b9-1287f6f72a06,100a9e41-a612-444c-84b2-3d30920b9700,0.7187059971307371
1cac5ea7-3808-4de7-a2b9-1287f6f72a06,100d46c2-d543-4d4d-a0f0-2c0711ac2441,0.9473355150591124
1cac5ea7-3808-4de7-a2b9-1287f6f72a06,100dcbf0-57aa-4033-a51f-13a4c8fe001a,0.8797294264019107
1cac5ea7-3808-4de7-a2b9-1287f6f72a06,100de2a1-ae13-421e-99ea-fd17ef1db80b,0.8021348002384598
1cac5ea7-3808-4de7-a2b9-1287f6f72a06,100e02eb-466c-4420-b248-7326aeb5cc06,0.904598057341582
1cac5ea7-3808-4de7-a2b9-1287f6f72a06,100f97a5-a20d-4766-8871-9c7a8fc5ba8a,0.928239428928614
1cac5ea7-3808-4de7-a2b9-1287f6f72a06,100fcdf0-086e-4778-ba14-d0e3c80da9f5,0.8780582111298793
1cac5ea7-3808-4de7-a2b9-1287f6f72a06,10101120-4464-44b3-a225-1a91b20ae8be,0.8517329982524516
1cac5ea7-3808-4de7-a2b9-1287f6f72a06,10147852-6a38-43f5-bdf1-71563b39a278,0.9320229765035032
1cac5ea7-3808-4de7-a2b9-1287f6f72a06,10155e83-5b96-4fcf-bd70-e8cdcfc48254,0.901171367000267
1cac5ea7-3808-4de7-a2b9-1287f6f72a06,1015db07-baa2-406a-8c87-4b0941a43aed,0.814639991220516
1cac5ea7-3808-4de7-a2b9-1287f6f72a06,10163477-c11b-4b66-b570-b4fecbe45153,0.8617356083805783
1cac5ea7-3808-4de7-a2b9-1287f6f72a06,101690a5-2f6d-43fb-8ca6-aba41395a090,0.9567159485855282
1cac5ea7-3808-4de7-a2b9-1287f6f72a06,101971d7-ad9d-434b-a6c7-11b4c6e5cc6a,0.9217799794513396
1cac5ea7-3808-4de7-a2b9-1287f6f72a06,101b5421-3eba-4292-8a06-03983de0e37a,0.9009605379304584
1cac5ea7-3808-4de7-a2b9-1287f6f72a06,101b8b13-9d6f-4a0b-8b7a-15c63656ddc4,0.4064132298813833
1cac5ea7-3808-4de7-a2b9-1287f6f72a06,101c9566-bf7c-4fbd-9b72-6b340445f9e2,0.8552769814451459
1cac5ea7-3808-4de7-a2b9-1287f6f72a06,101f1bf0-d48c-4db8-bf8c-f6dfd8ee1040,0.9308943832908876
1cac5ea7-3808-4de7-a2b9-1287f6f72a06,101f490e-a14c-4d89-9fcf-92fae34b32c4,0.919400967452397
1cac5ea7-3808-4de7-a2b9-1287f6f72a06,1020d125-6388-4b5d-8da1-df1d80e91b6c,0.8945958796282445
1cac5ea7-3808-4de7-a2b9-1287f6f72a06,1021df2f-fda2-421f-958c-a5c971abc894,0.7703739840408357
1cac5ea7-3808-4de7-a2b9-1287f6f72a06,1021e4d8-7a30-4aaf-a21b-fec78a1b779d,0.762075413465888
1cac5ea7-3808-4de7-a2b9-1287f6f72a06,10223329-79c6-42fb-b870-df6a7e440f5b,0.8283317456951143
1cac5ea7-3808-4de7-a2b9-1287f6f72a06,10226a51-fc62-4238-bc56-5125d614f9d3,0.9644558958114297
1cac5ea7-3808-4de7-a2b9-1287f6f72a06,1022b5ae-3f46-4c6d-86cd-a3ddeb3598de,0.8893946886094231
1cac5ea7-3808-4de7-a2b9-1287f6f72a06,10235aba-ff52-4b78-9cba-547a4938da78,0.9191879740496464
1cac5ea7-3808-4de7-a2b9-1287f6f72a06,1023c1f4-08eb-42ec-9d81-952c7267a272,0.9037363315751966
1cac5ea7-3808-4de7-a2b9-1287f6f72a06,10242ebd-a03d-44fd-8731-9e6ebcb24642,0.9089130803125458
1cac5ea7-3808-4de7-a2b9-1287f6f72a06,10248f5f-e7e9-4438-a3c3-64fc148a0edb,0.9242725733565944
1cac5ea7-3808-4de7-a2b9-1287f6f72a06,1024e317-6d26-4043-86bc-b4212c71c3fc,0.765884873804779
1cac5ea7-3808-4de7-a2b9-1287f6f72a06,10267418-8229-4f9f-a275-5d24476536bf,0.9061776681485968
1cac5ea7-3808-4de7-a2b9-1287f6f72a06,1026eae0-ab77-41d7-ad12-a2238f25fc5c,0.7462523278828833
1cac5ea7-3808-4de7-a2b9-1287f6f72a06,102997bb-5ba6-45de-99a0-0f55a3424228,0.8367838786684757
1cac5ea7-3808-4de7-a2b9-1287f6f72a06,102a3e2e-26ff-4bef-8bd8-92bee98141fb,0.9243334512000452
1cac5ea7-3808-4de7-a2b9-1287f6f72a06,102df44e-24de-4a23-bae4-43cdb247c11a,0.9013669651811272
1cac5ea7-3808-4de7-a2b9-1287f6f72a06,102e0835-23ee-4ed4-8c6c-701087c6313d,0.971135176065288
1cac5ea7-3808-4de7-a2b9-1287f6f72a06,102ea561-62d9-46c1-bd33-3d3895aa828e,0.7531977045037399
1cac5ea7-3808-4de7-a2b9-1287f6f72a06,102f1f3a-dd2b-4190-b167-5016d0d2b2b6,0.7507321110685914
1cac5ea7-3808-4de7-a2b9-1287f6f72a06,102fd379-27de-4ef4-af59-3f9989a74aea,0.8058354475731014
1cac5ea7-3808-4de7-a2b9-1287f6f72a06,10313064-60cf-4614-99a4-4eb08191290e,0.9479515353533742
1cac5ea7-3808-4de7-a2b9-1287f6f72a06,10316979-2639-4f97-901a-cc5718e47c1e,0.9675962629811966
1cac5ea7-3808-4de7-a2b9-1287f6f72a06,10331021-96ef-42ff-a49c-aa584feeddfa,0.9392583151615508
1cac5ea7-3808-4de7-a2b9-1287f6f72a06,1033b158-1164-44e7-8349-c8ba071f2144,0.6810793370463326
1cac5ea7-3808-4de7-a2b9-1287f6f72a06,1034254b-249f-4001-b836-893230a90d9a,0.5461603995124602
1cac5ea7-3808-4de7-a2b9-1287f6f72a06,10368956-4bad-45e8-a3e8-d0565e1904ed,0.8882289084001587
1cac5ea7-3808-4de7-a2b9-1287f6f72a06,10370652-3421-4f7b-966a-27de7462f690,0.9570697621009407
1cac5ea7-3808-4de7-a2b9-1287f6f72a06,10389101-b874-4e18-937e-5e994fdbd6f1,0.9531903791520314
1cac5ea7-3808-4de7-a2b9-1287f6f72a06,10389637-5c16-4c7b-9f94-240d92b293e7,0.9161695569301808
1cac5ea7-3808-4de7-a2b9-1287f6f72a06,1038f4d0-b6b8-4af6-a289-4da188aed40d,0.8745560698439625
1cac5ea7-3808-4de7-a2b9-1287f6f72a06,1039b689-0ddc-4696-a050-0f2ee983f1d8,0.8924957464050388
1cac5ea7-3808-4de7-a2b9-1287f6f72a06,103b616b-fad8-48cb-98a0-5aab958f4bf7,0.7727326773194876
1cac5ea7-3808-4de7-a2b9-1287f6f72a06,103ca67f-e785-4918-87da-d7b74ec2f72b,0.9388380847890808
1cac5ea7-3808-4de7-a2b9-1287f6f72a06,103cd6ef-2b26-4f0f-9ee8-61e2cdd13304,0.904716309392932
1cac5ea7-3808-4de7-a2b9-1287f6f72a06,103cebc7-245d-41af-8c24-07cbbf2eac1c,0.8684023871333042
1cac5ea7-3808-4de7-a2b9-1287f6f72a06,103ddc6c-7c65-4c07-bdbf-f8359376deac,0.9232936922212228
1cac5ea7-3808-4de7-a2b9-1287f6f72a06,103e78f9-5ca8-44ff-a668-7bc59da177de,0.920930014974186
1cac5ea7-3808-4de7-a2b9-1287f6f72a06,103fcbbb-1435-4b21-b2ac-1fd7d9bb650f,0.7520069966665112
1cac5ea7-3808-4de7-a2b9-1287f6f72a06,10411d66-6102-413f-a391-8d9cab5cea87,0.8831637733711565
1cac5ea7-3808-4de7-a2b9-1287f6f72a06,104152c6-b418-4435-95d7-fc600af71b85,0.4439404925317371
1cac5ea7-3808-4de7-a2b9-1287f6f72a06,10415d17-46ae-4ebd-9fe4-4f8f4827cda1,0.9369684973709036
1cac5ea7-3808-4de7-a2b9-1287f6f72a06,104200fa-509b-4a9a-8297-ac39daf38b94,0.8623132936649134
1cac5ea7-3808-4de7-a2b9-1287f6f72a06,1043ee95-e164-4b80-9f77-d23a0991995d,0.49551453792486
1cac5ea7-3808-4de7-a2b9-1287f6f72a06,10450ee7-e085-4865-b3e1-18a5bc99a436,0.9263946776944016
1cac5ea7-3808-4de7-a2b9-1287f6f72a06,10455b39-8b71-4dc0-9c08-cd0f03cdacbe,0.9597900953107572
1cac5ea7-3808-4de7-a2b9-1287f6f72a06,10468bd3-b845-4108-81c9-8bedb7af6a24,0.9365013245815692
1cac5ea7-3808-4de7-a2b9-1287f6f72a06,1046c6d6-89f6-4fee-a1a8-e5489da6efef,0.7660201958611352
1cac5ea7-3808-4de7-a2b9-1287f6f72a06,1046c883-c2a6-4063-9432-f5dd2899db58,0.6149620091801207
1cac5ea7-3808-4de7-a2b9-1287f6f72a06,1046e4bb-97ba-4e45-a362-4d6c58f2086f,0.7120322727475779
1cac5ea7-3808-4de7-a2b9-1287f6f72a06,104857d4-b662-41b6-b821-2ffdefde9b90,0.6678265435589462
1cac5ea7-3808-4de7-a2b9-1287f6f72a06,10490b6f-c055-4cd0-bf72-553e50399813,0.9086743791096752
1cac5ea7-3808-4de7-a2b9-1287f6f72a06,104b2544-708e-44c9-b044-3b6908c03395,0.8632475725944381
1cac5ea7-3808-4de7-a2b9-1287f6f72a06,104b2617-9f8e-49be-b0eb-8dadb2619eab,0.853595093588857
1cac5ea7-3808-4de7-a2b9-1287f6f72a06,104cb2f1-ae02-4ca1-91dc-3108e9ee887e,0.9312440507377558
1cac5ea7-3808-4de7-a2b9-1287f6f72a06,104f3ec1-220a-4981-8646-4e6213bf4063,0.9450066291776924
1cac5ea7-3808-4de7-a2b9-1287f6f72a06,10509b1c-dc76-4014-8e39-b61e22ebaf62,0.8427632765639343
1cac5ea7-3808-4de7-a2b9-1287f6f72a06,10517278-3d5a-499e-a64f-f93eea56e956,0.9233869712289984
1cac5ea7-3808-4de7-a2b9-1287f6f72a06,1051fc52-5e4f-4a64-a7f6-ef74b866202c,0.7114861923784174
1cac5ea7-3808-4de7-a2b9-1287f6f72a06,10532df8-9e76-4d2e-81e2-70936c0b5674,0.971582504063354
1cac5ea7-3808-4de7-a2b9-1287f6f72a06,10539e89-fd45-4bcc-b7af-d244b190a920,0.920802687003006
1cac5ea7-3808-4de7-a2b9-1287f6f72a06,10545c22-56b3-4146-bd66-9d463fc0c946,0.8555549819627376
1cac5ea7-3808-4de7-a2b9-1287f6f72a06,1055900e-eec3-4639-9366-751b1f0c0dbd,0.8136795778099423
1cac5ea7-3808-4de7-a2b9-1287f6f72a06,10565cb3-99f2-4099-8c67-804f79eb4814,0.869015994678233
1cac5ea7-3808-4de7-a2b9-1287f6f72a06,105902d8-491d-4ca6-bf36-cd41466ea0f7,0.7813202136500758
1cac5ea7-3808-4de7-a2b9-1287f6f72a06,1059ee39-c287-4a9c-8a5f-87570840a7e7,0.7883865996330187
1cac5ea7-3808-4de7-a2b9-1287f6f72a06,105a52c4-3ddb-4561-bef5-d0bb8ad4f8d6,0.901544967310022
1cac5ea7-3808-4de7-a2b9-1287f6f72a06,105b4b57-94a2-4caa-8248-6789fdf14771,0.8687021675161375
1cac5ea7-3808-4de7-a2b9-1287f6f72a06,105be668-64e6-43da-9d09-185fe3ba1e03,0.947737738433115
1cac5ea7-3808-4de7-a2b9-1287f6f72a06,105cb05f-b58e-4f54-ae5f-7ea8bd911768,0.7930057506999296
1cac5ea7-3808-4de7-a2b9-1287f6f72a06,105dac11-c9b4-40dc-a7fd-731f52f0a427,0.9175559506798114
1cac5ea7-3808-4de7-a2b9-1287f6f72a06,105e8f0d-d447-4346-8103-cda5a3c6e117,0.9368821898542684
1cac5ea7-3808-4de7-a2b9-1287f6f72a06,106106a6-bf20-4d52-a139-f22479deec03,0.7408078741632078
1cac5ea7-3808-4de7-a2b9-1287f6f72a06,10629c71-4ec7-438e-8601-bd89f9b4542c,0.8888831434548804
1cac5ea7-3808-4de7-a2b9-1287f6f72a06,1062aa9e-dee5-43c1-90a2-0211465d49d1,0.7653628770424254
1cac5ea7-3808-4de7-a2b9-1287f6f72a06,1063cc2f-4a5e-47ab-9347-579488f3ea9d,0.665816945971369
1cac5ea7-3808-4de7-a2b9-1287f6f72a06,1068ebf0-1354-48d7-9425-740861beb9fc,0.963425740045566
1cac5ea7-3808-4de7-a2b9-1287f6f72a06,106c9941-7b7e-4c35-b5df-a4bc2fcd5cf3,0.7772668762133133
1cac5ea7-3808-4de7-a2b9-1287f6f72a06,106cffaf-a227-4278-9e25-09590c379d23,0.8632121045783738
1cac5ea7-3808-4de7-a2b9-1287f6f72a06,106d8a0a-0daa-4a7e-b2c0-11762dce6006,0.9497423670167237
1cac5ea7-3808-4de7-a2b9-1287f6f72a06,106efaa1-a773-40d3-a2ff-e6a5578bf9d6,0.9568577833155316
1cac5ea7-3808-4de7-a2b9-1287f6f72a06,106f08fb-ba84-46f8-aac7-9cea94c58e96,0.7448288141618108
1cac5ea7-3808-4de7-a2b9-1287f6f72a06,1070b59d-a766-4357-9252-eda5ba56a5d5,0.823058779916745
1cac5ea7-3808-4de7-a2b9-1287f6f72a06,1070b709-7bfa-485d-a4a8-acf5481bbe6e,0.8968386479174681
1cac5ea7-3808-4de7-a2b9-1287f6f72a06,1071ba4d-2089-4f20-ac48-f5eb461a9a67,0.9444672127885616
1cac5ea7-3808-4de7-a2b9-1287f6f72a06,107617d2-4a23-4c5d-8d46-150741fa38e6,0.893598974710045
1cac5ea7-3808-4de7-a2b9-1287f6f72a06,107743b7-422f-4345-84e9-4834a8beccb1,0.8514992448035312
1cac5ea7-3808-4de7-a2b9-1287f6f72a06,10789052-7639-473e-9ba0-cad9d97eac7c,0.950859689241103
1cac5ea7-3808-4de7-a2b9-1287f6f72a06,10798337-5f1e-4663-a335-32df439e2ea8,0.7686389730588762
1cac5ea7-3808-4de7-a2b9-1287f6f72a06,10798e11-e135-46f2-9beb-d8a7bffce89f,0.8561473910721492
1cac5ea7-3808-4de7-a2b9-1287f6f72a06,1079ece7-78f2-4fc2-9e71-fb3e635e2982,0.5913251507766325
1cac5ea7-3808-4de7-a2b9-1287f6f72a06,107a090f-bc3d-434b-8b69-c7b446ceaafa,0.8337041177787771
1cac5ea7-3808-4de7-a2b9-1287f6f72a06,107a3d93-9577-4156-90ba-65d0deddb7da,0.8795721605580116
1cac5ea7-3808-4de7-a2b9-1287f6f72a06,107bf80c-1232-459d-819e-d9f48b38f639,0.8892814600374945
1cac5ea7-3808-4de7-a2b9-1287f6f72a06,107fdf58-d48c-4bc7-bbd4-74041a5e7359,0.9936436014487372
1cac5ea7-3808-4de7-a2b9-1287f6f72a06,108005db-0c29-4128-962f-d3abfd4902ac,0.8577009381939016
1cac5ea7-3808-4de7-a2b9-1287f6f72a06,1084258a-8c19-4157-8088-b0bde2f44cf5,0.9162435106622648
1cac5ea7-3808-4de7-a2b9-1287f6f72a06,10845c5a-db7c-469b-92b0-efe8337017d7,0.9529236066315562
1cac5ea7-3808-4de7-a2b9-1287f6f72a06,10855b13-2bf7-4d6c-9b9a-d424ecb19b3e,0.5998241204384986
1cac5ea7-3808-4de7-a2b9-1287f6f72a06,10894429-192b-4407-85f1-e8750ac20482,0.969704526884798
1cac5ea7-3808-4de7-a2b9-1287f6f72a06,10897de6-37c6-4c7c-83c3-020508078b98,0.7732872482838573
1cac5ea7-3808-4de7-a2b9-1287f6f72a06,108a71b1-731a-40da-97f7-8a8f43a86e70,0.8735117270201821
1cac5ea7-3808-4de7-a2b9-1287f6f72a06,108bd162-e7b4-476c-a700-33cec76cdf0c,0.9875447598464148
1cac5ea7-3808-4de7-a2b9-1287f6f72a06,108c7db9-4393-4e74-85d4-ce9114b08914,0.7961408235656131
1cac5ea7-3808-4de7-a2b9-1287f6f72a06,108de0f2-d48d-4b06-9be9-0683cc630a6e,0.9557524471977508
1cac5ea7-3808-4de7-a2b9-1287f6f72a06,108e9e65-5635-478c-ab32-e0be92e016a2,0.6796830019051189
1cac5ea7-3808-4de7-a2b9-1287f6f72a06,108fa917-bb27-4421-9be3-50ed9d931c58,0.1941230839050809
1cac5ea7-3808-4de7-a2b9-1287f6f72a06,108fc6db-b7f7-4645-904e-5f32f63dab52,0.8551407020418897
1cac5ea7-3808-4de7-a2b9-1287f6f72a06,10933ec4-6397-4906-a623-b21e3e4f9177,0.3039261452026323
1cac5ea7-3808-4de7-a2b9-1287f6f72a06,10939e0c-6bef-434e-84f6-eea63f0e90ca,0.921968624703129
1cac5ea7-3808-4de7-a2b9-1287f6f72a06,1093e307-cbb9-45d6-895d-a3660635f68f,0.811530840221591
1cac5ea7-3808-4de7-a2b9-1287f6f72a06,1094433b-d8ea-4f4d-9ae9-2a66507ef2f7,0.8716318920569655
1cac5ea7-3808-4de7-a2b9-1287f6f72a06,1094c9f2-d6ec-442f-8d6c-c073008b8ad0,0.3940529822923603
1cac5ea7-3808-4de7-a2b9-1287f6f72a06,1095e4dc-40e4-4a2a-be74-3a25e3318519,0.9453206408507214
1cac5ea7-3808-4de7-a2b9-1287f6f72a06,1096213c-fa3a-4dc1-8f77-fbfd10a7dbc8,0.9479203885210336
1cac5ea7-3808-4de7-a2b9-1287f6f72a06,1098a748-6d10-49d4-b3f6-63b9d86496ae,0.9183563311647924
1cac5ea7-3808-4de7-a2b9-1287f6f72a06,1098ca77-a158-4b9c-86d5-eaeac4c4905b,0.7466531199506616
1cac5ea7-3808-4de7-a2b9-1287f6f72a06,10990315-ddb3-4e41-84ff-6928943ec4a4,0.8579796954890004
1cac5ea7-3808-4de7-a2b9-1287f6f72a06,109926de-f445-4a30-8d55-dfe66c915453,0.965521958738034
1cac5ea7-3808-4de7-a2b9-1287f6f72a06,109a43fd-19e7-473b-a0fc-035353e77f2c,0.8636392689803286
1cac5ea7-3808-4de7-a2b9-1287f6f72a06,109a6141-db08-4e40-bf18-c53098ec3a24,0.9488687868458832
1cac5ea7-3808-4de7-a2b9-1287f6f72a06,109d2648-83f6-4ee8-97e7-5c2b6d540679,0.7946935526679642
1cac5ea7-3808-4de7-a2b9-1287f6f72a06,109ea567-bd06-42f6-9dce-ed8769fb68af,0.839145674655248
1cac5ea7-3808-4de7-a2b9-1287f6f72a06,10a532c3-c379-429e-a01b-d8fc91cc6368,0.8455499103610503
1cac5ea7-3808-4de7-a2b9-1287f6f72a06,10a966f9-477a-4178-a187-c5b3f6aa0291,0.8911552641382691
1cac5ea7-3808-4de7-a2b9-1287f6f72a06,10ab68be-bc19-4d16-8a16-1073b1c5dabe,0.9113557641295904
1cac5ea7-3808-4de7-a2b9-1287f6f72a06,10ab7957-ef7c-4a2d-980e-844d10a10f41,0.8334310262714786
1cac5ea7-3808-4de7-a2b9-1287f6f72a06,10abf249-226f-43e8-b050-a8622ea6747a,0.642306563154146
1cac5ea7-3808-4de7-a2b9-1287f6f72a06,10b0f657-46bc-415d-b8f1-858485642940,0.7538868885283517
1cac5ea7-3808-4de7-a2b9-1287f6f72a06,10b371f6-7a97-4963-926f-8656b35a86f7,0.8199785686035521
1cac5ea7-3808-4de7-a2b9-1287f6f72a06,10b3d2e8-78f8-4793-abb8-24b9ba3c8ce5,0.8955713075755269
1cac5ea7-3808-4de7-a2b9-1287f6f72a06,10b4e3a1-4a98-443f-948e-b0adf6c41118,0.9294611536682476
1cac5ea7-3808-4de7-a2b9-1287f6f72a06,10b4f320-d65c-4e28-ba4e-0aa74891d0d0,0.8388846229339193
1cac5ea7-3808-4de7-a2b9-1287f6f72a06,10b86f68-8706-4830-ac8b-2d6d91c6f233,0.9404518879774924
1cac5ea7-3808-4de7-a2b9-1287f6f72a06,10b875e9-2616-45b3-813f-04760310f4c7,0.9057271851023676
1cac5ea7-3808-4de7-a2b9-1287f6f72a06,10bbfcd0-32b8-4f88-85a8-883331b46660,0.8150084723678008
1cac5ea7-3808-4de7-a2b9-1287f6f72a06,10bc49b3-67fd-41e6-aec0-0354e278ef18,0.943290121623868
1cac5ea7-3808-4de7-a2b9-1287f6f72a06,10be4eb2-8d5e-459c-b6d5-fbf775a44ddf,0.7322104173905263
1cac5ea7-3808-4de7-a2b9-1287f6f72a06,10be549b-5292-4ea0-a34f-729487fe1ea8,0.8707372761293444
1cac5ea7-3808-4de7-a2b9-1287f6f72a06,10be965e-6cbc-4010-86b4-b629ac59d7ca,0.8452028916412974
1cac5ea7-3808-4de7-a2b9-1287f6f72a06,10c0272e-c5c2-4b95-ae2a-d2753df37f7c,0.8876168916910312
1cac5ea7-3808-4de7-a2b9-1287f6f72a06,10c11896-ca62-4e72-a29c-acf7b0606ec0,0.7655814243093585
1cac5ea7-3808-4de7-a2b9-1287f6f72a06,10c236c7-84a6-4e66-9bfd-b5117ba8b4cf,0.3023885754901622
1cac5ea7-3808-4de7-a2b9-1287f6f72a06,10c4f250-8b4c-43d9-91cd-e002da715ba5,0.9050444845096968
1cac5ea7-3808-4de7-a2b9-1287f6f72a06,10c56b80-1996-412d-aad3-67da6c0089a5,0.9691193364173424
1cac5ea7-3808-4de7-a2b9-1287f6f72a06,10c61809-915f-4721-a957-ed399bf36c9e,0.757846668933913
1cac5ea7-3808-4de7-a2b9-1287f6f72a06,10c64845-4e63-4eab-bc5c-5d7b6c338492,0.9164840187498638
1cac5ea7-3808-4de7-a2b9-1287f6f72a06,10c9052a-da15-4568-8c18-d8c67a7287af,0.9279600674299358
1cac5ea7-3808-4de7-a2b9-1287f6f72a06,10ca797e-4ed5-4a6c-bf90-09012ca39d4f,0.908511467459334
1cac5ea7-3808-4de7-a2b9-1287f6f72a06,10cb8565-7279-41b4-ad7d-18e8a874cd95,0.8572517198956203
1cac5ea7-3808-4de7-a2b9-1287f6f72a06,10cc00c7-c662-42f4-a388-1a1c9764e0e2,0.8945204748689536
1cac5ea7-3808-4de7-a2b9-1287f6f72a06,10cc21d3-76ec-4b41-8952-5702956b4fa9,0.9593643217902372
1cac5ea7-3808-4de7-a2b9-1287f6f72a06,10cea28e-88b8-4acf-abce-4f5ae6e54577,0.7283524245892399
1cac5ea7-3808-4de7-a2b9-1287f6f72a06,10d53d41-fb4d-4528-8e58-715031d8fcee,0.901317525231442
1cac5ea7-3808-4de7-a2b9-1287f6f72a06,10d6e8e5-3ea0-4078-aff7-b44f3509dd06,0.7072620687440878
1cac5ea7-3808-4de7-a2b9-1287f6f72a06,10d8c953-7d0d-4c51-945e-5d65c055866b,0.8861753415961862
1cac5ea7-3808-4de7-a2b9-1287f6f72a06,10d916d7-99d3-4728-8ff3-bfada773e0be,0.8661523508332517
1cac5ea7-3808-4de7-a2b9-1287f6f72a06,10d95e75-8d87-4846-9b49-99fe1d9487ac,0.851023091113712
1cac5ea7-3808-4de7-a2b9-1287f6f72a06,10d9874c-75b7-4368-a1f0-c52dac828541,0.9275755601280656
1cac5ea7-3808-4de7-a2b9-1287f6f72a06,10d9a95a-bd09-432a-b702-ff6a976a58ae,0.876960038291245
1cac5ea7-3808-4de7-a2b9-1287f6f72a06,10d9bc7b-803c-4580-91b1-ad37b4816cff,0.6067231286469594
1cac5ea7-3808-4de7-a2b9-1287f6f72a06,10db8da8-a54d-451f-9adf-c46ad1399a6d,0.9172551507233638
1cac5ea7-3808-4de7-a2b9-1287f6f72a06,10dd4bba-a01d-4f86-8586-872c32efe6f5,0.7543953955381117
1cac5ea7-3808-4de7-a2b9-1287f6f72a06,10dde2e9-d0fa-418f-8285-ef0fc1b96656,0.9170060371109596
1cac5ea7-3808-4de7-a2b9-1287f6f72a06,10e306ce-b18b-4301-824c-5e5d20f21000,0.8932395539134926
1cac5ea7-3808-4de7-a2b9-1287f6f72a06,10e390b8-8d6b-4ad2-9d5a-ea95fb1983c2,0.9575561851361492
1cac5ea7-3808-4de7-a2b9-1287f6f72a06,10e4398d-3acc-4367-800d-c016beb0ba74,0.8517986962028997
1cac5ea7-3808-4de7-a2b9-1287f6f72a06,10e687a8-1f9f-47c5-8507-8a4fdb34223b,0.9247224437819408
1cac5ea7-3808-4de7-a2b9-1287f6f72a06,10e93caf-bb7e-44ea-91c5-a2a5bb80b1ff,0.9345045208979692
1cac5ea7-3808-4de7-a2b9-1287f6f72a06,10e98a82-57cd-4a9b-9928-7f053bf7b680,0.8615272122716753
1cac5ea7-3808-4de7-a2b9-1287f6f72a06,10eac019-4abf-4461-abfc-3f38e2fb4fd3,0.6851831945854829
1cac5ea7-3808-4de7-a2b9-1287f6f72a06,10ec00a5-a6ce-42d2-bf08-c3e3a114e690,0.9727618082929842
1cac5ea7-3808-4de7-a2b9-1287f6f72a06,10ee2557-5202-4070-afbf-4e05bad5eddd,0.9690468226900172
1cac5ea7-3808-4de7-a2b9-1287f6f72a06,10eef0db-96ca-40d3-a67d-35342064e804,0.8199625878324808
1cac5ea7-3808-4de7-a2b9-1287f6f72a06,10ef2c25-2948-4624-a62e-56dd2eeb7299,0.9424217105404544
1cac5ea7-3808-4de7-a2b9-1287f6f72a06,10ef959b-6675-4b27-9f7f-237ba0fc6917,0.9464781725206404
1cac5ea7-3808-4de7-a2b9-1287f6f72a06,10efa845-35c5-43cf-933f-1b0745143f0a,0.7480640068571258
1cac5ea7-3808-4de7-a2b9-1287f6f72a06,10f0ca3b-8011-4c22-9986-a50760b8259f,0.771420392909928
1cac5ea7-3808-4de7-a2b9-1287f6f72a06,10f78a2a-35ee-4fa0-a9cb-cb03294bd2ae,0.8431441649825647
1cac5ea7-3808-4de7-a2b9-1287f6f72a06,10fb22e3-0142-48d6-9cfd-980dbb99cff3,0.9339526501957368
1cac5ea7-3808-4de7-a2b9-1287f6f72a06,10fb4b6e-fbd8-495e-99dd-38a2cf67a904,0.8981291603302298
1cac5ea7-3808-4de7-a2b9-1287f6f72a06,10fec6ec-f5d3-46dd-8396-0a71d950874c,0.8362268067932551
1cac5ea7-3808-4de7-a2b9-1287f6f72a06,110019a1-99e4-4e35-9a8e-92e3173dfacc,0.6948381582512297
1cac5ea7-3808-4de7-a2b9-1287f6f72a06,110026d0-951f-4572-8a95-2d38c4ddb587,0.923146629995834
1cac5ea7-3808-4de7-a2b9-1287f6f72a06,1101f55b-ece6-40a1-89aa-a9246d6fdf3a,0.7682374480874323
1cac5ea7-3808-4de7-a2b9-1287f6f72a06,1102c646-abc5-43fe-b59f-01ee9b6d62e2,0.8301286653110326
1cac5ea7-3808-4de7-a2b9-1287f6f72a06,11044d09-78f7-4b31-ab2c-bc60dbb7ff74,0.8689202360129842
1cac5ea7-3808-4de7-a2b9-1287f6f72a06,11049046-0c08-44b1-82c0-3ae49037b39a,0.96374045689007
1cac5ea7-3808-4de7-a2b9-1287f6f72a06,1104ac6a-1713-4b4f-9559-e19e88abcb6b,0.8565453565938066
1cac5ea7-3808-4de7-a2b9-1287f6f72a06,1104ed43-bc53-4b04-92ca-3032fbfc8983,0.6254253512594279
1cac5ea7-3808-4de7-a2b9-1287f6f72a06,1105f229-1ae3-45ca-b92a-7d6ebaa32dfd,0.933549707370542
1cac5ea7-3808-4de7-a2b9-1287f6f72a06,11085bc5-5dc3-4ce7-9473-9b4ec3960bd2,0.9245875455225138
1cac5ea7-3808-4de7-a2b9-1287f6f72a06,1108b9df-12bd-41f1-883c-ecac7ba31870,0.6075719294945141
1cac5ea7-3808-4de7-a2b9-1287f6f72a06,11098393-051f-4848-a5a4-7ff051f364ed,0.6709510193289451
1cac5ea7-3808-4de7-a2b9-1287f6f72a06,110e64c9-03e1-4bff-8e15-ce232c50eb38,0.901841552090318
1cac5ea7-3808-4de7-a2b9-1287f6f72a06,110fc9cd-e224-44a5-a874-d1387a153c7c,0.9219778607143888
1cac5ea7-3808-4de7-a2b9-1287f6f72a06,111046f1-c6eb-4366-9c62-cc750f9eb7b6,0.811998451249289
1cac5ea7-3808-4de7-a2b9-1287f6f72a06,1110d426-f6c0-4d71-90be-cce1b3b7cf27,0.9243528876665034
1cac5ea7-3808-4de7-a2b9-1287f6f72a06,1111d3fc-3ca4-4c7b-aded-a31489198510,0.9243005680048264
1cac5ea7-3808-4de7-a2b9-1287f6f72a06,1111d67e-0736-4a1e-91b2-37d8382df513,0.8086393096020101
1cac5ea7-3808-4de7-a2b9-1287f6f72a06,1112bd69-557d-4c60-928b-2f561fdcbadf,0.8970349011986148
1cac5ea7-3808-4de7-a2b9-1287f6f72a06,1112d397-7e66-4060-b919-3586d3f59947,0.8323907559662428
1cac5ea7-3808-4de7-a2b9-1287f6f72a06,1114127f-54e6-407e-8aa2-6ba9b1269499,0.9204367374493232
1cac5ea7-3808-4de7-a2b9-1287f6f72a06,1115b2d6-53d4-467d-ac96-066370607b47,0.8071296512161876
1cac5ea7-3808-4de7-a2b9-1287f6f72a06,1116157d-2801-471f-b603-1e3be1c2b359,0.4996100629032934
1cac5ea7-3808-4de7-a2b9-1287f6f72a06,111620b9-4f7d-49d2-aeb8-e89864d7f6c3,0.9644341973166
1cac5ea7-3808-4de7-a2b9-1287f6f72a06,111744d2-501d-4d1b-b926-f9ffcf8a2b0d,0.8731668077436933
1cac5ea7-3808-4de7-a2b9-1287f6f72a06,1118d789-4791-4016-a1a5-a25708a25d60,0.8300106008692208
1cac5ea7-3808-4de7-a2b9-1287f6f72a06,1119158e-e908-4b9b-9f95-4529878699d6,0.805240196583153
1cac5ea7-3808-4de7-a2b9-1287f6f72a06,111a12d7-711e-4dce-bab3-c57a76184b0f,0.8839735486497198
1cac5ea7-3808-4de7-a2b9-1287f6f72a06,111b0c0c-89ea-45b3-8561-bf21d9db9118,0.8827609611588021
1cac5ea7-3808-4de7-a2b9-1287f6f72a06,111b232c-436a-49c4-b31f-e0bb23cfea26,0.5393062666841797
1cac5ea7-3808-4de7-a2b9-1287f6f72a06,111b9f39-4933-423d-b104-996e7efefcbb,0.9685710679154208
1cac5ea7-3808-4de7-a2b9-1287f6f72a06,111cf89f-3fe6-4c72-819a-b92649b5d5a7,0.8394188051401712
1cac5ea7-3808-4de7-a2b9-1287f6f72a06,111f0e20-28d0-467e-a6b5-da5fe5944471,0.8732450098552085
1cac5ea7-3808-4de7-a2b9-1287f6f72a06,111fbbfa-5d6a-4ebb-8655-531a65fc2344,0.872661970118818
1cac5ea7-3808-4de7-a2b9-1287f6f72a06,111fcb4d-a454-46e6-9fac-812355ab9369,0.9874399706117812
1cac5ea7-3808-4de7-a2b9-1287f6f72a06,11202a09-9ed1-4e49-8121-fdd40922878e,0.9644249061649128
1cac5ea7-3808-4de7-a2b9-1287f6f72a06,11232da6-ae2f-4be3-9d98-8b863c744bed,0.8259462659884104
1cac5ea7-3808-4de7-a2b9-1287f6f72a06,1123922e-ded9-4f39-ac00-2743a8ca017f,0.8920555806231821
1cac5ea7-3808-4de7-a2b9-1287f6f72a06,11249b78-b46f-4c35-8274-61c13c1daa5f,0.9493230689313444
1cac5ea7-3808-4de7-a2b9-1287f6f72a06,1124b01c-fee9-42d2-b3b9-12f4f608ce0c,0.9037562346374116
1cac5ea7-3808-4de7-a2b9-1287f6f72a06,1124fedd-8ded-4ccd-b17b-3af934a6d299,0.923661959503829
1cac5ea7-3808-4de7-a2b9-1287f6f72a06,11250bf8-c2f9-4d5f-8cf8-f1a3fa3f185c,0.8828284498375086
1cac5ea7-3808-4de7-a2b9-1287f6f72a06,1125e44e-21e3-4135-8128-cae875790063,0.8183632757884148
1cac5ea7-3808-4de7-a2b9-1287f6f72a06,1127cdb2-32a0-4653-9e0c-626d5a86fa2d,0.9023313028343434
1cac5ea7-3808-4de7-a2b9-1287f6f72a06,1128dfbb-3711-46f9-b80c-31e75247932d,0.7798984797540457
1cac5ea7-3808-4de7-a2b9-1287f6f72a06,112c644a-a939-4148-a21c-6a34ffd752af,0.9383667203501724
1cac5ea7-3808-4de7-a2b9-1287f6f72a06,112d14ec-58aa-4d8e-8bc4-a4c62eee4bfa,0.9205547681593412
1cac5ea7-3808-4de7-a2b9-1287f6f72a06,1133bfb8-d3d6-4714-8977-6055ad71b957,0.7314728796183304
1cac5ea7-3808-4de7-a2b9-1287f6f72a06,113408be-da47-445e-8b1d-97187b1b7b4c,0.7209468867436049
1cac5ea7-3808-4de7-a2b9-1287f6f72a06,11343a23-9861-45d9-b2e9-1d5c875f6fde,0.9488851010296966
1cac5ea7-3808-4de7-a2b9-1287f6f72a06,11349a10-e604-4b2a-9161-ece79b4f2ee2,0.753867130717473
1cac5ea7-3808-4de7-a2b9-1287f6f72a06,1134baf9-a953-4855-b05a-51b7b7123ffa,0.9041108297911982
1cac5ea7-3808-4de7-a2b9-1287f6f72a06,11354178-c2a8-43fb-aa46-9f654e6306c4,0.7539592739886489
1cac5ea7-3808-4de7-a2b9-1287f6f72a06,1135f9e4-fa91-4127-81bf-e4535f50b99b,0.9361433593971076
1cac5ea7-3808-4de7-a2b9-1287f6f72a06,11368c8f-b937-4a70-a56d-fed459450412,0.7453601790180874
1cac5ea7-3808-4de7-a2b9-1287f6f72a06,11394269-355d-4789-a0fa-f83d5b2a1d63,0.8609448507634544
1cac5ea7-3808-4de7-a2b9-1287f6f72a06,113b85bf-a7cb-46b3-8aa5-66285f304f4b,0.8213958706905442
1cac5ea7-3808-4de7-a2b9-1287f6f72a06,113c3845-0ca2-438f-90a8-0e929c750535,0.9162054640546816
1cac5ea7-3808-4de7-a2b9-1287f6f72a06,113f2b53-f864-4705-af0b-a345a16a767b,0.958801310300382
1cac5ea7-3808-4de7-a2b9-1287f6f72a06,11407ce1-d73b-427e-a9d1-dc99ea0614df,0.8943938495920796
1cac5ea7-3808-4de7-a2b9-1287f6f72a06,1140dd36-5512-4385-8413-1fcb4cf30026,0.8629983453377214
1cac5ea7-3808-4de7-a2b9-1287f6f72a06,1140eec9-e30e-41f3-a0fe-27a87f8ce814,0.8637800981282555
1cac5ea7-3808-4de7-a2b9-1287f6f72a06,11437823-8f6e-4a4d-9aa0-77a6783043b9,0.8911125647676288
1cac5ea7-3808-4de7-a2b9-1287f6f72a06,11440f9b-9d08-4485-8dd4-f37779dfab83,0.8367682507083264
1cac5ea7-3808-4de7-a2b9-1287f6f72a06,114526e9-f465-48ca-83d9-4860e14bf7f8,0.8557344118182397
1cac5ea7-3808-4de7-a2b9-1287f6f72a06,1145d4b6-0568-4331-a5c1-870b679ec765,0.9337211344102282
1cac5ea7-3808-4de7-a2b9-1287f6f72a06,114601f3-c3ff-4d7f-856b-56946d2bcc5d,0.9418729789592936
1cac5ea7-3808-4de7-a2b9-1287f6f72a06,114704c0-18aa-4c55-9fea-d591b1808c81,0.7677833580676785
1cac5ea7-3808-4de7-a2b9-1287f6f72a06,11496a93-cf58-41c8-be79-3b79d972b7fa,0.845638277768019
1cac5ea7-3808-4de7-a2b9-1287f6f72a06,114b8056-013d-4678-84d7-6c9898346b27,0.7903250096577052
1cac5ea7-3808-4de7-a2b9-1287f6f72a06,114c7a36-f293-42e6-966f-510f3411c498,0.9252361617099284
1cac5ea7-3808-4de7-a2b9-1287f6f72a06,114e2230-17e4-49b1-815c-5c594832d8d0,0.8879266353911487
1cac5ea7-3808-4de7-a2b9-1287f6f72a06,1151003d-ad03-4d06-9452-776bcc640e2a,0.918955271524028
1cac5ea7-3808-4de7-a2b9-1287f6f72a06,11510080-81ca-4828-9ead-d8a148ed76c9,0.9620353548576304
1cac5ea7-3808-4de7-a2b9-1287f6f72a06,11519165-f4be-4c5a-90c2-b61124ef4972,0.7735241956273261
1cac5ea7-3808-4de7-a2b9-1287f6f72a06,11544e6f-e6e8-4dbd-8bb3-56dee65c6f9b,0.8737072421547738
1cac5ea7-3808-4de7-a2b9-1287f6f72a06,1154f9fb-db3c-42bb-9e99-dcf87ba7c2b8,0.9491005151238172
1cac5ea7-3808-4de7-a2b9-1287f6f72a06,11551ba5-a19e-4d0d-92fb-3f9c8ad509ed,0.8864728008665838
1cac5ea7-3808-4de7-a2b9-1287f6f72a06,115742ab-51ac-44f4-9695-8027a10f4a23,0.8683464847593354
1cac5ea7-3808-4de7-a2b9-1287f6f72a06,1157ff52-520b-488c-941c-31db2ed3e8db,0.8008238927648714
1cac5ea7-3808-4de7-a2b9-1287f6f72a06,11592f77-218d-4163-b189-74819d7fc78e,0.8783010087290152
1cac5ea7-3808-4de7-a2b9-1287f6f72a06,11596857-2821-4ec9-b1d1-8323bf15d9b9,0.878182753181408
1cac5ea7-3808-4de7-a2b9-1287f6f72a06,115a5a80-995a-4d87-8644-1fe3c9143894,0.9298925916630192
1cac5ea7-3808-4de7-a2b9-1287f6f72a06,115e0fa5-2147-4a84-a034-318d5b18a790,0.954953984187569
1cac5ea7-3808-4de7-a2b9-1287f6f72a06,115eb4e6-b012-41ac-a150-77233419a8b7,0.9010916666553852
1cac5ea7-3808-4de7-a2b9-1287f6f72a06,115f1f51-0d30-4ba7-a420-21811962c2fa,0.9591661845217232
1cac5ea7-3808-4de7-a2b9-1287f6f72a06,115f2408-b596-4865-8b74-fbdd10eaaede,0.943118765809682
1cac5ea7-3808-4de7-a2b9-1287f6f72a06,1162751c-93cb-4969-b323-c31866321a5d,0.9152681204725144
1cac5ea7-3808-4de7-a2b9-1287f6f72a06,116289e5-e475-4da0-9fca-e647519a834c,0.910732982136396
1cac5ea7-3808-4de7-a2b9-1287f6f72a06,1163c524-4fc1-4a09-9e09-86ad7c931ed8,0.6948556611200732
1cac5ea7-3808-4de7-a2b9-1287f6f72a06,11641b2a-8c69-4d23-8152-d523b380fe32,0.9229243811993038
1cac5ea7-3808-4de7-a2b9-1287f6f72a06,116678fc-f121-43a6-abec-636d860bad54,0.8770793452552598
1cac5ea7-3808-4de7-a2b9-1287f6f72a06,116685a1-3248-419b-8de6-5b477f774427,0.8872816063235888
1cac5ea7-3808-4de7-a2b9-1287f6f72a06,116708f9-d774-4f5d-b6d5-35437bb7fdcd,0.8098814688918545
1cac5ea7-3808-4de7-a2b9-1287f6f72a06,11671110-b4fb-4a7e-80bc-581c20bae519,0.94035066778616
1cac5ea7-3808-4de7-a2b9-1287f6f72a06,1168efef-7c5f-4154-a718-1c1959899634,0.495483697185095
1cac5ea7-3808-4de7-a2b9-1287f6f72a06,1169eedc-212c-46b6-abf8-8dad76fa8e10,0.799592374906724
1cac5ea7-3808-4de7-a2b9-1287f6f72a06,116ad5ed-6102-4c34-8f93-269e5d8b55db,0.793080556300044
1cac5ea7-3808-4de7-a2b9-1287f6f72a06,116b6090-af96-4902-b51e-20b167e5c48c,0.9292529468218128
1cac5ea7-3808-4de7-a2b9-1287f6f72a06,116c1027-97c2-4c56-b6c2-6bbb084d935e,0.8913205413095893
1cac5ea7-3808-4de7-a2b9-1287f6f72a06,116cff91-b691-4957-a036-3182c205a31e,0.9395649397452064
1cac5ea7-3808-4de7-a2b9-1287f6f72a06,116d53cf-7ed0-43de-849f-3c24362e821d,0.9158722127080312
1cac5ea7-3808-4de7-a2b9-1287f6f72a06,116e91e0-bfa6-4c3b-8892-d89adebcba96,0.9594010317794204
1cac5ea7-3808-4de7-a2b9-1287f6f72a06,11716939-23b9-4ade-b7cb-042853ba878b,0.876037854785984
1cac5ea7-3808-4de7-a2b9-1287f6f72a06,1171b35d-a9df-434e-b701-f582f1ca365f,0.9406933669302764
1cac5ea7-3808-4de7-a2b9-1287f6f72a06,11723bf9-a762-4197-b9d4-3de014c0fa56,0.9034998401490428
1cac5ea7-3808-4de7-a2b9-1287f6f72a06,11733da7-cb77-47e5-8c36-f5b2e88890c7,0.8331037047240838
1cac5ea7-3808-4de7-a2b9-1287f6f72a06,1173ecae-5fd5-40da-886b-3401bc1ba5df,0.9436231916983248
1cac5ea7-3808-4de7-a2b9-1287f6f72a06,1174cd9e-d5ef-4dd1-b98e-fad92d8c1fc3,0.874829553910259
1cac5ea7-3808-4de7-a2b9-1287f6f72a06,1175f5ee-44ad-4609-bafb-35da42552402,0.8124752563418689
1cac5ea7-3808-4de7-a2b9-1287f6f72a06,117708cc-b822-43b6-b428-4c0939e1b0fd,0.3885563332159611
1cac5ea7-3808-4de7-a2b9-1287f6f72a06,11777c5b-dafe-4f40-abf3-9a946084a01c,0.9314332128556888
1cac5ea7-3808-4de7-a2b9-1287f6f72a06,117938f7-741a-4764-a9b4-f928d71ca633,0.7035624157557738
1cac5ea7-3808-4de7-a2b9-1287f6f72a06,117966ea-9c3e-4d59-9736-1743db657270,0.917895854040672
1cac5ea7-3808-4de7-a2b9-1287f6f72a06,117cd820-f685-4780-93d2-a6cacd00f5e2,0.7660495502391408
1cac5ea7-3808-4de7-a2b9-1287f6f72a06,118652a4-1058-4f54-828e-b4b5186b600d,0.9570921866119836
1cac5ea7-3808-4de7-a2b9-1287f6f72a06,1186b533-c494-418d-9b1b-0f15d1a397d4,0.9196415373961307
1cac5ea7-3808-4de7-a2b9-1287f6f72a06,11877969-2853-4b5d-8790-fd2309195e8c,0.8774619737933808
1cac5ea7-3808-4de7-a2b9-1287f6f72a06,118a8974-defe-491e-9472-fe06e20bd4ab,0.92802911814374
1cac5ea7-3808-4de7-a2b9-1287f6f72a06,118d2fdc-4a14-4398-aafe-059e35568d6a,0.6841100109899505
1cac5ea7-3808-4de7-a2b9-1287f6f72a06,118f7f2a-11cf-4f1c-9836-79086e09c805,0.7891986826618902
1cac5ea7-3808-4de7-a2b9-1287f6f72a06,118fc08e-604f-40e2-b8ad-d054c0e2333b,0.9283128624270188
1cac5ea7-3808-4de7-a2b9-1287f6f72a06,118ff760-7c42-4fd7-8ea5-a96f1dc76dd7,0.934587265811064
1cac5ea7-3808-4de7-a2b9-1287f6f72a06,1190ac51-3ecc-4f87-881d-3af3237111d4,0.8395642895052051
1cac5ea7-3808-4de7-a2b9-1287f6f72a06,11925b7c-3cfb-410b-abf3-4b471d449d18,0.4663864721295642
1cac5ea7-3808-4de7-a2b9-1287f6f72a06,1192b665-12a5-48da-bbac-7baa72f18bf8,0.8625992096089093
1cac5ea7-3808-4de7-a2b9-1287f6f72a06,1192cfe0-2a37-48a1-95b7-686389cbbfc8,0.9088064361794174
1cac5ea7-3808-4de7-a2b9-1287f6f72a06,11933e01-9b9a-481f-b8ba-8892b88f44e8,0.8841587867256914
1cac5ea7-3808-4de7-a2b9-1287f6f72a06,11934398-bcc5-419a-9c2e-ea9440c3d555,0.9204697160095636
1cac5ea7-3808-4de7-a2b9-1287f6f72a06,119366d7-58c0-4ec4-91c2-02d0a9ce025d,0.8589866180835559
1cac5ea7-3808-4de7-a2b9-1287f6f72a06,1195df8d-58b1-42ec-87b4-c1c4991e713f,0.7587531905117999
1cac5ea7-3808-4de7-a2b9-1287f6f72a06,11960eb1-665e-4f69-bbd9-ce8897897263,0.7194739371142693
1cac5ea7-3808-4de7-a2b9-1287f6f72a06,1197b0ce-eb66-4646-a5c7-14e4302384f5,0.8952377687310197
1cac5ea7-3808-4de7-a2b9-1287f6f72a06,11984a31-d478-49e4-8922-078691a13f86,0.9109703142366348
1cac5ea7-3808-4de7-a2b9-1287f6f72a06,11988062-15e9-4482-8940-1bde0a60fb86,0.8741474724284031
1cac5ea7-3808-4de7-a2b9-1287f6f72a06,1198831c-428f-474b-8949-efd8e05125c2,0.9387417049025338
1cac5ea7-3808-4de7-a2b9-1287f6f72a06,119bc421-2405-49d3-a68e-a813a17888c6,0.8123358998211075
1cac5ea7-3808-4de7-a2b9-1287f6f72a06,119d7a1b-b155-45c1-83e3-57ce700330bf,0.8030659196338072
1cac5ea7-3808-4de7-a2b9-1287f6f72a06,119dbd2b-2c20-4ece-8e32-31702a892cd2,0.528074937126679
1cac5ea7-3808-4de7-a2b9-1287f6f72a06,119e817c-e928-45ad-94b4-639211e82ef5,0.8166614339152628
1cac5ea7-3808-4de7-a2b9-1287f6f72a06,11a0c64b-7eca-4bfe-8458-8ffefe773166,0.9043763747605656
1cac5ea7-3808-4de7-a2b9-1287f6f72a06,11a44535-ae7b-4725-94c4-d00ab66f6046,0.9117404824918252
1cac5ea7-3808-4de7-a2b9-1287f6f72a06,11a51cf2-f423-4f58-97db-737fd455c3bf,0.4928029400451508
1cac5ea7-3808-4de7-a2b9-1287f6f72a06,11a61997-6c76-47f1-a2dc-c1199fd74237,0.954204131405176
1cac5ea7-3808-4de7-a2b9-1287f6f72a06,11aa0704-daa0-4ca6-a626-6b11053d579d,0.8749018386319065
1cac5ea7-3808-4de7-a2b9-1287f6f72a06,11ab810a-00b7-435a-b95d-bd245384c3e0,0.9348347900433936
1cac5ea7-3808-4de7-a2b9-1287f6f72a06,11abdab9-f698-48de-bbf6-f8e9ec221547,0.9326289336110724
1cac5ea7-3808-4de7-a2b9-1287f6f72a06,11aca594-abdc-47c1-9515-39a37f7dba62,0.911644798339435
1cac5ea7-3808-4de7-a2b9-1287f6f72a06,11ad6f13-f2ab-448b-b0a4-e8821aed5410,0.950642829303705
1cac5ea7-3808-4de7-a2b9-1287f6f72a06,11adf5de-46cb-4a16-877f-f4f7472f8338,0.9318728759806366
1cac5ea7-3808-4de7-a2b9-1287f6f72a06,11af67e2-aa7d-4e44-a678-61c20c9a6e41,0.7081227733700008
1cac5ea7-3808-4de7-a2b9-1287f6f72a06,11afc643-7c83-4cc5-b0bd-5e3ad78eb90c,0.9212728389180947
1cac5ea7-3808-4de7-a2b9-1287f6f72a06,11aff0ab-cdee-4b69-a3a2-5f530286a749,0.8751009494850452
1cac5ea7-3808-4de7-a2b9-1287f6f72a06,11b01b14-4980-457d-ab41-a11f64a52380,0.7083087139945081
1cac5ea7-3808-4de7-a2b9-1287f6f72a06,11b11ebd-f3b9-4c17-8768-cc4b7ad8e910,0.6950841919984547
1cac5ea7-3808-4de7-a2b9-1287f6f72a06,11b229c6-a6d9-46a5-8f5b-fcf3ac6f4186,0.9591706477554536
1cac5ea7-3808-4de7-a2b9-1287f6f72a06,11b26cac-9264-4cb2-851d-e641b9fc63af,0.8076948849258014
1cac5ea7-3808-4de7-a2b9-1287f6f72a06,11b3e4b8-8c62-4146-9830-af4a75f1f759,0.9536788116123892
1cac5ea7-3808-4de7-a2b9-1287f6f72a06,11b45e1a-cf0f-4db0-964e-b1b4a1269bdc,0.9282748343942206
1cac5ea7-3808-4de7-a2b9-1287f6f72a06,11b499ed-b180-4233-a61a-fe912873c0f6,0.8451006531124857
1cac5ea7-3808-4de7-a2b9-1287f6f72a06,11b6a530-9f09-41d6-8942-9c1cecf82278,0.8755245278238517
1cac5ea7-3808-4de7-a2b9-1287f6f72a06,11b6c4db-b1a0-4233-aa1e-ad44ec262f44,0.7416946015906822
1cac5ea7-3808-4de7-a2b9-1287f6f72a06,11b6e56c-200f-4eee-9df1-c0c17015edbf,0.909672651555788
1cac5ea7-3808-4de7-a2b9-1287f6f72a06,11b77141-5f53-421a-8109-69e08525f5b1,0.8450266047918598
1cac5ea7-3808-4de7-a2b9-1287f6f72a06,11b8ba91-d53a-4d8f-9475-7827b6986040,0.8401664646011142
1cac5ea7-3808-4de7-a2b9-1287f6f72a06,11bb8386-8299-43ca-89cf-3532b03aab30,0.8760380696702011
1cac5ea7-3808-4de7-a2b9-1287f6f72a06,11bb894b-1be7-4fcc-b0b5-6c6eacdd73aa,0.8718674183373942
1cac5ea7-3808-4de7-a2b9-1287f6f72a06,11bd0d90-0a96-4b0e-a493-f2ec846a6cad,0.9526043202610052
1cac5ea7-3808-4de7-a2b9-1287f6f72a06,11bd9659-f6ad-409f-9c35-e64a886c0c6c,0.9509627955271822
1cac5ea7-3808-4de7-a2b9-1287f6f72a06,11bf4219-5505-4f6c-beee-364244cfa76a,0.662155436381041
1cac5ea7-3808-4de7-a2b9-1287f6f72a06,11bfa239-ced7-4e69-847a-c8a9800d11e1,0.8852526986113697
1cac5ea7-3808-4de7-a2b9-1287f6f72a06,11c096eb-c39f-4622-b1dd-7efecb7677f8,0.7228314374648857
1cac5ea7-3808-4de7-a2b9-1287f6f72a06,11c1fc35-1f30-4e50-a839-8288138c9309,0.7419114375273322
1cac5ea7-3808-4de7-a2b9-1287f6f72a06,11c61684-b830-496d-898a-e180029811f4,0.4168736968626871
1cac5ea7-3808-4de7-a2b9-1287f6f72a06,11c641a1-5177-4eb6-a8ef-9f4e02e96f9f,0.878615528015265
1cac5ea7-3808-4de7-a2b9-1287f6f72a06,11c656cf-7775-435b-9dae-fde27234c36f,0.9399598106977718
1cac5ea7-3808-4de7-a2b9-1287f6f72a06,11c790ab-0f6b-43a5-b864-50e5d76f2c1e,0.911311786160658
1cac5ea7-3808-4de7-a2b9-1287f6f72a06,11c960e7-bef3-478c-bb17-24da52ff0282,0.6965519694941932
1cac5ea7-3808-4de7-a2b9-1287f6f72a06,11cc3945-2b8b-4940-a210-8334adb9406c,0.8267684234413942
1cac5ea7-3808-4de7-a2b9-1287f6f72a06,11cecde3-e83c-4c99-abb0-a0549cfb46a0,0.9117358518609956
1cac5ea7-3808-4de7-a2b9-1287f6f72a06,11cfc1bf-4abe-4077-a943-f505eb34748b,0.7446012615983497
1cac5ea7-3808-4de7-a2b9-1287f6f72a06,11d0765b-e489-4182-9e6c-a0f136cb255a,0.8087264855579697
1cac5ea7-3808-4de7-a2b9-1287f6f72a06,11d28ef7-46d8-43fb-b468-b99e9627dbfb,0.8262637576997935
1cac5ea7-3808-4de7-a2b9-1287f6f72a06,11d2af65-c934-4335-9cd0-fb7065c8c522,0.8748522737431105
1cac5ea7-3808-4de7-a2b9-1287f6f72a06,11d2ef24-c8d2-4968-a930-2520512242b4,0.7165169099971959
1cac5ea7-3808-4de7-a2b9-1287f6f72a06,11d38996-6fea-433a-966f-2604b86dfadd,0.915873705131496
1cac5ea7-3808-4de7-a2b9-1287f6f72a06,11d4deb9-75f1-4f7d-8d51-20e9f52e8172,0.7797654172980074
1cac5ea7-3808-4de7-a2b9-1287f6f72a06,11d5090c-de15-492e-849e-6f345173dad9,0.780909137466269
1cac5ea7-3808-4de7-a2b9-1287f6f72a06,11d78352-1979-401a-9fe1-7c3b59aa38b8,0.8964613712119308
1cac5ea7-3808-4de7-a2b9-1287f6f72a06,11da2d4b-8b11-42f9-9515-8b09e86ff18c,0.8506922496895053
1cac5ea7-3808-4de7-a2b9-1287f6f72a06,11dbe731-9b43-41af-86e2-c08083270b53,0.5249858051165834
1cac5ea7-3808-4de7-a2b9-1287f6f72a06,11dcbb4b-8c73-4c18-ac78-7b5887c3adcb,0.8174353385530211
1cac5ea7-3808-4de7-a2b9-1287f6f72a06,11dd7a45-7384-4452-9cae-f9c358ec3dea,0.91477161692904
1cac5ea7-3808-4de7-a2b9-1287f6f72a06,11de611d-3e2b-4791-93ce-8450fcea669b,0.8885411207878514
1cac5ea7-3808-4de7-a2b9-1287f6f72a06,11defa57-560e-4fc8-91be-08b7a8b591bb,0.7996457045800528
1cac5ea7-3808-4de7-a2b9-1287f6f72a06,11e166ff-a172-40df-94b8-50867cf39a2c,0.6007090108396341
1cac5ea7-3808-4de7-a2b9-1287f6f72a06,11e1d743-f6af-49f1-adf1-f7f4cd2663d1,0.8818254325077072
1cac5ea7-3808-4de7-a2b9-1287f6f72a06,11e37c0b-dee9-458d-9066-af484a32bfeb,0.8474166226921259
1cac5ea7-3808-4de7-a2b9-1287f6f72a06,11e3d266-ca64-4d7c-8fdc-d7584785bd77,0.4792789102530841
1cac5ea7-3808-4de7-a2b9-1287f6f72a06,11e415ad-918e-4c24-a046-36a8d9ac159f,0.9640573564067256
1cac5ea7-3808-4de7-a2b9-1287f6f72a06,11e4bdbd-a425-4976-90e0-e25b2e5952ba,0.926650218938478
1cac5ea7-3808-4de7-a2b9-1287f6f72a06,11e4c96d-5162-4d97-9d48-dd7723d84a82,0.8447613150646832
1cac5ea7-3808-4de7-a2b9-1287f6f72a06,11e5065a-499a-4da6-b073-daa360c73154,0.8486908547509
1cac5ea7-3808-4de7-a2b9-1287f6f72a06,11e56e73-59c7-4dd6-ac54-859b712e4c8a,0.9465356550814794
1cac5ea7-3808-4de7-a2b9-1287f6f72a06,11e6080b-8ec5-48a8-b08b-8010ea10b62e,0.8720934037066841
1cac5ea7-3808-4de7-a2b9-1287f6f72a06,11e6a6a0-6551-40e4-8395-ca8ce69ad3a3,0.5434677295855571
1cac5ea7-3808-4de7-a2b9-1287f6f72a06,11e8096c-0461-4c31-ad33-76eb08202ed7,0.8886153299014447
1cac5ea7-3808-4de7-a2b9-1287f6f72a06,11e82047-66be-45c8-8db5-8a071e0b3175,0.8623715290506422
1cac5ea7-3808-4de7-a2b9-1287f6f72a06,11e93dcf-812e-4851-9fea-23fead077e5e,0.9215895589253806
1cac5ea7-3808-4de7-a2b9-1287f6f72a06,11e9c1c4-1991-49bb-960a-198cf3f9e5a8,0.9095077661590364
1cac5ea7-3808-4de7-a2b9-1287f6f72a06,11e9fe4c-17af-4a74-8405-a6398bcbc2c4,0.8856014939118968
1cac5ea7-3808-4de7-a2b9-1287f6f72a06,11ebca57-7aef-4552-a5df-79385c5f2f45,0.8657196241537534
1cac5ea7-3808-4de7-a2b9-1287f6f72a06,11ede113-7438-4ee8-99c6-dfdd255c4141,0.6977999627571916
1cac5ea7-3808-4de7-a2b9-1287f6f72a06,11f459c8-4d7e-425f-959d-b8c01f007b2f,0.7875422545542113
1cac5ea7-3808-4de7-a2b9-1287f6f72a06,11f59e2b-9446-4864-bfcf-3086c0835b06,0.836076178470115
1cac5ea7-3808-4de7-a2b9-1287f6f72a06,11f7e996-75b8-4f1a-ae97-06d2c9b998db,0.8257966528428509
1cac5ea7-3808-4de7-a2b9-1287f6f72a06,11f8c862-dddd-4fa0-8a6e-21215865b5a1,0.704566756009526
1cac5ea7-3808-4de7-a2b9-1287f6f72a06,11fa0ae8-159b-4cfd-a651-f4e64c14ba8a,0.894702909685436
1cac5ea7-3808-4de7-a2b9-1287f6f72a06,11fa65b3-35ba-4a43-81c6-5bbbc0b83add,0.7558911835399242
1cac5ea7-3808-4de7-a2b9-1287f6f72a06,11fb368b-29c2-456c-939f-b3a7f3747819,0.7991362681764255
1cac5ea7-3808-4de7-a2b9-1287f6f72a06,11fbef8f-5767-4489-97ed-1ae60777ddf0,0.8433228288896966
1cac5ea7-3808-4de7-a2b9-1287f6f72a06,11fd6c99-1623-4459-8213-3110dd3b1396,0.9612175427402254
1cac5ea7-3808-4de7-a2b9-1287f6f72a06,11fe843a-b93f-4e5f-bb4c-a955d35bfa12,0.8443760009519452
1cac5ea7-3808-4de7-a2b9-1287f6f72a06,11ffd146-9952-4769-9cb1-57d3fbbffa5a,0.6645742889685655
1cac5ea7-3808-4de7-a2b9-1287f6f72a06,12051052-bf21-4b48-a00f-292ee3f7c9b4,0.9201221683811674
1cac5ea7-3808-4de7-a2b9-1287f6f72a06,1205b4d0-bc64-430e-863c-720b630d27c1,0.853906708264542
1cac5ea7-3808-4de7-a2b9-1287f6f72a06,12060f08-ecca-445c-91a3-45169c4f4b1d,0.5851769402359897
1cac5ea7-3808-4de7-a2b9-1287f6f72a06,1207460f-19e6-4a64-897f-421ed3d11cee,0.8945134864373737
1cac5ea7-3808-4de7-a2b9-1287f6f72a06,12079f4b-fba4-407b-8d57-dbedb6aae1a1,0.8853148683966002
1cac5ea7-3808-4de7-a2b9-1287f6f72a06,120a54b1-b121-476e-ab42-9c67f0a56f14,0.9084491141559916
1cac5ea7-3808-4de7-a2b9-1287f6f72a06,120adebd-3540-46e6-923b-3da25706fc2f,0.0768942420462786
1cac5ea7-3808-4de7-a2b9-1287f6f72a06,120faa84-40d6-4f2d-8ea7-2d56082f07d7,0.5004089298599596
1cac5ea7-3808-4de7-a2b9-1287f6f72a06,1210d7d4-3bfb-4764-881c-40cc05aef85d,0.9613314829121284
1cac5ea7-3808-4de7-a2b9-1287f6f72a06,12161235-44c9-4220-96bb-02eeb8cb8f2c,0.6641565759140442
1cac5ea7-3808-4de7-a2b9-1287f6f72a06,1216c212-8a49-4b85-8907-09bde5db8e89,0.8668880716494493
1cac5ea7-3808-4de7-a2b9-1287f6f72a06,1217060e-54bf-4783-aeba-7d209051793f,0.6767759211671287
1cac5ea7-3808-4de7-a2b9-1287f6f72a06,12176565-a98f-4f6c-ab28-6b07f4fa090d,0.9263889875702482
1cac5ea7-3808-4de7-a2b9-1287f6f72a06,1218ad8d-3553-41b8-835e-0e0a611357b5,0.8963778656766913
1cac5ea7-3808-4de7-a2b9-1287f6f72a06,1218e0b0-e4ad-40a4-915f-7b69ab5e2a36,0.9311523701187946
1cac5ea7-3808-4de7-a2b9-1287f6f72a06,121982ce-1c9d-4257-8025-f8944ddbf79e,0.8808841854167864
1cac5ea7-3808-4de7-a2b9-1287f6f72a06,121a6d5f-6f5d-4eb6-9848-98545d5ed92e,0.7963858915688573
1cac5ea7-3808-4de7-a2b9-1287f6f72a06,121bc247-e0f0-43c7-b6bd-271279fd3e42,0.4903218883039278
1cac5ea7-3808-4de7-a2b9-1287f6f72a06,121be10d-6e55-49be-91d3-6c464feee1aa,0.8154372940593029
1cac5ea7-3808-4de7-a2b9-1287f6f72a06,121d7f22-5172-4d4a-a88d-d397274ec6d9,0.7849164118301732
1cac5ea7-3808-4de7-a2b9-1287f6f72a06,12206672-f02b-47ae-8b22-f1e7b97af189,0.8223414006249373
1cac5ea7-3808-4de7-a2b9-1287f6f72a06,1225979f-1a69-4bc9-9775-8e6033568172,0.933887551182322
1cac5ea7-3808-4de7-a2b9-1287f6f72a06,1225d9a0-10e3-4666-8f99-d42f7f31de71,0.8457881286865524
1cac5ea7-3808-4de7-a2b9-1287f6f72a06,1226263a-2e70-4972-a3e8-1044ff135d44,0.6577943590053826
1cac5ea7-3808-4de7-a2b9-1287f6f72a06,122720c3-eba0-432d-8f34-1b1ddf76d184,0.672306841486703
1cac5ea7-3808-4de7-a2b9-1287f6f72a06,1228d803-4926-4eb7-95c9-0418ce6b7b7f,0.3789118942085633
1cac5ea7-3808-4de7-a2b9-1287f6f72a06,1229c84c-a996-4ea1-a696-819441e2ed97,0.6322346422787921
1cac5ea7-3808-4de7-a2b9-1287f6f72a06,122c75d9-0df4-4a3a-84b3-58236f4f6a6f,0.9470687813756572
1cac5ea7-3808-4de7-a2b9-1287f6f72a06,122d64dd-9ee2-4954-bf53-1f30648fa7ae,0.9587253914647176
1cac5ea7-3808-4de7-a2b9-1287f6f72a06,122fcf0b-ef99-497d-b8b8-41ebaaf5f33b,0.918938918817796
1cac5ea7-3808-4de7-a2b9-1287f6f72a06,12308608-e3af-4f47-ab14-f6be8be7bfd8,0.93831976927878
1cac5ea7-3808-4de7-a2b9-1287f6f72a06,12334d7e-7fbd-4c59-ba2b-48afcf221f12,0.9167791365713922
1cac5ea7-3808-4de7-a2b9-1287f6f72a06,12359200-2ce8-4aa9-bcab-cde00210cc18,0.8639617241134299
1cac5ea7-3808-4de7-a2b9-1287f6f72a06,1235e75a-3c12-4ab7-94ac-ec31b11dd06b,0.924124156210026
1cac5ea7-3808-4de7-a2b9-1287f6f72a06,12378c24-5470-4001-a2a4-1b09a5b8c78f,0.8828824182899556
1cac5ea7-3808-4de7-a2b9-1287f6f72a06,1237b6b7-97d2-4fa1-9eb2-69473c54f611,0.8879513745337191
1cac5ea7-3808-4de7-a2b9-1287f6f72a06,1237f086-dbdb-4826-b6ec-46b1e8057b0c,0.951679708366074
1cac5ea7-3808-4de7-a2b9-1287f6f72a06,123851f6-4269-4b88-8816-2fcd85a665eb,0.5451905371373746
1cac5ea7-3808-4de7-a2b9-1287f6f72a06,1238b3f8-e03a-42a4-a71d-ffc51e68ec35,0.8483150171621543
1cac5ea7-3808-4de7-a2b9-1287f6f72a06,1239065a-b981-43a3-bc95-2fa1632bbcc9,0.9125244103751294
1cac5ea7-3808-4de7-a2b9-1287f6f72a06,123eda7a-0588-4ef2-8ff4-5d9be08b2b8d,0.988523024354424
1cac5ea7-3808-4de7-a2b9-1287f6f72a06,12414c91-a226-42d5-88a5-188d52a4ca07,0.9306696671969183
1cac5ea7-3808-4de7-a2b9-1287f6f72a06,1241a9bc-69cc-4ea3-a2ed-a669f9967854,0.9337677243846272
1cac5ea7-3808-4de7-a2b9-1287f6f72a06,1247950d-f216-4965-8871-5fbce8be605e,0.7945829099568386
1cac5ea7-3808-4de7-a2b9-1287f6f72a06,1247afff-c133-4f28-9cb0-ccde59d5f38e,0.935763594123499
1cac5ea7-3808-4de7-a2b9-1287f6f72a06,1248df10-e86f-4819-9068-03b60cfae90d,0.9084932205791753
1cac5ea7-3808-4de7-a2b9-1287f6f72a06,12490ca4-963c-4039-a983-b37f6428ae9d,0.8466182820659646
1cac5ea7-3808-4de7-a2b9-1287f6f72a06,12491099-9712-4de3-973a-08e141c46fa7,0.8594564018790267
1cac5ea7-3808-4de7-a2b9-1287f6f72a06,124a137b-fd55-4dec-8f46-79a867725aa4,0.935242054324722
1cac5ea7-3808-4de7-a2b9-1287f6f72a06,124bf6c8-d923-452b-a4d4-ff12eed3f63b,0.8781984723088394
1cac5ea7-3808-4de7-a2b9-1287f6f72a06,1251ab99-8ecd-422e-b55d-0926a60b4965,0.907137921720294
1cac5ea7-3808-4de7-a2b9-1287f6f72a06,12524b6e-fc27-496c-b6aa-3d781fa24003,0.9120638737399944
1cac5ea7-3808-4de7-a2b9-1287f6f72a06,12533298-dd5c-4258-8d08-52f5ab4da0dc,0.7347493500456366
1cac5ea7-3808-4de7-a2b9-1287f6f72a06,12537266-2758-4cec-834f-ff42e7012e68,0.7722566408796986
1cac5ea7-3808-4de7-a2b9-1287f6f72a06,1254408f-0598-495e-a763-9e0bcb36de15,0.7199656506063264
1cac5ea7-3808-4de7-a2b9-1287f6f72a06,12568745-ce64-40c5-905c-5c25be631204,0.7510695826911498
1cac5ea7-3808-4de7-a2b9-1287f6f72a06,12573a60-c039-4e27-9035-701d04d2f104,0.7143818126674724
1cac5ea7-3808-4de7-a2b9-1287f6f72a06,1257c3ed-a429-4bdc-8544-d82aa318c5fe,0.9187858557127476
1cac5ea7-3808-4de7-a2b9-1287f6f72a06,125968db-d42d-405b-9bc9-c8ff9148d6a8,0.5909257744402793
1cac5ea7-3808-4de7-a2b9-1287f6f72a06,125b2e43-4423-4533-a10c-dcdf6b67e717,0.8305407502619951
1cac5ea7-3808-4de7-a2b9-1287f6f72a06,125be7f1-96ad-4a4f-93af-193aa7013ad0,0.8633683263846158
1cac5ea7-3808-4de7-a2b9-1287f6f72a06,125bfba7-aac3-4001-8f5b-612f8f6160d0,0.9340239702290574
1cac5ea7-3808-4de7-a2b9-1287f6f72a06,125c93ee-d25e-49be-9495-df2f33e37b71,0.9363164602120774
1cac5ea7-3808-4de7-a2b9-1287f6f72a06,125e66bb-4101-4851-a4d9-a17ed860e521,0.8803266929332341
1cac5ea7-3808-4de7-a2b9-1287f6f72a06,12619343-dfb3-40f3-82e2-34fdd9b97324,0.8883653561768701
1cac5ea7-3808-4de7-a2b9-1287f6f72a06,12631f09-2fad-4c8c-96e9-342e50d3f9f4,0.9134409093343347
1cac5ea7-3808-4de7-a2b9-1287f6f72a06,12637cad-4c09-49cf-8abb-2abe69b92df1,0.8040036300509067
1cac5ea7-3808-4de7-a2b9-1287f6f72a06,126452bb-5c29-4950-bf60-27f1ae5ac574,0.9216043467667788
1cac5ea7-3808-4de7-a2b9-1287f6f72a06,1264a10b-499c-4c22-bc85-f02876682726,0.7698608338877329
1cac5ea7-3808-4de7-a2b9-1287f6f72a06,1264ade9-fa16-42bd-94c4-2abbd26ed703,0.585066984736655
1cac5ea7-3808-4de7-a2b9-1287f6f72a06,1264b2f2-f3cf-418f-a990-4e8f5b97e434,0.8316584450163165
1cac5ea7-3808-4de7-a2b9-1287f6f72a06,1268b260-8569-4744-bc66-f447ee388a97,0.9490206231733213
1cac5ea7-3808-4de7-a2b9-1287f6f72a06,1269a471-cd6c-44bb-a109-4a1f17714a49,0.8575170570004494
1cac5ea7-3808-4de7-a2b9-1287f6f72a06,126a6ece-4bd7-4cf1-8355-f47035f7d50a,0.8229556954244833
1cac5ea7-3808-4de7-a2b9-1287f6f72a06,126c9d99-4ca6-4b03-8bde-ed897b632068,0.8105172559860669
1cac5ea7-3808-4de7-a2b9-1287f6f72a06,126ea82d-5784-48d3-9765-67876d7ebde8,0.9514343249888748
1cac5ea7-3808-4de7-a2b9-1287f6f72a06,127136c1-d779-48d3-b624-ea0c81c81387,0.9289138648266616
1cac5ea7-3808-4de7-a2b9-1287f6f72a06,12715bc9-293e-47d7-a57c-b891629be22f,0.923794260672776
1cac5ea7-3808-4de7-a2b9-1287f6f72a06,1271e19b-0624-4178-81d4-48f000443add,0.903680810705167
1cac5ea7-3808-4de7-a2b9-1287f6f72a06,12749786-405d-4ee9-a5cd-f87374e2e656,0.9274472598757773
1cac5ea7-3808-4de7-a2b9-1287f6f72a06,12755990-9cd4-4f3b-b39e-426b8cdf734f,0.2085513948429388
1cac5ea7-3808-4de7-a2b9-1287f6f72a06,12768af0-ab6f-4c19-8a8f-e179c9774791,0.894203638285987
1cac5ea7-3808-4de7-a2b9-1287f6f72a06,1276a709-b0d8-448f-a1df-113ce099eff0,0.921277866685451
1cac5ea7-3808-4de7-a2b9-1287f6f72a06,1276c070-3a92-4a22-9d2d-3f0c6d83c620,0.9458031411278268
1cac5ea7-3808-4de7-a2b9-1287f6f72a06,127717d5-872d-48bb-951a-1e3f2bff7266,0.8194070008315117
1cac5ea7-3808-4de7-a2b9-1287f6f72a06,1278c2d4-8044-49ad-93b1-2935cfa4418d,0.9395308385796536
1cac5ea7-3808-4de7-a2b9-1287f6f72a06,127a75e4-c0ed-40e8-93d5-a67e373b5b7e,0.8315919165244682
1cac5ea7-3808-4de7-a2b9-1287f6f72a06,127f83df-ba88-47b6-b8b7-1cdf2ba1f9a9,0.7962440083625516
1cac5ea7-3808-4de7-a2b9-1287f6f72a06,1282784d-0120-4522-a026-65361938eb2e,0.956003217880548
1cac5ea7-3808-4de7-a2b9-1287f6f72a06,1283ef91-a05b-4ae6-9450-8acbfe78f8e3,0.956888673706466
1cac5ea7-3808-4de7-a2b9-1287f6f72a06,1286a4f7-41fe-42e7-8330-3c9a31827052,0.8966131980307704
1cac5ea7-3808-4de7-a2b9-1287f6f72a06,12877e0e-4614-4074-97d0-f1fe13ed16b2,0.8759092128173679
1cac5ea7-3808-4de7-a2b9-1287f6f72a06,1287a9a4-3b14-4546-b866-d109d58db147,0.9190187616480976
1cac5ea7-3808-4de7-a2b9-1287f6f72a06,1288556e-f0d6-460a-a2c8-d240ad364831,0.942895283643996
1cac5ea7-3808-4de7-a2b9-1287f6f72a06,12886a45-1ccc-41cd-83a9-6c6ece319c77,0.7539797105237699
1cac5ea7-3808-4de7-a2b9-1287f6f72a06,12895fd0-b923-4fbb-b294-7e2b2095b8ca,0.5787837198312434
1cac5ea7-3808-4de7-a2b9-1287f6f72a06,128bfc89-b4f8-45ec-88ad-dac960704082,0.9326054176488254
1cac5ea7-3808-4de7-a2b9-1287f6f72a06,128dab38-d1b1-473e-b2d1-be3f613ef2c9,0.839448450020786
1cac5ea7-3808-4de7-a2b9-1287f6f72a06,128e20f7-10dc-4668-925e-ec4580d7f291,0.8644871104416669
1cac5ea7-3808-4de7-a2b9-1287f6f72a06,128fd100-c765-41df-b676-2f47870d79d9,0.9755177852748936
1cac5ea7-3808-4de7-a2b9-1287f6f72a06,12900a73-0772-43f3-af24-8a56afad47ca,0.8812700178779397
1cac5ea7-3808-4de7-a2b9-1287f6f72a06,12903bc9-f63e-430f-afe0-9298a0fc94f3,0.929079293195514
1cac5ea7-3808-4de7-a2b9-1287f6f72a06,1290b408-df8c-4a55-8aaa-74cc31743171,0.9176084658222156
1cac5ea7-3808-4de7-a2b9-1287f6f72a06,1290d366-3b35-4f30-8e4b-781acaa2c69a,0.9273668078512431
1cac5ea7-3808-4de7-a2b9-1287f6f72a06,12921519-4e42-4b1b-aec0-0fd3211c4591,0.7079876659027629
1cac5ea7-3808-4de7-a2b9-1287f6f72a06,12921521-04e1-46bf-a50f-437670d418d0,0.8751314388105682
1cac5ea7-3808-4de7-a2b9-1287f6f72a06,129569df-25ac-4eea-830b-c7fc91d46e8f,0.8924752694935851
1cac5ea7-3808-4de7-a2b9-1287f6f72a06,1296b5e4-f964-47c4-8b85-c5e7e8db7469,0.8097700476021346
1cac5ea7-3808-4de7-a2b9-1287f6f72a06,1296c4a3-baff-49de-9723-d907488015a7,0.9181011988640108
1cac5ea7-3808-4de7-a2b9-1287f6f72a06,1296dd4b-152b-415b-9831-516fb9c5be7a,0.8021609531847776
1cac5ea7-3808-4de7-a2b9-1287f6f72a06,1298eb82-b75f-49ca-a3c6-3b56c3cc4441,0.9226547278961132
1cac5ea7-3808-4de7-a2b9-1287f6f72a06,129a0a70-c9c1-480f-ad31-2729ae4bb07a,0.8392927860839153
1cac5ea7-3808-4de7-a2b9-1287f6f72a06,129a0dee-a9c5-4c3e-9bbd-cdd7eee052b0,0.9414216438380936
1cac5ea7-3808-4de7-a2b9-1287f6f72a06,129a46b4-6a4e-4f4b-b6bb-05a63268a69f,0.9779453798744024
1cac5ea7-3808-4de7-a2b9-1287f6f72a06,129a771b-41ea-40a3-a571-0157a7e25f62,0.8954930572831127
1cac5ea7-3808-4de7-a2b9-1287f6f72a06,129a7b9b-f29c-4bf5-9c10-2e42776f1e95,0.8536480680063946
1cac5ea7-3808-4de7-a2b9-1287f6f72a06,129ab199-1780-423b-8e1f-8f3776ac0258,0.8488799922041265
1cac5ea7-3808-4de7-a2b9-1287f6f72a06,129c0d13-bb4b-4a86-a298-2f6c74c7513a,0.9486462110533436
1cac5ea7-3808-4de7-a2b9-1287f6f72a06,129d28a8-35b5-441b-9497-b91022de2b05,0.8501087448942198
1cac5ea7-3808-4de7-a2b9-1287f6f72a06,129e54dd-9182-4b9a-8208-216ec6862775,0.8699010672060968
1cac5ea7-3808-4de7-a2b9-1287f6f72a06,12a38e0c-a757-49a5-90bb-327afc06f3a8,0.8605642173453962
1cac5ea7-3808-4de7-a2b9-1287f6f72a06,12a4c133-374b-48b8-944f-5a7fbc63d94e,0.4281735422187031
1cac5ea7-3808-4de7-a2b9-1287f6f72a06,12a5708e-5b3b-4a28-b60d-50448df7cd75,0.8148621482770552
1cac5ea7-3808-4de7-a2b9-1287f6f72a06,12a78e99-e6bc-4c74-b365-81b9410b439e,0.7869969758610172
1cac5ea7-3808-4de7-a2b9-1287f6f72a06,12a8afd7-a123-4168-aaac-005b0633a90c,0.4253569203649962
1cac5ea7-3808-4de7-a2b9-1287f6f72a06,12a9d8c5-66c7-447b-bc77-300f6db62269,0.9123940344328724
1cac5ea7-3808-4de7-a2b9-1287f6f72a06,12abe5ed-6145-4be8-b4f7-46dbc8c2db9d,0.8669898042445904
1cac5ea7-3808-4de7-a2b9-1287f6f72a06,12ad6f24-6f5b-4461-b81e-5431ee0fde81,0.8895382904028939
1cac5ea7-3808-4de7-a2b9-1287f6f72a06,12ada7dd-04fb-4750-af49-7bde8a938901,0.7461637026858148
1cac5ea7-3808-4de7-a2b9-1287f6f72a06,12adb9b6-d332-45d7-9c7c-3e225c04c698,0.5683593238820113
1cac5ea7-3808-4de7-a2b9-1287f6f72a06,12af1a69-6064-49a6-8d14-320b9c0a2d53,0.6362643670197126
1cac5ea7-3808-4de7-a2b9-1287f6f72a06,12b07678-e91e-40bf-a114-c59f53ec2573,0.9201200602451683
1cac5ea7-3808-4de7-a2b9-1287f6f72a06,12b6764b-326b-4ab8-92b7-aa2822f3dc94,0.9480938461065698
1cac5ea7-3808-4de7-a2b9-1287f6f72a06,12b8b248-19bd-41dd-a46c-2c988bb63c3f,0.885083274348853
1cac5ea7-3808-4de7-a2b9-1287f6f72a06,12b8f001-b15e-48d0-9b57-530ad524984f,0.924607939985075
1cac5ea7-3808-4de7-a2b9-1287f6f72a06,12b98501-398a-469f-aad4-cecee6debf1e,0.8568014515910689
1cac5ea7-3808-4de7-a2b9-1287f6f72a06,12bc1d32-b9e1-4d7b-a9c8-be09abecbd6b,0.6893757070403459
1cac5ea7-3808-4de7-a2b9-1287f6f72a06,12bc3d1a-aa2c-495b-a771-ebbc9a9fe1df,0.9480530610683606
1cac5ea7-3808-4de7-a2b9-1287f6f72a06,12bcdebb-a16e-4d14-8b53-3ca77f4cf77f,0.6318652120578994
1cac5ea7-3808-4de7-a2b9-1287f6f72a06,12bd1e30-3efe-41a0-8b54-ead71108a7b7,0.867993813798804
1cac5ea7-3808-4de7-a2b9-1287f6f72a06,12bd98eb-543d-4aca-b928-40a3136b1960,0.9623074813738828
1cac5ea7-3808-4de7-a2b9-1287f6f72a06,12bf0950-7892-42c0-983c-e8a78a00dc73,0.7141564618231027
1cac5ea7-3808-4de7-a2b9-1287f6f72a06,12c04997-06cb-4232-a3eb-d378992c4a56,0.9677822840997437
1cac5ea7-3808-4de7-a2b9-1287f6f72a06,12c0da59-6c87-43d1-850e-a5f24cd699de,0.968060263918088
1cac5ea7-3808-4de7-a2b9-1287f6f72a06,12c201e7-abc1-47c6-a716-9ee905266d0e,0.8361338577969919
1cac5ea7-3808-4de7-a2b9-1287f6f72a06,12c24dd3-cff4-4d5f-9106-78c0cca7a377,0.8569870272996061
1cac5ea7-3808-4de7-a2b9-1287f6f72a06,12c279de-769e-45c5-aa62-6cfa5199a222,0.967804922420196
1cac5ea7-3808-4de7-a2b9-1287f6f72a06,12c2f061-d519-4d3c-b0f7-6b38d750fdef,0.8807423226434522
1cac5ea7-3808-4de7-a2b9-1287f6f72a06,12c3376d-5d38-4c91-932e-e21c8010954c,0.8218287810702557
1cac5ea7-3808-4de7-a2b9-1287f6f72a06,12c3651b-d243-48cf-b31e-ba2901acb496,0.8541942906020885
1cac5ea7-3808-4de7-a2b9-1287f6f72a06,12c468b0-e79e-49ff-ada6-7ad9e3cf8329,0.909381614069608
1cac5ea7-3808-4de7-a2b9-1287f6f72a06,12c626dc-f97e-4488-b0ba-01dc70151165,0.5026822246738578
1cac5ea7-3808-4de7-a2b9-1287f6f72a06,12c6610a-3029-45b0-88c6-cd79dbcdc0c6,0.9395413382270864
1cac5ea7-3808-4de7-a2b9-1287f6f72a06,12c80e94-2e3d-4e01-8309-ab7278d4c99a,0.9461837972983383
1cac5ea7-3808-4de7-a2b9-1287f6f72a06,12c96544-4761-4a39-877a-b865bac24c98,0.8643680946665642
1cac5ea7-3808-4de7-a2b9-1287f6f72a06,12c99f4d-c793-4a1f-8e74-359e528e580a,0.7750404339785897
1cac5ea7-3808-4de7-a2b9-1287f6f72a06,12c9d9ee-aac1-4454-8a24-0f2e01e8ee75,0.9756391627012712
1cac5ea7-3808-4de7-a2b9-1287f6f72a06,12ca9311-4497-456a-99d1-5f6edf4376a8,0.3348263275539767
1cac5ea7-3808-4de7-a2b9-1287f6f72a06,12cb69cf-bac2-4f7b-a320-bf2033221dcc,0.7074795882807571
1cac5ea7-3808-4de7-a2b9-1287f6f72a06,12cfe4c1-b1a8-43ca-89f5-e46213e33d1b,0.723114081257224
1cac5ea7-3808-4de7-a2b9-1287f6f72a06,12d03bd8-6ecb-4384-b2ea-5fa8529375ae,0.5288950246965702
1cac5ea7-3808-4de7-a2b9-1287f6f72a06,12d23003-f0ba-4d96-a0a8-243020f2fd11,0.8732720620532365
1cac5ea7-3808-4de7-a2b9-1287f6f72a06,12d2654a-6340-4628-a4d8-09da2fe8e146,0.8105111323241788
1cac5ea7-3808-4de7-a2b9-1287f6f72a06,12d5ccaa-a27f-49b8-a6d2-ae9353774a37,0.8208317867752645
1cac5ea7-3808-4de7-a2b9-1287f6f72a06,12d7d0d6-e33a-45fc-b368-4ae5925d2737,0.965160477700546
1cac5ea7-3808-4de7-a2b9-1287f6f72a06,12d85e12-d3ce-47b2-bf72-ae80edfa51b1,0.8949382212440649
1cac5ea7-3808-4de7-a2b9-1287f6f72a06,12d8849b-e887-4ca5-9387-b0832ecb38a6,0.9071054034455536
1cac5ea7-3808-4de7-a2b9-1287f6f72a06,12d9a048-4b76-4f52-a952-fdc6e30d7931,0.8215601784656763
1cac5ea7-3808-4de7-a2b9-1287f6f72a06,12da938c-cbe0-47f0-b28b-67c11de3f466,0.8661348630243928
1cac5ea7-3808-4de7-a2b9-1287f6f72a06,12dc75fd-8e4d-4f0d-98d0-806f4bf4f59f,0.9237770825362956
1cac5ea7-3808-4de7-a2b9-1287f6f72a06,12dc906a-38f8-4a3d-955a-e0d820e06f5a,0.9337152664630712
1cac5ea7-3808-4de7-a2b9-1287f6f72a06,12de243e-fa03-4134-b3b8-9a2bcf501115,0.9319358165021584
1cac5ea7-3808-4de7-a2b9-1287f6f72a06,12df83c3-c92d-42c8-ab54-37d951393b13,0.8741715720436893
1cac5ea7-3808-4de7-a2b9-1287f6f72a06,12e0195c-909f-4ef4-803a-032955e5aaa2,0.8438770006886129
1cac5ea7-3808-4de7-a2b9-1287f6f72a06,12e0d37a-043f-49e0-a0f3-847c65da0c2b,0.9521553530661304
1cac5ea7-3808-4de7-a2b9-1287f6f72a06,12e18802-5cf3-4b60-9693-425b441ee7fa,0.9632076010846528
1cac5ea7-3808-4de7-a2b9-1287f6f72a06,12e1c99e-ef6e-4673-b020-bebd7d8736c3,0.92148025404747
1cac5ea7-3808-4de7-a2b9-1287f6f72a06,12e21939-8027-4686-84be-3451c6ac9227,0.960338270473993
1cac5ea7-3808-4de7-a2b9-1287f6f72a06,12e367e9-281d-472e-9cf3-78014cec0ba4,0.9709634970001172
1cac5ea7-3808-4de7-a2b9-1287f6f72a06,12e36b0a-df38-4576-8121-95494c16d7a2,0.8442561040665703
1cac5ea7-3808-4de7-a2b9-1287f6f72a06,12e567cd-9242-4b34-ab5d-555d6123d7c4,0.8560416430005585
1cac5ea7-3808-4de7-a2b9-1287f6f72a06,12e5c4b1-c89c-45e6-b266-30166afb0b14,0.8736398087232083
1cac5ea7-3808-4de7-a2b9-1287f6f72a06,12e5e462-53a4-43db-8164-acf483a25e97,0.9494471604297776
1cac5ea7-3808-4de7-a2b9-1287f6f72a06,12e74252-bb7c-411c-8bdd-52bcae3edb20,0.8911142652260629
1cac5ea7-3808-4de7-a2b9-1287f6f72a06,12e78a95-f784-43ca-86fd-1bf97ec3548f,0.815112192782877
1cac5ea7-3808-4de7-a2b9-1287f6f72a06,12ea7a5c-65d2-493a-b23e-499709d1f327,0.8870864590717019
1cac5ea7-3808-4de7-a2b9-1287f6f72a06,12ed8c8a-204a-48f9-8e80-83b2841d0f53,0.8902815909955113
1cac5ea7-3808-4de7-a2b9-1287f6f72a06,12ede251-50ec-43d0-b94d-9b6528a1b9c6,0.9020159679332448
1cac5ea7-3808-4de7-a2b9-1287f6f72a06,12f1bde3-0253-4a60-aa2e-5fb118691f96,0.9132092894283396
1cac5ea7-3808-4de7-a2b9-1287f6f72a06,12f20e15-82b1-4279-8ace-ef5797157438,0.878192201301306
1cac5ea7-3808-4de7-a2b9-1287f6f72a06,12f69727-48e5-4e15-9211-212f3cc8e3e8,0.9302687067472668
1cac5ea7-3808-4de7-a2b9-1287f6f72a06,12f6ee69-8b02-4ae9-ab25-8e2f28ea5225,0.9114838530269296
1cac5ea7-3808-4de7-a2b9-1287f6f72a06,12f7933f-e4b3-4ec6-b57d-789cf036add7,0.9274421293928652
1cac5ea7-3808-4de7-a2b9-1287f6f72a06,12f8fed0-88e3-47df-a856-dca3b0068eda,0.915595246622426
1cac5ea7-3808-4de7-a2b9-1287f6f72a06,12f97e42-c99d-46c4-bf20-5b06b97e5881,0.354286772591559
1cac5ea7-3808-4de7-a2b9-1287f6f72a06,12f9cbd5-b5b8-453f-9fdb-05050cc0c5a8,0.6297397804041336
1cac5ea7-3808-4de7-a2b9-1287f6f72a06,12faf890-6788-478f-bc85-14f06a8d44f0,0.8494948584961783
1cac5ea7-3808-4de7-a2b9-1287f6f72a06,12fc1dbe-410a-4383-824d-bbe47fb6c613,0.937685175855819
1cac5ea7-3808-4de7-a2b9-1287f6f72a06,12fd7726-c3a3-427b-8045-1ed5dba428f4,0.9208493569333956
1cac5ea7-3808-4de7-a2b9-1287f6f72a06,12fdc1b4-cf91-4cb1-8106-c4597e0a87e5,0.9545040918543783
1cac5ea7-3808-4de7-a2b9-1287f6f72a06,12fe24a3-439a-49f9-afc8-1ea56e3d7a6f,0.9387065684452264
1cac5ea7-3808-4de7-a2b9-1287f6f72a06,12fe9f4d-f551-4266-87da-4fe47134a27f,0.8156586684973041
1cac5ea7-3808-4de7-a2b9-1287f6f72a06,12ff6ed1-edb4-4968-8710-3801ca6d3275,0.8629103662731719
1cac5ea7-3808-4de7-a2b9-1287f6f72a06,1300009f-f42a-4372-ad93-3f072d21e901,0.7936353230607364
1cac5ea7-3808-4de7-a2b9-1287f6f72a06,130136bc-0d47-428a-86b5-3bab0ea4d216,0.8275157526952677
1cac5ea7-3808-4de7-a2b9-1287f6f72a06,13059984-0ae5-438b-97d2-d6a48e902563,0.6972355088522267
1cac5ea7-3808-4de7-a2b9-1287f6f72a06,1305e9e7-0d0a-49e5-8163-1d1fed353e06,0.6696104221192939
1cac5ea7-3808-4de7-a2b9-1287f6f72a06,130a001f-1c51-4aed-a22d-0cbafbf136b6,0.9492087444588369
1cac5ea7-3808-4de7-a2b9-1287f6f72a06,130a613c-c7f0-407c-ac15-47548ccea2b7,0.8016522936875476
1cac5ea7-3808-4de7-a2b9-1287f6f72a06,130a6522-4af1-4210-bfa3-79412a4f9612,0.8239167957107245
1cac5ea7-3808-4de7-a2b9-1287f6f72a06,130c1771-6ce6-48ed-a15f-a7afa7e11f41,0.7965285052598946
1cac5ea7-3808-4de7-a2b9-1287f6f72a06,130c9266-6fe9-40c1-9461-6e9d1bb84095,0.909299932633132
1cac5ea7-3808-4de7-a2b9-1287f6f72a06,130cbe44-d223-4b4f-a8e2-6df48b4b64f0,0.8567946663464217
1cac5ea7-3808-4de7-a2b9-1287f6f72a06,130d4992-4553-4fda-9007-db72fb0ea7df,0.9536913861337168
1cac5ea7-3808-4de7-a2b9-1287f6f72a06,130e5c1a-ccde-4fb1-8f47-7815b7e60009,0.3337565360008525
1cac5ea7-3808-4de7-a2b9-1287f6f72a06,130edd0d-9de0-44a5-bf61-a4c64a7563bd,0.8355726543034315
1cac5ea7-3808-4de7-a2b9-1287f6f72a06,130f04c0-3dbb-407f-b5a7-d23f92111107,0.9153133770349644
1cac5ea7-3808-4de7-a2b9-1287f6f72a06,130f4510-48e9-48ec-9e4d-9438965d4ba3,0.7934942886487545
1cac5ea7-3808-4de7-a2b9-1287f6f72a06,13101dfd-93d0-4b13-a63a-741154e985bb,0.9510694327032506
1cac5ea7-3808-4de7-a2b9-1287f6f72a06,131050ea-3b4f-48e6-883b-4f31af1546e5,0.7322379650930821
1cac5ea7-3808-4de7-a2b9-1287f6f72a06,131111f3-03b0-4b46-b248-7cc1d15b474f,0.7820065523483793
1cac5ea7-3808-4de7-a2b9-1287f6f72a06,1311967f-62ea-4b50-9362-d4cc7fc9a0e3,0.8971964812618142
1cac5ea7-3808-4de7-a2b9-1287f6f72a06,13124892-16c8-458d-8c31-85e9a208aa76,0.6853646545753702
1cac5ea7-3808-4de7-a2b9-1287f6f72a06,13132c8c-6335-4fe0-92b3-21b5dca116ab,0.946728912423742
1cac5ea7-3808-4de7-a2b9-1287f6f72a06,1314aafa-408f-4621-81de-5ac63f67bdc1,0.8470609675336237
1cac5ea7-3808-4de7-a2b9-1287f6f72a06,1315117a-e003-4b37-9e69-f96f2d85baeb,0.9198939377417144
1cac5ea7-3808-4de7-a2b9-1287f6f72a06,131655c2-ccee-459a-a31c-5c6a67189e9d,0.8601515457138984
1cac5ea7-3808-4de7-a2b9-1287f6f72a06,1317e17e-1d6c-49d1-932c-38682471167d,0.8998492171156314
1cac5ea7-3808-4de7-a2b9-1287f6f72a06,1318982e-02c1-4c79-b47b-d94b0c130197,0.9423267648258816
1cac5ea7-3808-4de7-a2b9-1287f6f72a06,1319f517-3734-4f7b-bd0d-9a1edee9cbbf,0.8145744887546787
1cac5ea7-3808-4de7-a2b9-1287f6f72a06,131d8621-7880-427a-b782-a9d1eb0d0a98,0.9472866607031946
1cac5ea7-3808-4de7-a2b9-1287f6f72a06,131da1e9-e9ea-4cbb-b7f2-f85d7729a20c,0.8247634524280311
1cac5ea7-3808-4de7-a2b9-1287f6f72a06,131df061-6e78-4a5b-b569-b30f1c9e3332,0.9607646221740505
1cac5ea7-3808-4de7-a2b9-1287f6f72a06,131f1224-e634-4c9f-b736-d00ff3d4d439,0.8486259592305163
1cac5ea7-3808-4de7-a2b9-1287f6f72a06,131f754b-a9c8-4614-9c3e-af93ba19c3b7,0.7140506809489306
1cac5ea7-3808-4de7-a2b9-1287f6f72a06,1321cf79-4a0a-458b-bce9-f7be135e0e95,0.8568683832229218
1cac5ea7-3808-4de7-a2b9-1287f6f72a06,13226969-a1c2-44f6-84b0-aea7938d03eb,0.957400768048794
1cac5ea7-3808-4de7-a2b9-1287f6f72a06,1323755e-7c8c-414e-a532-f9e4815fcbdb,0.6295743442226355
1cac5ea7-3808-4de7-a2b9-1287f6f72a06,1323d4d9-da36-4eb4-86bc-683b526e43ce,0.8129424540444046
1cac5ea7-3808-4de7-a2b9-1287f6f72a06,1324b882-b93c-4e9d-a429-962810a85dec,0.9104443947777672
1cac5ea7-3808-4de7-a2b9-1287f6f72a06,1325308d-b14d-46ca-b7a4-575690eb0cff,0.9306768893921232
1cac5ea7-3808-4de7-a2b9-1287f6f72a06,1327c829-c8c1-44a3-9da2-c3dbbb541919,0.9498254054030482
1cac5ea7-3808-4de7-a2b9-1287f6f72a06,13292bbf-0d4e-4d3b-ba14-e00a43205a61,0.8990300849904654
1cac5ea7-3808-4de7-a2b9-1287f6f72a06,132bdb0c-5f2d-4579-94fb-e029fa1a0593,0.8530666766928373
1cac5ea7-3808-4de7-a2b9-1287f6f72a06,132cb007-080f-4c59-ba9b-d434c22fc3a9,0.8183619599408445
1cac5ea7-3808-4de7-a2b9-1287f6f72a06,132f28f3-730b-4e2f-afaf-e76d319220d3,0.6988673497527416
1cac5ea7-3808-4de7-a2b9-1287f6f72a06,132f54b6-9f32-4640-a429-2fa9cbe206b1,0.8857628979607692
1cac5ea7-3808-4de7-a2b9-1287f6f72a06,132f5792-d1ff-425b-b2ad-3c24f728dfdf,0.8507921188922765
1cac5ea7-3808-4de7-a2b9-1287f6f72a06,13306363-6ebf-4992-b479-0b3e55fa5ad9,0.9352326364717422
1cac5ea7-3808-4de7-a2b9-1287f6f72a06,1331607f-7eab-4761-acd6-371b442014da,0.8432882722116474
1cac5ea7-3808-4de7-a2b9-1287f6f72a06,13342d2b-bc47-4f13-9b68-1fa8e824f11a,0.9605073860373172
1cac5ea7-3808-4de7-a2b9-1287f6f72a06,1334a27a-0649-433f-8643-de2685c78c40,0.896718389303479
1cac5ea7-3808-4de7-a2b9-1287f6f72a06,1337255a-0abb-4a65-a69f-821b53f43b33,0.8575783100504234
1cac5ea7-3808-4de7-a2b9-1287f6f72a06,1338e2ae-4884-4967-a536-f208b8aa279c,0.8454632564621657
1cac5ea7-3808-4de7-a2b9-1287f6f72a06,1339b015-56d1-4f4e-b051-6f114064078a,0.8925912090462134
1cac5ea7-3808-4de7-a2b9-1287f6f72a06,133a5fef-0208-44b5-a101-20d3f904b9cc,0.8170394951399311
1cac5ea7-3808-4de7-a2b9-1287f6f72a06,133a9bc1-e6fb-4488-baef-36d1e42e747b,0.949363353293606
1cac5ea7-3808-4de7-a2b9-1287f6f72a06,133b46cf-bd56-4a38-991d-1ba1ea4ad9de,0.8560291028867322
1cac5ea7-3808-4de7-a2b9-1287f6f72a06,133c3e43-df85-44b5-ac05-d0cb16bbbde3,0.8152717238123839
1cac5ea7-3808-4de7-a2b9-1287f6f72a06,133cdb26-48f6-4eb1-bdb7-80758810f71e,0.960814986080192
1cac5ea7-3808-4de7-a2b9-1287f6f72a06,133fdea7-cb97-4cdb-badb-3ae056a91442,0.9205183138847844
1cac5ea7-3808-4de7-a2b9-1287f6f72a06,1340ae93-ca9a-432a-894b-07f3fa8b0b62,0.7736811864507291
1cac5ea7-3808-4de7-a2b9-1287f6f72a06,13413b3a-ef12-45f6-932b-bafea50580dc,0.9213781008070008
1cac5ea7-3808-4de7-a2b9-1287f6f72a06,1341e5c8-f16b-448f-8263-d4efc364153b,0.5957415749596252
1cac5ea7-3808-4de7-a2b9-1287f6f72a06,1342c711-458b-4549-9ab7-a6b3ef895010,0.8856098431580213
1cac5ea7-3808-4de7-a2b9-1287f6f72a06,13456227-7034-431e-978e-819a1242865d,0.9174327638759028
1cac5ea7-3808-4de7-a2b9-1287f6f72a06,13461487-396c-4d6b-9936-b2e1ad60c42f,0.835978045142307
1cac5ea7-3808-4de7-a2b9-1287f6f72a06,134943d9-f6e3-4377-a401-0e3277e04d7a,0.9671501852595183
1cac5ea7-3808-4de7-a2b9-1287f6f72a06,1349b5ae-e641-4a32-8da2-90d18f31277e,0.852166623334236
1cac5ea7-3808-4de7-a2b9-1287f6f72a06,134a5db8-6504-491f-ae17-b9a0f9c3e019,0.950083600318808
1cac5ea7-3808-4de7-a2b9-1287f6f72a06,134b9d8f-67d1-47eb-9510-dac3ec3950d5,0.7443547212608222
1cac5ea7-3808-4de7-a2b9-1287f6f72a06,134d20f6-a5aa-4123-b629-41de9d18b6bf,0.930665502793136
1cac5ea7-3808-4de7-a2b9-1287f6f72a06,134e270a-2124-4a6e-bf49-084a989f47fb,0.9209082983213688
1cac5ea7-3808-4de7-a2b9-1287f6f72a06,134e38fc-9f11-4fd3-8a60-81f88f6b6c4a,0.8065222629443066
1cac5ea7-3808-4de7-a2b9-1287f6f72a06,134ebf8b-ccc2-4911-9c73-4d7e7ada6983,0.8843552535738134
1cac5ea7-3808-4de7-a2b9-1287f6f72a06,134f220c-93cd-4125-acff-d3fe6044f411,0.8794011922309464
1cac5ea7-3808-4de7-a2b9-1287f6f72a06,1350c7b8-d64e-4c6d-8cce-0f72590f109b,0.8480004008335286
1cac5ea7-3808-4de7-a2b9-1287f6f72a06,1351f399-5e22-4259-8a36-54db17ca37b9,0.9633421775493806
1cac5ea7-3808-4de7-a2b9-1287f6f72a06,135298f0-c032-46ce-ad86-52be38a31fd3,0.9320403731225566
1cac5ea7-3808-4de7-a2b9-1287f6f72a06,13533b8f-8cdb-4edf-9619-5a8ecb3b9ed6,0.9674980829695288
1cac5ea7-3808-4de7-a2b9-1287f6f72a06,1353edd0-209f-4de1-9db3-c8d65e992f36,0.950709128047228
1cac5ea7-3808-4de7-a2b9-1287f6f72a06,13545c55-3619-4c4c-8e7a-bf103f450aae,0.1855753320044164
1cac5ea7-3808-4de7-a2b9-1287f6f72a06,13556a69-d4b7-41f4-9f78-70cff89a6305,0.8105379427131898
1cac5ea7-3808-4de7-a2b9-1287f6f72a06,1355cd0c-8905-4918-ac0b-171a75c6e66b,0.8886329028096017
1cac5ea7-3808-4de7-a2b9-1287f6f72a06,1356a62e-a6e0-45a5-8972-615b88ae9ebd,0.6776239901660331
1cac5ea7-3808-4de7-a2b9-1287f6f72a06,1357763a-f0dc-4734-b7f4-2d727e0ef4b2,0.115942895818549
1cac5ea7-3808-4de7-a2b9-1287f6f72a06,1357da8c-5e32-4d6b-b7e7-f0fdc52aacc5,0.943744548000504
1cac5ea7-3808-4de7-a2b9-1287f6f72a06,1359569f-96c1-4d4a-ac30-f5195ee83255,0.7044785217375004
1cac5ea7-3808-4de7-a2b9-1287f6f72a06,135a65eb-5ad6-46f3-be3e-e41fb4036c06,0.9026314256995494
1cac5ea7-3808-4de7-a2b9-1287f6f72a06,135adfed-c4b5-45e7-a48a-d58c915d0f99,0.8116917176430358
1cac5ea7-3808-4de7-a2b9-1287f6f72a06,135ce619-118a-4d11-a5fa-7e062e43fc9b,0.6888817612021556
1cac5ea7-3808-4de7-a2b9-1287f6f72a06,135d35d5-4963-4b48-a5c6-1aeac88bf0d1,0.7904585171500486
1cac5ea7-3808-4de7-a2b9-1287f6f72a06,135d8781-d9eb-4205-ae6b-527db5ba59d8,0.8303535897514172
1cac5ea7-3808-4de7-a2b9-1287f6f72a06,135f8acd-28a6-4373-89ee-a75dc842ad31,0.9365988389317872
1cac5ea7-3808-4de7-a2b9-1287f6f72a06,135fb38e-505c-4742-9c6f-5b90f45d67a3,0.9736951317238984
1cac5ea7-3808-4de7-a2b9-1287f6f72a06,13616814-2fbd-4f7b-b37b-5fc90acf8df4,0.7154672597658935
1cac5ea7-3808-4de7-a2b9-1287f6f72a06,13617054-5a98-450c-a288-fa741a8578de,0.8610556147083647
1cac5ea7-3808-4de7-a2b9-1287f6f72a06,13621322-929e-4534-b83a-61a78098b22d,0.6492952357598655
1cac5ea7-3808-4de7-a2b9-1287f6f72a06,1366b0f9-64f8-4bb2-9825-a478f020398c,0.9500512501615028
1cac5ea7-3808-4de7-a2b9-1287f6f72a06,1367987f-164c-4b8b-a03a-87e7b8003191,0.7223322778813177
1cac5ea7-3808-4de7-a2b9-1287f6f72a06,13688456-f513-4857-8b18-27eae7245dec,0.8145844634128996
1cac5ea7-3808-4de7-a2b9-1287f6f72a06,136a323b-499a-4787-b112-d8d3dd8f10a5,0.661594806101335
1cac5ea7-3808-4de7-a2b9-1287f6f72a06,136aa9c9-9d69-42e1-8e2a-99027ac77335,0.9682842520079752
1cac5ea7-3808-4de7-a2b9-1287f6f72a06,136aaf0a-c474-410d-a374-15156bde4886,0.8583074308924602
1cac5ea7-3808-4de7-a2b9-1287f6f72a06,136b4080-0c88-4dc9-bf28-cc8ef4197b12,0.9051100037042432
1cac5ea7-3808-4de7-a2b9-1287f6f72a06,136bdf74-0e69-4412-a8fa-ec783d7ededf,0.9573082970084628
1cac5ea7-3808-4de7-a2b9-1287f6f72a06,136c32fb-4037-4ae6-a199-cc33eb174e96,0.5272416984498665
1cac5ea7-3808-4de7-a2b9-1287f6f72a06,136d620a-acbe-44a0-a7d1-62f597f7d239,0.9394321146789534
1cac5ea7-3808-4de7-a2b9-1287f6f72a06,13702432-b6d3-47f9-bb27-b4783ee948b6,0.7204371110778535
1cac5ea7-3808-4de7-a2b9-1287f6f72a06,1370c313-83a0-4fa2-87dc-cfbc67c4e507,0.9283628671577756
1cac5ea7-3808-4de7-a2b9-1287f6f72a06,13724088-9be4-4e2e-b2e4-dfa2cffba6ce,0.9417646920675342
1cac5ea7-3808-4de7-a2b9-1287f6f72a06,13725e56-77a9-48af-94c5-f0f4ab3358b1,0.9319157425663492
1cac5ea7-3808-4de7-a2b9-1287f6f72a06,13729d16-7f6b-4e39-9415-b8c9d9dd6c3f,0.9433130019885014
1cac5ea7-3808-4de7-a2b9-1287f6f72a06,1374ebc9-3c33-430f-b7c5-d80163e47eba,0.9254520637443756
1cac5ea7-3808-4de7-a2b9-1287f6f72a06,13752b7c-8f06-46b6-9127-229b3fdf41d1,0.9303090133423014
1cac5ea7-3808-4de7-a2b9-1287f6f72a06,1375ccd5-4d0d-4414-b480-0705e164befa,0.8040810573626238
1cac5ea7-3808-4de7-a2b9-1287f6f72a06,13796a8e-c3f7-4d92-a261-f39ba1bb766b,0.8280990710023858
1cac5ea7-3808-4de7-a2b9-1287f6f72a06,1379b6ab-1d7b-47e4-97fc-d059017b708a,0.8422796201027455
1cac5ea7-3808-4de7-a2b9-1287f6f72a06,137b9ab7-1ac9-4e26-8f67-8565b48f943a,0.956582323084622
1cac5ea7-3808-4de7-a2b9-1287f6f72a06,137bd55e-9e67-4277-8208-b5c3475e8aca,0.5562639179940722
1cac5ea7-3808-4de7-a2b9-1287f6f72a06,137c5857-6daf-4137-b6f6-b6d24eb2d87f,0.7480348546518285
1cac5ea7-3808-4de7-a2b9-1287f6f72a06,137de57d-83cb-4f33-921c-e3ba65f9a6a1,0.8873523438341925
1cac5ea7-3808-4de7-a2b9-1287f6f72a06,137e29a3-e193-4886-8dba-c2694b392950,0.9464791601486776
1cac5ea7-3808-4de7-a2b9-1287f6f72a06,13812e6b-0163-43de-a6ac-f7f58c063257,0.7329729124441046
1cac5ea7-3808-4de7-a2b9-1287f6f72a06,1381a61e-a697-4360-9916-07fa26015d76,0.8716130072127037
1cac5ea7-3808-4de7-a2b9-1287f6f72a06,1381c625-9353-4a99-abda-6774d14b7f06,0.854935046004267
1cac5ea7-3808-4de7-a2b9-1287f6f72a06,13824bcb-6134-4b2c-8179-92882cafd60f,0.8230031669166366
1cac5ea7-3808-4de7-a2b9-1287f6f72a06,138539ab-a9c2-4fc1-8bd7-daa69a11255f,0.934372390253278
1cac5ea7-3808-4de7-a2b9-1287f6f72a06,13870d67-87ea-4022-8baa-505d63b72786,0.8175768849093141
1cac5ea7-3808-4de7-a2b9-1287f6f72a06,13872d9b-0a1e-4d2f-ab44-363bca356068,0.7525556991700209
1cac5ea7-3808-4de7-a2b9-1287f6f72a06,13891363-f155-4b08-b4c3-4ca1a64e071a,0.8277983514441066
1cac5ea7-3808-4de7-a2b9-1287f6f72a06,13895ccb-824b-409f-8e4d-64f74a08f5e8,0.848979586570087
1cac5ea7-3808-4de7-a2b9-1287f6f72a06,1389dbcc-53b2-4dab-af52-a907fe4c1f70,0.8888482561607837
1cac5ea7-3808-4de7-a2b9-1287f6f72a06,138a3adc-07f6-49a6-acf9-75f31c833c0b,0.6917603365789675
1cac5ea7-3808-4de7-a2b9-1287f6f72a06,138bf8ab-37db-4ae4-9fcc-20fe7a6c2e31,0.6457818180125544
1cac5ea7-3808-4de7-a2b9-1287f6f72a06,138cb4e0-b2ac-4eb5-be18-61574592d352,0.5570750603110624
1cac5ea7-3808-4de7-a2b9-1287f6f72a06,138cf99c-7ef6-43b9-ad32-0b8e9c56b48c,0.8753151469161281
1cac5ea7-3808-4de7-a2b9-1287f6f72a06,138d2d8b-6c6c-4b3e-9654-68dc421fb328,0.5078489103803158
1cac5ea7-3808-4de7-a2b9-1287f6f72a06,138d72b1-2786-4869-93de-59ae04453a56,0.7354149238409093
1cac5ea7-3808-4de7-a2b9-1287f6f72a06,138d8531-703e-4ca4-a2e3-e0f27709dd2c,0.8595967946017832
1cac5ea7-3808-4de7-a2b9-1287f6f72a06,138f4d0b-5e08-4095-9e6e-2bc2fd5afad4,0.5910733575522951
1cac5ea7-3808-4de7-a2b9-1287f6f72a06,13902431-862a-44ef-9306-63c01765ab50,0.7560581604021658
1cac5ea7-3808-4de7-a2b9-1287f6f72a06,1391c54e-1739-49eb-bdf6-39a821c20630,0.9095207693496158
1cac5ea7-3808-4de7-a2b9-1287f6f72a06,1391e83a-9581-4a24-8752-73b3cea63900,0.9617532503615008
1cac5ea7-3808-4de7-a2b9-1287f6f72a06,1392fb73-cc5c-4f10-92fd-207bb95c1346,0.9126398136843918
1cac5ea7-3808-4de7-a2b9-1287f6f72a06,1392fedf-a128-4d90-910e-754f7b70a70d,0.9673348703504776
1cac5ea7-3808-4de7-a2b9-1287f6f72a06,1394003e-5cd9-4033-925e-e72a5054d5c2,0.7827192012730082
1cac5ea7-3808-4de7-a2b9-1287f6f72a06,13949377-510c-4179-9dbd-1159fcf64c4f,0.2621291781726177
1cac5ea7-3808-4de7-a2b9-1287f6f72a06,1395effc-38b9-42c8-8a87-db7b413d69ec,0.8105962591556026
1cac5ea7-3808-4de7-a2b9-1287f6f72a06,13978047-5ff6-4234-a616-6f7331912e58,0.7973757420624756
1cac5ea7-3808-4de7-a2b9-1287f6f72a06,1397e71d-23d0-4359-a3d1-abf6d07906d0,0.8548609775820986
1cac5ea7-3808-4de7-a2b9-1287f6f72a06,1398217e-1b45-4d2f-8378-8dcf5907f17f,0.9018161311986632
1cac5ea7-3808-4de7-a2b9-1287f6f72a06,13988dc5-329d-4092-bb49-eab214db078c,0.9271485701923888
1cac5ea7-3808-4de7-a2b9-1287f6f72a06,139a3d8e-6b7d-47f7-93da-ff424e62397e,0.9514094415173792
1cac5ea7-3808-4de7-a2b9-1287f6f72a06,139ac373-2790-4664-90af-341f10e0db5b,0.9581651259484382
1cac5ea7-3808-4de7-a2b9-1287f6f72a06,139e2e28-ccc1-45ee-b080-52e2e1e7ea8e,0.7100049756535806
1cac5ea7-3808-4de7-a2b9-1287f6f72a06,13a3add3-f956-4275-a1d6-79acfbc331ba,0.9529508138965735
1cac5ea7-3808-4de7-a2b9-1287f6f72a06,13a3ce93-555b-44a6-89e1-a439b1503463,0.7894575434138997
1cac5ea7-3808-4de7-a2b9-1287f6f72a06,13a519c6-f433-456c-bcbd-9213aaa9e2fb,0.7758380879078163
1cac5ea7-3808-4de7-a2b9-1287f6f72a06,13a6a7cf-e7b4-406e-a75e-7789c574f8fb,0.7593018276296855
1cac5ea7-3808-4de7-a2b9-1287f6f72a06,13a743c4-96c2-469a-b5d6-b9d54c067faa,0.9277135469100034
1cac5ea7-3808-4de7-a2b9-1287f6f72a06,13a7b649-058a-4b08-80c4-0e0483308ce6,0.7991404108124711
1cac5ea7-3808-4de7-a2b9-1287f6f72a06,13a90bbe-712a-4d57-9b18-03a9e7e62390,0.8467849951174636
1cac5ea7-3808-4de7-a2b9-1287f6f72a06,13a955f7-24a2-444b-a3f8-f0112462133e,0.793735694850833
1cac5ea7-3808-4de7-a2b9-1287f6f72a06,13afeba0-42e5-48de-86e6-044e2a6152aa,0.9148361221183672
1cac5ea7-3808-4de7-a2b9-1287f6f72a06,13b015b5-0687-4a6c-aea2-fd30613db966,0.776497992198141
1cac5ea7-3808-4de7-a2b9-1287f6f72a06,13b2ab30-dd25-45d1-901f-9788fb71b234,0.9159811616622956
1cac5ea7-3808-4de7-a2b9-1287f6f72a06,13b2d945-7ab4-4d5a-98de-0d2359ed4510,0.8772340500827587
1cac5ea7-3808-4de7-a2b9-1287f6f72a06,13b33c97-6cd9-46ba-9170-40b9ad96f01e,0.8870373551052185
1cac5ea7-3808-4de7-a2b9-1287f6f72a06,13b41543-03e2-4061-9977-a09b65b65b3f,0.7907761109815796
1cac5ea7-3808-4de7-a2b9-1287f6f72a06,13b49d9c-e241-4eb6-a657-b829f28f6ab3,0.6870525890326831
1cac5ea7-3808-4de7-a2b9-1287f6f72a06,13b52cb0-6f38-4447-b1ab-dbc6ea29660b,0.9456496006953756
1cac5ea7-3808-4de7-a2b9-1287f6f72a06,13b6079a-35c6-4574-af33-aac4903d23bc,0.765836508098137
1cac5ea7-3808-4de7-a2b9-1287f6f72a06,13b71166-4b15-49e2-ad06-b807ab56726e,0.8383050106319467
1cac5ea7-3808-4de7-a2b9-1287f6f72a06,13b87027-c096-4120-8561-335f522ce5e6,0.4514022890747433
1cac5ea7-3808-4de7-a2b9-1287f6f72a06,13ba1abf-8847-4d27-bf68-85fbd858e075,0.9723585696347512
1cac5ea7-3808-4de7-a2b9-1287f6f72a06,13ba653d-6257-43bd-97a2-a4df608ea06a,0.8887793403522024
1cac5ea7-3808-4de7-a2b9-1287f6f72a06,13ba7c49-8af4-4b27-9d4a-fd2e4a2d18b4,0.9400960871614952
1cac5ea7-3808-4de7-a2b9-1287f6f72a06,13bb595c-6251-4a9d-bf59-2c0a00b3d3e6,0.7976940474890697
1cac5ea7-3808-4de7-a2b9-1287f6f72a06,13be8c7f-7523-4def-acd7-708314994227,0.8014197271853688
1cac5ea7-3808-4de7-a2b9-1287f6f72a06,13bf95a7-a9d5-4abc-a928-e8a12d500138,0.7564600877631373
1cac5ea7-3808-4de7-a2b9-1287f6f72a06,13bf98ad-86a0-4e9d-a691-eeb12796fcaf,0.8984351785632783
1cac5ea7-3808-4de7-a2b9-1287f6f72a06,13c0a819-2055-42db-ba0f-b8218ec59e63,0.8830677842633298
1cac5ea7-3808-4de7-a2b9-1287f6f72a06,13c0f3b0-ba85-4222-99bd-665f52f81b7c,0.8441039806107876
1cac5ea7-3808-4de7-a2b9-1287f6f72a06,13c1dcab-3f61-4853-b1c4-ef56ab65602e,0.8744040586890419
1cac5ea7-3808-4de7-a2b9-1287f6f72a06,13c1e845-775c-4451-b883-be1cca858f18,0.915406961953177
1cac5ea7-3808-4de7-a2b9-1287f6f72a06,13c25014-04c3-421e-b2a5-53dc11c48cc5,0.8458145081527114
1cac5ea7-3808-4de7-a2b9-1287f6f72a06,13c398ab-4229-4b25-9ad5-a6a434937a69,0.7032917709568269
1cac5ea7-3808-4de7-a2b9-1287f6f72a06,13c635e7-57a8-4822-9a55-de2d8b9d1c75,0.6772764692526132
1cac5ea7-3808-4de7-a2b9-1287f6f72a06,13c8414a-a885-4578-be15-666465c94e3c,0.8633589370924516
1cac5ea7-3808-4de7-a2b9-1287f6f72a06,13c869b2-0ad6-4a54-b3bb-a00f82d40a7b,0.7655776765488659
1cac5ea7-3808-4de7-a2b9-1287f6f72a06,13cae3c7-de87-4afb-ac17-ae7948b24e4e,0.8400410569434176
1cac5ea7-3808-4de7-a2b9-1287f6f72a06,13cafa7f-4cc5-4bbe-ad5f-55d61d6cc664,0.799780722671237
1cac5ea7-3808-4de7-a2b9-1287f6f72a06,13cb8463-2643-492e-ba61-b551085bf1e3,0.7132501524049326
1cac5ea7-3808-4de7-a2b9-1287f6f72a06,13cc5fa4-e398-4bde-9109-6d701c211e97,0.920123375115664
1cac5ea7-3808-4de7-a2b9-1287f6f72a06,13cc8382-1d2a-47f3-992f-a121c75cb93a,0.9201954392740284
1cac5ea7-3808-4de7-a2b9-1287f6f72a06,13ccc8ad-2475-402a-9eae-24734ea41f2c,0.4304326209062523
1cac5ea7-3808-4de7-a2b9-1287f6f72a06,13ccf20e-084a-49ae-b457-859555d21bcf,0.967746424127146
1cac5ea7-3808-4de7-a2b9-1287f6f72a06,13cd027d-86c3-4d05-8165-648708c9bcb5,0.8411414613264401
1cac5ea7-3808-4de7-a2b9-1287f6f72a06,13cd2c3a-507d-491e-836d-3d7682d12668,0.9562349209788714
1cac5ea7-3808-4de7-a2b9-1287f6f72a06,13cf5cb7-e99f-4c76-9b4a-60de491cf816,0.6685255957968216
1cac5ea7-3808-4de7-a2b9-1287f6f72a06,13d24598-b597-4766-a052-a1eae667aa8e,0.7722189445133798
1cac5ea7-3808-4de7-a2b9-1287f6f72a06,13d28506-289c-4e75-9169-4dc3b4b08028,0.8567509044809315
1cac5ea7-3808-4de7-a2b9-1287f6f72a06,13d32a47-8e31-4592-8655-3860b233d4fb,0.7600970798851665
1cac5ea7-3808-4de7-a2b9-1287f6f72a06,13d3301b-3c14-48bd-a35e-ff6d113a96f3,0.8543871213694751
1cac5ea7-3808-4de7-a2b9-1287f6f72a06,13d37775-c657-4ebe-a9bd-cf08797369ab,0.5377462393422959
1cac5ea7-3808-4de7-a2b9-1287f6f72a06,13d37b66-f2b5-46aa-9827-0a2a21186419,0.3930719053693133
1cac5ea7-3808-4de7-a2b9-1287f6f72a06,13d3c7e4-1564-4cab-9465-c78d6b2d0437,0.9220796077898772
1cac5ea7-3808-4de7-a2b9-1287f6f72a06,13d3c8e0-d9b8-4248-9b72-ab3e049c763c,0.7922729101940665
1cac5ea7-3808-4de7-a2b9-1287f6f72a06,13d5415b-93e3-47b4-9043-4b1563eeab7d,0.7499614230387417
1cac5ea7-3808-4de7-a2b9-1287f6f72a06,13d74128-6608-45a7-b725-1475d1c26f9b,0.8957841536641172
1cac5ea7-3808-4de7-a2b9-1287f6f72a06,13d7d29b-b200-4dd0-9499-daa16cda5459,0.8868041767694895
1cac5ea7-3808-4de7-a2b9-1287f6f72a06,13d8276a-c71c-4f56-a052-2d8ae55ec5a6,0.9418899335523544
1cac5ea7-3808-4de7-a2b9-1287f6f72a06,13d84586-9a63-4d84-a2a0-ecaa71b4ee18,0.952285301273224
1cac5ea7-3808-4de7-a2b9-1287f6f72a06,13d97a5e-7fd2-4976-b3f0-b0901f6d149a,0.7609331492131309
1cac5ea7-3808-4de7-a2b9-1287f6f72a06,13d9d162-29a2-4741-b930-ff4fadd49b2a,0.6523396152576192
1cac5ea7-3808-4de7-a2b9-1287f6f72a06,13dce4ea-532a-476a-b107-077dc6ca4148,0.905611848904663
1cac5ea7-3808-4de7-a2b9-1287f6f72a06,13dd3410-c1b4-4458-abab-125e30f1a601,0.9303970280326423
1cac5ea7-3808-4de7-a2b9-1287f6f72a06,13dd6014-a9f1-4848-b5be-338f45dd64d2,0.922794822666298
1cac5ea7-3808-4de7-a2b9-1287f6f72a06,13df06fc-7cee-4f3d-8064-e787ee937e5d,0.9231693242028164
1cac5ea7-3808-4de7-a2b9-1287f6f72a06,13df532d-6079-4086-9c0a-523b6170ac2a,0.3755334653358185
1cac5ea7-3808-4de7-a2b9-1287f6f72a06,13dfdeae-6155-4f65-ade3-01ccd6df5169,0.7031622194912227
1cac5ea7-3808-4de7-a2b9-1287f6f72a06,13e0fbb1-2a84-4881-a2ed-4c3a44ddc91a,0.8952577718950097
1cac5ea7-3808-4de7-a2b9-1287f6f72a06,13e30a11-ec5a-4e3d-ab7d-454c5ae1806a,0.6516963890303782
1cac5ea7-3808-4de7-a2b9-1287f6f72a06,13e35b13-4ffd-4f29-8322-e392b9581613,0.8031494583377297
1cac5ea7-3808-4de7-a2b9-1287f6f72a06,13e4390b-e7ee-4792-8deb-ec4990e8f36d,0.7663251740193537
1cac5ea7-3808-4de7-a2b9-1287f6f72a06,13e5a4d5-09df-4b28-bdea-674f0bb3b7ff,0.8974691046893557
1cac5ea7-3808-4de7-a2b9-1287f6f72a06,13e66b89-3421-4d99-a533-7efc8a79c020,0.8844841366743029
1cac5ea7-3808-4de7-a2b9-1287f6f72a06,13e69e09-b093-4983-b115-4fde8f4ba396,0.8504371737065087
1cac5ea7-3808-4de7-a2b9-1287f6f72a06,13e6bf13-eb09-4726-91f7-92a1c42157ca,0.9072507966239756
1cac5ea7-3808-4de7-a2b9-1287f6f72a06,13e6ecf1-950a-4abf-a6af-1ce972ee066f,0.4071956517490502
1cac5ea7-3808-4de7-a2b9-1287f6f72a06,13e756f3-94de-4a42-92d6-670b0122eccc,0.9601352705944978
1cac5ea7-3808-4de7-a2b9-1287f6f72a06,13e8feee-b96b-4c36-a266-a91bce36c072,0.904926622776922
1cac5ea7-3808-4de7-a2b9-1287f6f72a06,13ea27c7-215b-4573-a439-70a9a68a1f0f,0.7779587393056997
1cac5ea7-3808-4de7-a2b9-1287f6f72a06,13eb15ee-19a3-49d2-a539-11697c19d835,0.844814616639612
1cac5ea7-3808-4de7-a2b9-1287f6f72a06,13eb9396-05d7-4924-adc2-2abfdd1721f7,0.8441786211073654
1cac5ea7-3808-4de7-a2b9-1287f6f72a06,13eda2bf-5128-4fe3-97a7-ac2de08b26a3,0.8805503813718787
1cac5ea7-3808-4de7-a2b9-1287f6f72a06,13eda8d4-cc6c-4cc5-a0fe-f8b7787399b2,0.963102918681034
1cac5ea7-3808-4de7-a2b9-1287f6f72a06,13ef2bbd-d2d5-4320-8955-fb79ea51bca0,0.9427140992423338
1cac5ea7-3808-4de7-a2b9-1287f6f72a06,13efaed3-a468-4f43-982b-0c4d75df2849,0.8835732375786831
1cac5ea7-3808-4de7-a2b9-1287f6f72a06,13f0b4f1-8c8a-40da-83a2-5fdd5b4ec064,0.8189653388119252
1cac5ea7-3808-4de7-a2b9-1287f6f72a06,13f2c297-53cf-460b-9857-aae656dd68bf,0.920540615706986
1cac5ea7-3808-4de7-a2b9-1287f6f72a06,13f3bc2d-d391-43ab-b477-c712741450ae,0.9182957109407284
1cac5ea7-3808-4de7-a2b9-1287f6f72a06,13f5905a-2b22-40cd-89e9-8abf75cc84c0,0.8074663144714906
1cac5ea7-3808-4de7-a2b9-1287f6f72a06,13f6137c-4e93-4232-95bc-2a15639afd35,0.8118953133514543
1cac5ea7-3808-4de7-a2b9-1287f6f72a06,13f69140-3513-4b44-b946-a73714884943,0.9658592286617864
1cac5ea7-3808-4de7-a2b9-1287f6f72a06,13f73ce3-8e0f-4120-83a7-6f1b4d83faee,0.3294629993058595
1cac5ea7-3808-4de7-a2b9-1287f6f72a06,13f73d0b-f7de-4eeb-858e-ea35df1b9b2a,0.9081223269519716
1cac5ea7-3808-4de7-a2b9-1287f6f72a06,13f7f9ed-4f45-4be1-aef5-27a17c20dc87,0.8936949318477545
1cac5ea7-3808-4de7-a2b9-1287f6f72a06,13f93928-b516-47ea-922d-cc077230b487,0.5414177626437585
1cac5ea7-3808-4de7-a2b9-1287f6f72a06,13f98af9-0441-41c7-991c-021eaf548b1e,0.922874890335834
1cac5ea7-3808-4de7-a2b9-1287f6f72a06,13fa8875-1c1f-41c3-bbc8-2464c3564d62,0.9225187178522108
1cac5ea7-3808-4de7-a2b9-1287f6f72a06,13fb2375-836d-44f9-9558-cedd8715527c,0.5495363105623084
1cac5ea7-3808-4de7-a2b9-1287f6f72a06,13fb66ec-a4ff-47f6-a648-41a8fee5f22c,0.6930400783704399
1cac5ea7-3808-4de7-a2b9-1287f6f72a06,1400f56b-9a28-490b-a19d-acba7498cbe3,0.8437392269669479
1cac5ea7-3808-4de7-a2b9-1287f6f72a06,14015c64-461c-44d5-b8f7-c99a8aadead6,0.8299987255140965
1cac5ea7-3808-4de7-a2b9-1287f6f72a06,14021318-f564-4e7e-8be2-df7a728e2d91,0.8862141938714068
1cac5ea7-3808-4de7-a2b9-1287f6f72a06,14029a34-eb57-4c81-b435-c396f7f8b7d5,0.9204265223173532
1cac5ea7-3808-4de7-a2b9-1287f6f72a06,1406ffff-7f98-4333-abe2-2b4cdbbf6801,0.8128873303105534
1cac5ea7-3808-4de7-a2b9-1287f6f72a06,1407ab9d-61e3-436b-96a7-55e8acdabc5d,0.9115528265366212
1cac5ea7-3808-4de7-a2b9-1287f6f72a06,1407c057-7654-4879-a234-c941b9d56cc5,0.940566534062672
1cac5ea7-3808-4de7-a2b9-1287f6f72a06,14096095-0ab2-4b9c-be2f-e5d77a998424,0.6558184259015705
1cac5ea7-3808-4de7-a2b9-1287f6f72a06,140bc61c-2a71-463a-b35e-95be4203f3ab,0.6310292618686889
1cac5ea7-3808-4de7-a2b9-1287f6f72a06,140beb1e-e4d8-48d9-9332-02ade21b9722,0.761333375294258
1cac5ea7-3808-4de7-a2b9-1287f6f72a06,140c3fd9-3c98-4de5-95c7-8d7855879bec,0.9202290830935328
1cac5ea7-3808-4de7-a2b9-1287f6f72a06,140c6f02-cbc0-402a-ada1-853e6de9f8be,0.8988806264545026
1cac5ea7-3808-4de7-a2b9-1287f6f72a06,140e5185-6f17-4cd7-b710-5b7a04a24241,0.5722155799845383
1cac5ea7-3808-4de7-a2b9-1287f6f72a06,14103fd5-0783-4ee8-bd46-db49a085ab99,0.93986499634175
1cac5ea7-3808-4de7-a2b9-1287f6f72a06,1411062d-0a48-42b6-8cfa-8a2dec8c5585,0.8988399315869826
1cac5ea7-3808-4de7-a2b9-1287f6f72a06,1411062e-85da-4234-8ad8-1256d2e94161,0.8841440237393425
1cac5ea7-3808-4de7-a2b9-1287f6f72a06,1412412f-3084-4571-81e6-6a78962d4ae3,0.8192914791291457
1cac5ea7-3808-4de7-a2b9-1287f6f72a06,1412c3cd-0e00-4e5e-8fc6-9601b6e0f234,0.8996973204865737
1cac5ea7-3808-4de7-a2b9-1287f6f72a06,1412f7a2-b73b-4b15-9f7f-5901e35b8e9a,0.8267929850106651
1cac5ea7-3808-4de7-a2b9-1287f6f72a06,141341e8-105e-4873-a975-fa0a961c47d7,0.9042182970767076
1cac5ea7-3808-4de7-a2b9-1287f6f72a06,1413e3c4-72dd-40b8-a413-3a0e0fdf6371,0.9726686996674028
1cac5ea7-3808-4de7-a2b9-1287f6f72a06,1415403c-9032-4be0-948c-71b752a1dceb,0.9585665466156746
1cac5ea7-3808-4de7-a2b9-1287f6f72a06,141560a7-ec7d-4109-8f42-8b1e0076cc91,0.8058281200234293
1cac5ea7-3808-4de7-a2b9-1287f6f72a06,1415fc4f-276c-457f-85b9-f35f18915374,0.7213803175580098
1cac5ea7-3808-4de7-a2b9-1287f6f72a06,1415fda3-3d5f-49c5-a50e-371de6c30ce0,0.8809981252673164
1cac5ea7-3808-4de7-a2b9-1287f6f72a06,1418def6-f6a8-492b-b63c-b3b69c342f75,0.9038150303667852
1cac5ea7-3808-4de7-a2b9-1287f6f72a06,14191831-ee58-4ee3-a08d-89dcb4db31bb,0.8944891802224844
1cac5ea7-3808-4de7-a2b9-1287f6f72a06,141b17a4-9393-4910-a801-718cbef74a49,0.8692772462621825
1cac5ea7-3808-4de7-a2b9-1287f6f72a06,141c4dd5-c94a-48ba-93a9-dd7c86817527,0.8145348381654586
1cac5ea7-3808-4de7-a2b9-1287f6f72a06,141d1840-d2ba-404c-a5e9-8ec483e513b8,0.8753025798354152
1cac5ea7-3808-4de7-a2b9-1287f6f72a06,141e5623-700a-4eb2-9e65-b3e5ff41f70a,0.9196497926410916
1cac5ea7-3808-4de7-a2b9-1287f6f72a06,141e773b-29e9-451c-bdf8-d08db0974795,0.9165178181776646
1cac5ea7-3808-4de7-a2b9-1287f6f72a06,141f7d19-00f7-4390-9501-6f6e05888097,0.6049956767064406
1cac5ea7-3808-4de7-a2b9-1287f6f72a06,141fbe6b-e981-48b7-a372-211ce2e57641,0.7495615878233896
1cac5ea7-3808-4de7-a2b9-1287f6f72a06,141ff68e-7c89-4ef2-8ae3-c0bee4408e38,0.9103578569303616
1cac5ea7-3808-4de7-a2b9-1287f6f72a06,14201296-2364-4a21-b857-c544cbab346e,0.8570344308157221
1cac5ea7-3808-4de7-a2b9-1287f6f72a06,1420b4fc-03ce-40c8-a7ad-5ab63697f17f,0.7099694369754886
1cac5ea7-3808-4de7-a2b9-1287f6f72a06,1422a85f-674e-4a82-8061-297fefe2bba1,0.9317111149491012
1cac5ea7-3808-4de7-a2b9-1287f6f72a06,1423b3b3-3a28-4d9d-8eb9-0d768acf8829,0.8850962120152585
1cac5ea7-3808-4de7-a2b9-1287f6f72a06,1424062c-d91a-40fd-9d63-7f6fda508665,0.6467168121252101
1cac5ea7-3808-4de7-a2b9-1287f6f72a06,142407ba-496c-4037-b45c-28e1e4844974,0.8254361871359603
1cac5ea7-3808-4de7-a2b9-1287f6f72a06,14265755-7d77-4614-bd61-74860c566bb8,0.9076388988449
1cac5ea7-3808-4de7-a2b9-1287f6f72a06,14266167-2ef1-48d8-84aa-0f371b90fb0f,0.492436099777762
1cac5ea7-3808-4de7-a2b9-1287f6f72a06,14270a90-09e7-44b0-b081-a040df60bfaf,0.935496286911266
1cac5ea7-3808-4de7-a2b9-1287f6f72a06,142848c0-7fba-4bf4-9c1d-3f058b5eb611,0.9408995464660932
1cac5ea7-3808-4de7-a2b9-1287f6f72a06,14287c23-cff5-4a9b-9040-d4bfcef84ccc,0.7795947336042869
1cac5ea7-3808-4de7-a2b9-1287f6f72a06,142913db-a437-4209-ac7b-ccd554a047f8,0.9172907607203936
1cac5ea7-3808-4de7-a2b9-1287f6f72a06,14291a78-0540-4087-ad19-58c8c9e8762f,0.8365650027478686
1cac5ea7-3808-4de7-a2b9-1287f6f72a06,14293336-fc98-4421-8a3a-f21d875e072e,0.9104070959143734
1cac5ea7-3808-4de7-a2b9-1287f6f72a06,1429c8f9-b605-450a-859e-e058fc26c57e,0.8769589647896824
1cac5ea7-3808-4de7-a2b9-1287f6f72a06,142a6cb2-ca23-400d-b61c-546d8c86b115,0.9085101653100068
1cac5ea7-3808-4de7-a2b9-1287f6f72a06,142c5fd6-04f3-4e76-9b11-39b29c5d0e1e,0.8449270562936491
1cac5ea7-3808-4de7-a2b9-1287f6f72a06,142cacc0-0553-4f2c-a0d7-460eaf46e8ff,0.8970401291924966
1cac5ea7-3808-4de7-a2b9-1287f6f72a06,142ce647-32ec-4176-88cc-7b19d0848caf,0.8811347079600024
1cac5ea7-3808-4de7-a2b9-1287f6f72a06,142ef286-d762-45da-8c37-a723867875ce,0.9417798582328952
1cac5ea7-3808-4de7-a2b9-1287f6f72a06,1431271e-d275-4117-bb76-5f88d57f7caa,0.9559046860104974
1cac5ea7-3808-4de7-a2b9-1287f6f72a06,14321adc-9ff5-4008-8993-121e98590515,0.915279474403782
1cac5ea7-3808-4de7-a2b9-1287f6f72a06,1433612d-c066-4be0-91ee-385cd4fc0090,0.8589027082762042
1cac5ea7-3808-4de7-a2b9-1287f6f72a06,143481b7-06cf-413b-b731-27cd18286c68,0.6461281813191376
1cac5ea7-3808-4de7-a2b9-1287f6f72a06,1434c37e-196e-45fd-9d19-46ab68ff602c,0.7967909957346789
1cac5ea7-3808-4de7-a2b9-1287f6f72a06,14360274-e0f4-4033-bc8c-8686baaeca82,0.9557252488788708
1cac5ea7-3808-4de7-a2b9-1287f6f72a06,1436e79b-e7e9-42a5-84a2-77380bb1dbf4,0.5144542905613387
1cac5ea7-3808-4de7-a2b9-1287f6f72a06,1437388d-6c61-48fe-9e5f-03c0c3f978ce,0.7886009068294254
1cac5ea7-3808-4de7-a2b9-1287f6f72a06,143778ba-4c8a-4800-85a9-c125a12bd372,0.8157715304345565
1cac5ea7-3808-4de7-a2b9-1287f6f72a06,1437b93d-2c61-43a3-ab8b-8e939a4e99b3,0.5455760038028866
1cac5ea7-3808-4de7-a2b9-1287f6f72a06,143a3bcb-6bea-4757-be3a-9a00df78e842,0.8948041194587852
1cac5ea7-3808-4de7-a2b9-1287f6f72a06,143b1f0f-1e2b-4a54-b063-285ad271978f,0.9289806836775552
1cac5ea7-3808-4de7-a2b9-1287f6f72a06,1440f800-eab3-42bb-bc08-c23ee860f15f,0.959976399313259
1cac5ea7-3808-4de7-a2b9-1287f6f72a06,1441aa8e-b02b-4d49-a2d9-f9b720f828be,0.9681361726158786
1cac5ea7-3808-4de7-a2b9-1287f6f72a06,14439778-b75d-4af1-aa0e-0de55991448c,0.8599874705946436
1cac5ea7-3808-4de7-a2b9-1287f6f72a06,1443c800-a03a-452b-acd3-adc660f2ce36,0.5792801066929001
1cac5ea7-3808-4de7-a2b9-1287f6f72a06,1443f03b-4ffd-43bb-9038-e5e6761b1b83,0.945458246558316
1cac5ea7-3808-4de7-a2b9-1287f6f72a06,14445a45-710f-4e31-abfa-88e179469135,0.9014496835286296
1cac5ea7-3808-4de7-a2b9-1287f6f72a06,14465102-1237-46c4-ad7c-debf0d00cba8,0.9123090505191368
1cac5ea7-3808-4de7-a2b9-1287f6f72a06,1447c2c2-282e-4741-a171-d88a3e81957c,0.7791130409446465
1cac5ea7-3808-4de7-a2b9-1287f6f72a06,144a201f-b51e-4046-84c0-e58ce85406eb,0.447838364001892
1cac5ea7-3808-4de7-a2b9-1287f6f72a06,144b1ec9-5d0e-46d5-b147-e2af23c5a6e9,0.9374370939218424
1cac5ea7-3808-4de7-a2b9-1287f6f72a06,14523337-7159-4999-8aaf-504f92805604,0.6529337284413197
1cac5ea7-3808-4de7-a2b9-1287f6f72a06,14534464-557e-4763-9220-09f761e50766,0.9203766850321746
1cac5ea7-3808-4de7-a2b9-1287f6f72a06,1453a2f3-a28a-484d-a473-2cc5215986e3,0.7258131092354337
1cac5ea7-3808-4de7-a2b9-1287f6f72a06,14562170-931f-4ba1-925c-932141c3545f,0.9308161495868714
1cac5ea7-3808-4de7-a2b9-1287f6f72a06,14576f7e-1baf-4e86-9af4-9e79dfd7afc5,0.9030130808157616
1cac5ea7-3808-4de7-a2b9-1287f6f72a06,14578c46-37a0-433f-b0e4-782886a95773,0.9160874043042035
1cac5ea7-3808-4de7-a2b9-1287f6f72a06,14585bca-38fd-4421-8fca-63bb5709dd36,0.6831124259632627
1cac5ea7-3808-4de7-a2b9-1287f6f72a06,1459318b-a831-4dba-92ed-9f61c6f13f47,0.7719442266770516
1cac5ea7-3808-4de7-a2b9-1287f6f72a06,145b78f9-1b8d-4371-ae03-5b7758bff99b,0.9293472335706318
1cac5ea7-3808-4de7-a2b9-1287f6f72a06,145c88cc-31b4-453c-a51c-dc649a262717,0.8728749252659914
1cac5ea7-3808-4de7-a2b9-1287f6f72a06,145d8fc5-8c1e-4466-b0be-f32d68e9c2dc,0.8760993724517722
1cac5ea7-3808-4de7-a2b9-1287f6f72a06,145e1fef-83ec-45d6-9a26-fdb47b52f2ee,0.3080294269110548
1cac5ea7-3808-4de7-a2b9-1287f6f72a06,145ef585-58c0-4847-a0f0-fbbee95d5986,0.8735694785187504
1cac5ea7-3808-4de7-a2b9-1287f6f72a06,145f4984-b6d8-4b54-bae3-bba90019fca9,0.6334808303744699
1cac5ea7-3808-4de7-a2b9-1287f6f72a06,146377d2-e556-4eeb-a03a-34bed9d4e05d,0.9266128239074022
1cac5ea7-3808-4de7-a2b9-1287f6f72a06,1463b341-fd9e-4b15-832c-b30b7de9773d,0.9181511586732388
1cac5ea7-3808-4de7-a2b9-1287f6f72a06,1464791a-c185-499c-a4bd-73622ee61b43,0.8049457061012115
1cac5ea7-3808-4de7-a2b9-1287f6f72a06,1464bc55-49b4-420f-8614-902cf2e6ac41,0.8089962260778389
1cac5ea7-3808-4de7-a2b9-1287f6f72a06,1464e3fa-a8ed-4c11-9d12-e7418e70b6a5,0.9676473065271826
1cac5ea7-3808-4de7-a2b9-1287f6f72a06,146521d3-39c3-468e-9433-6e502da631c6,0.8445993308655456
1cac5ea7-3808-4de7-a2b9-1287f6f72a06,14664212-fff8-4778-ad6f-69410024f32b,0.7418086011406506
1cac5ea7-3808-4de7-a2b9-1287f6f72a06,14676802-bb70-4215-a622-9b9ba78853ce,0.7353686481981916
1cac5ea7-3808-4de7-a2b9-1287f6f72a06,14683258-59ba-492d-b1d7-6d4e84a5c1ec,0.8226776989353151
1cac5ea7-3808-4de7-a2b9-1287f6f72a06,146891d3-ca20-4acb-a345-48a3b65f8aab,0.9029942737165704
1cac5ea7-3808-4de7-a2b9-1287f6f72a06,14699630-ff85-493a-9baa-98fbdfefa707,0.9310776265246484
1cac5ea7-3808-4de7-a2b9-1287f6f72a06,146a718f-edee-4370-a1cc-8800f34f2781,0.8557389366174079
1cac5ea7-3808-4de7-a2b9-1287f6f72a06,146c5540-75bf-4358-94c7-80f58a69fb85,0.6979792591524566
1cac5ea7-3808-4de7-a2b9-1287f6f72a06,146cd3d4-3b35-44a7-8ac7-f7d5787233e5,0.9440437087861108
1cac5ea7-3808-4de7-a2b9-1287f6f72a06,146ebd38-61ea-4fa9-8781-d30e666c2e1e,0.9637342117447608
1cac5ea7-3808-4de7-a2b9-1287f6f72a06,146fef5a-8e6b-4d41-a8c5-da8d0b22c771,0.5678940732545352
1cac5ea7-3808-4de7-a2b9-1287f6f72a06,14709ad1-defe-46b7-8feb-eebdd0e8d2db,0.968776656909349
1cac5ea7-3808-4de7-a2b9-1287f6f72a06,1472e4fb-75d0-4705-9596-5d9a0ccefe56,0.8381090278678126
1cac5ea7-3808-4de7-a2b9-1287f6f72a06,147352e5-7f56-4b1a-8983-36f73a6a852b,0.9004743622774445
1cac5ea7-3808-4de7-a2b9-1287f6f72a06,1473bd20-83ff-49f5-85c1-801a3d3b01c1,0.7152975840170849
1cac5ea7-3808-4de7-a2b9-1287f6f72a06,147421a1-b76a-480b-bc8c-672b7f40e0c1,0.6770562230822355
1cac5ea7-3808-4de7-a2b9-1287f6f72a06,14749eb2-25e9-4180-832c-3273642aa54b,0.4284611554993757
1cac5ea7-3808-4de7-a2b9-1287f6f72a06,14764ecd-9443-481e-b0cc-77420a26892b,0.7531889763840897
1cac5ea7-3808-4de7-a2b9-1287f6f72a06,1477abb7-fd1e-44f1-a977-286bee129639,0.9259149326711492
1cac5ea7-3808-4de7-a2b9-1287f6f72a06,147827e7-5201-455b-9b7d-a3993a5a8b7f,0.9333700590106953
1cac5ea7-3808-4de7-a2b9-1287f6f72a06,147a1ee4-5be2-4b04-b833-25bc88922ddb,0.8466991069451156
1cac5ea7-3808-4de7-a2b9-1287f6f72a06,147b2967-1d48-495f-8b1f-4b90c5dd2e0f,0.8524730489187807
1cac5ea7-3808-4de7-a2b9-1287f6f72a06,147cd15f-2ee1-470a-9721-789583621909,0.8074122491484733
1cac5ea7-3808-4de7-a2b9-1287f6f72a06,147d823c-2c76-4900-8944-ae77a295c3d9,0.860441803616893
1cac5ea7-3808-4de7-a2b9-1287f6f72a06,147db0af-297c-422d-a1bc-cd31e3c920d0,0.4932332606077823
1cac5ea7-3808-4de7-a2b9-1287f6f72a06,1480d064-6e6f-414a-8ae2-cfdc557956b4,0.9356623483398656
1cac5ea7-3808-4de7-a2b9-1287f6f72a06,14831ff2-8bc8-48f5-a42d-cdfee25c7440,0.9081123993359712
1cac5ea7-3808-4de7-a2b9-1287f6f72a06,14863eb3-5acd-48e4-978d-eb173e13ccc5,0.7791190994177637
1cac5ea7-3808-4de7-a2b9-1287f6f72a06,14875e8c-9aec-4406-94f8-fb1ede34213a,0.8991127976491564
1cac5ea7-3808-4de7-a2b9-1287f6f72a06,1487aabd-4721-4ce4-8332-a160531398cb,0.916286093839079
1cac5ea7-3808-4de7-a2b9-1287f6f72a06,148ab0a8-0cb6-4bd1-a41b-4bd9eb6f7a2d,0.6014859541763922
1cac5ea7-3808-4de7-a2b9-1287f6f72a06,148c81da-2894-4978-9381-456cb50bf1d8,0.921393885493942
1cac5ea7-3808-4de7-a2b9-1287f6f72a06,148ca9b3-edc3-480e-b5b9-07c6479ca1df,0.8099183163430103
1cac5ea7-3808-4de7-a2b9-1287f6f72a06,14915241-0e02-48a6-9917-980952f47731,0.8804041628499797
1cac5ea7-3808-4de7-a2b9-1287f6f72a06,149431b4-67b9-452e-aa93-80803e620c0d,0.975600851674108
1cac5ea7-3808-4de7-a2b9-1287f6f72a06,149666f6-9a93-40cd-9784-c1cd6a015794,0.9424279241359674
1cac5ea7-3808-4de7-a2b9-1287f6f72a06,14981da9-7fd6-4374-b571-f5daa15d7707,0.884180893036007
1cac5ea7-3808-4de7-a2b9-1287f6f72a06,149acc06-8ec4-4420-85cf-521b68536441,0.7126348300122237
1cac5ea7-3808-4de7-a2b9-1287f6f72a06,149d1b7f-5ae1-4b29-a7eb-cde4e054d8bd,0.9799455170401882
1cac5ea7-3808-4de7-a2b9-1287f6f72a06,149d8290-0f60-4310-acfd-116c70a1ffb1,0.9570149853383686
1cac5ea7-3808-4de7-a2b9-1287f6f72a06,149fbb47-6834-4dce-b366-f8f5664fd26a,0.9144767446232696
1cac5ea7-3808-4de7-a2b9-1287f6f72a06,149fd893-03a2-4836-9466-d56423b0bbbb,0.84159649326521
1cac5ea7-3808-4de7-a2b9-1287f6f72a06,14a21519-ac81-4364-8982-5caa996ff383,0.864652981429056
1cac5ea7-3808-4de7-a2b9-1287f6f72a06,14a4c92b-e4ec-4bfc-b78c-483d54c13c88,0.8606050214482978
1cac5ea7-3808-4de7-a2b9-1287f6f72a06,14a57e36-f12a-4ff4-b9af-ebcfd7374bf3,0.930004889122145
1cac5ea7-3808-4de7-a2b9-1287f6f72a06,14a6e881-76a9-4a25-97fb-7714ffab7c15,0.856666228623222
1cac5ea7-3808-4de7-a2b9-1287f6f72a06,14a6f335-33c0-45b8-ac1e-d5305eb1e412,0.6747782990652713
1cac5ea7-3808-4de7-a2b9-1287f6f72a06,14a73df5-edd6-4c87-95dc-bc51fa3646b5,0.7930639426843868
1cac5ea7-3808-4de7-a2b9-1287f6f72a06,14a8a2c0-1daa-4e7c-89b3-41fc46486548,0.4355324825345051
1cac5ea7-3808-4de7-a2b9-1287f6f72a06,14a8a8c0-d170-4b18-8097-0411f7f72a35,0.8472340319386915
1cac5ea7-3808-4de7-a2b9-1287f6f72a06,14a98b0b-a15a-43d3-abad-376b973e25bb,0.9733773307412712
1cac5ea7-3808-4de7-a2b9-1287f6f72a06,14a9b027-d3ad-41f0-8e70-5d4d2ec877f1,0.92981975755846
1cac5ea7-3808-4de7-a2b9-1287f6f72a06,14ab43d0-ec29-4d31-ab6c-b3371def4152,0.6648083387616626
1cac5ea7-3808-4de7-a2b9-1287f6f72a06,14ac174f-7117-4a95-9009-8a788959ed05,0.4428197866324135
1cac5ea7-3808-4de7-a2b9-1287f6f72a06,14ac4adf-a904-42b8-aa47-2ed7c34a5b1d,0.7119107307104212
1cac5ea7-3808-4de7-a2b9-1287f6f72a06,14ad3233-2204-40a0-a2ac-8d1117798349,0.9199841316411786
1cac5ea7-3808-4de7-a2b9-1287f6f72a06,14b24319-42dd-4208-87e0-80558a8a014b,0.5103223384181116
1cac5ea7-3808-4de7-a2b9-1287f6f72a06,14b974af-efa5-4126-951b-8da837a31ea6,0.8489706260686242
1cac5ea7-3808-4de7-a2b9-1287f6f72a06,14ba4d6b-4bb5-4d7a-ab4d-2acc21575aba,0.8943355742918413
1cac5ea7-3808-4de7-a2b9-1287f6f72a06,14bb292c-335e-44cd-92ec-318bbb5fd2eb,0.9247200963164046
1cac5ea7-3808-4de7-a2b9-1287f6f72a06,14bba233-a51c-4f7b-bed2-5ce583e290c1,0.8272271982244512
1cac5ea7-3808-4de7-a2b9-1287f6f72a06,14bc934d-ac20-42e5-be61-b9e763156446,0.9293908403161404
1cac5ea7-3808-4de7-a2b9-1287f6f72a06,14bfa8e6-9b4b-407c-844b-9494152d8167,0.9635354220327298
1cac5ea7-3808-4de7-a2b9-1287f6f72a06,14bfc221-c827-4a1d-97f4-8ffff66b5161,0.8669393602933538
1cac5ea7-3808-4de7-a2b9-1287f6f72a06,14c172a4-7a0c-4c98-bcff-85238772b00a,0.8798220099087314
1cac5ea7-3808-4de7-a2b9-1287f6f72a06,14c22d00-dfef-4948-a6c5-fa117ba706c6,0.9605998682555092
1cac5ea7-3808-4de7-a2b9-1287f6f72a06,14c455a2-e8a4-4bf5-9165-29b0bc961223,0.79077422532113
1cac5ea7-3808-4de7-a2b9-1287f6f72a06,14c51647-fa3d-40f8-89c6-ef5233cb19c8,0.8034730367430701
1cac5ea7-3808-4de7-a2b9-1287f6f72a06,14c5e96f-701c-430f-8314-68d2970c068b,0.6947638411291003
1cac5ea7-3808-4de7-a2b9-1287f6f72a06,14c74d5f-8411-46e4-bd06-e2ade23f28a6,0.9017353619442215
1cac5ea7-3808-4de7-a2b9-1287f6f72a06,14c944aa-b7b5-4fd4-ab7f-c8686696319b,0.8204682968846372
1cac5ea7-3808-4de7-a2b9-1287f6f72a06,14c9b696-01fb-493b-ad1b-30b957af19bf,0.9350853776049436
1cac5ea7-3808-4de7-a2b9-1287f6f72a06,14ca4b76-b318-40e5-a20b-df5ec09f3fa2,0.9478425743248924
1cac5ea7-3808-4de7-a2b9-1287f6f72a06,14cb455b-6618-4cb0-8066-b1ea20595835,0.836908146389397
1cac5ea7-3808-4de7-a2b9-1287f6f72a06,14cbe0d4-0cc2-4565-aa93-0598a3509f03,0.879070593503414
1cac5ea7-3808-4de7-a2b9-1287f6f72a06,14ce4bc9-5d78-4b00-99a5-3894e80839c2,0.9626044567156462
1cac5ea7-3808-4de7-a2b9-1287f6f72a06,14ceb1e7-e9dc-4f0b-bbb6-ee311c58fa3d,0.8018065866591787
1cac5ea7-3808-4de7-a2b9-1287f6f72a06,14cefcb2-3e6b-4dec-a8a9-b44a74c3fe06,0.938918865030411
1cac5ea7-3808-4de7-a2b9-1287f6f72a06,14cf0169-1c86-4702-addf-7421604cdc1d,0.9166060860055206
1cac5ea7-3808-4de7-a2b9-1287f6f72a06,14d0d0fd-eb65-4b2d-ba26-cc25b55c19b6,0.8811155055596612
1cac5ea7-3808-4de7-a2b9-1287f6f72a06,14d183fc-8813-4382-b04e-a8cd5d511707,0.8653993222710575
1cac5ea7-3808-4de7-a2b9-1287f6f72a06,14d4e61f-58ab-47fe-b255-610fcec852dc,0.9211358683787656
1cac5ea7-3808-4de7-a2b9-1287f6f72a06,14d5e88f-1d73-4320-a032-0516195dedbe,0.5566739644744694
1cac5ea7-3808-4de7-a2b9-1287f6f72a06,14d614c7-051d-4c40-ada1-7d891cdb1ee8,0.6850023182131585
1cac5ea7-3808-4de7-a2b9-1287f6f72a06,14d633f1-c23d-48f8-b713-a1b8bc282e2d,0.907035547607193
1cac5ea7-3808-4de7-a2b9-1287f6f72a06,14d873be-1b0e-41b3-83a3-54238aa08fa7,0.9154529992405434
1cac5ea7-3808-4de7-a2b9-1287f6f72a06,14d94619-db41-45de-984c-24d6f34a4041,0.9251937361229464
1cac5ea7-3808-4de7-a2b9-1287f6f72a06,14da1fc4-960e-4dcd-b700-e3ba07d4ee56,0.6802533970496797
1cac5ea7-3808-4de7-a2b9-1287f6f72a06,14da36d5-e140-4abd-bc91-a1e5aa5db6d8,0.8634671966314951
1cac5ea7-3808-4de7-a2b9-1287f6f72a06,14dc3835-1895-45f4-bf74-dab05120d970,0.869199480758487
1cac5ea7-3808-4de7-a2b9-1287f6f72a06,14dcf772-7dae-4d6d-806f-a22ad2824455,0.8672001572862443
1cac5ea7-3808-4de7-a2b9-1287f6f72a06,14dd0c4c-346a-42d1-9a41-27b4b5c00f2e,0.8694730515350756
1cac5ea7-3808-4de7-a2b9-1287f6f72a06,14df985c-50dd-4ec0-80f4-fda512d359f4,0.8544655207112087
1cac5ea7-3808-4de7-a2b9-1287f6f72a06,14dfe29f-99b1-4393-8886-d55c435ef4d7,0.960597637899324
1cac5ea7-3808-4de7-a2b9-1287f6f72a06,14e153b6-4fa4-4541-8f63-722139fcf270,0.8810145987998211
1cac5ea7-3808-4de7-a2b9-1287f6f72a06,14e424a3-2ef9-45a5-8a4e-e6587fbae932,0.8575705648684424
1cac5ea7-3808-4de7-a2b9-1287f6f72a06,14e58afc-6361-4ad0-9016-20cbc1282d1c,0.8874875947591339
1cac5ea7-3808-4de7-a2b9-1287f6f72a06,14e65b0e-d6c0-4b7d-b553-88f5c828b8c2,0.8612595886642742
1cac5ea7-3808-4de7-a2b9-1287f6f72a06,14e73d66-660d-47c0-9262-aac62d871482,0.755838156871076
1cac5ea7-3808-4de7-a2b9-1287f6f72a06,14e7dc2c-fcf1-4b4e-ab4c-1da4870bb01c,0.8574186853973382
1cac5ea7-3808-4de7-a2b9-1287f6f72a06,14e91aa9-6c44-495c-84d0-f89825ac8be5,0.7258732900784038
1cac5ea7-3808-4de7-a2b9-1287f6f72a06,14e92fde-45ff-4ffe-9297-c0280abbbf20,0.8262634803694162
1cac5ea7-3808-4de7-a2b9-1287f6f72a06,14e94c11-2352-48b0-b7b0-8933149519d2,0.9604890294172904
1cac5ea7-3808-4de7-a2b9-1287f6f72a06,14e97065-54fb-407d-bf60-e373a3ce44a6,0.8760368776412076
1cac5ea7-3808-4de7-a2b9-1287f6f72a06,14eaa3d8-b7ee-4372-82c9-b6e3c9b3dc8b,0.9663740689718688
1cac5ea7-3808-4de7-a2b9-1287f6f72a06,14ebea06-9192-4acf-bc82-b520750efc28,0.8507007960658876
1cac5ea7-3808-4de7-a2b9-1287f6f72a06,14ee0c8c-80a5-4c4d-93fc-3ed11050dec9,0.9239251333262908
1cac5ea7-3808-4de7-a2b9-1287f6f72a06,14f0933e-41a8-4704-a3e1-dac802bd278c,0.7548572303493645
1cac5ea7-3808-4de7-a2b9-1287f6f72a06,14f12923-85eb-4863-85c4-77838e946bb1,0.92741008789856
1cac5ea7-3808-4de7-a2b9-1287f6f72a06,14f274b9-4d2b-469c-8b1a-09be2647f926,0.854357553538766
1cac5ea7-3808-4de7-a2b9-1287f6f72a06,14f303d5-5a18-48d1-9ba7-23d1f960c89b,0.9397536997514536
1cac5ea7-3808-4de7-a2b9-1287f6f72a06,14f4fc38-e1fd-4889-89fe-f654928e5d5f,0.9120585467602814
1cac5ea7-3808-4de7-a2b9-1287f6f72a06,14f63053-6054-4cd2-9fee-1a7a3b79bbdb,0.7709914691697544
1cac5ea7-3808-4de7-a2b9-1287f6f72a06,14f75712-7089-47b0-9e43-b1d3da6627e2,0.79148928454549
1cac5ea7-3808-4de7-a2b9-1287f6f72a06,14f7ff12-8d17-4038-8e12-4154a1f4a558,0.8146890032517881
1cac5ea7-3808-4de7-a2b9-1287f6f72a06,14fa1770-bac8-474f-9f33-8fca299d5294,0.8064511679239684
1cac5ea7-3808-4de7-a2b9-1287f6f72a06,14fabfb7-b17e-4621-81f8-57879debaee6,0.8958464447451095
1cac5ea7-3808-4de7-a2b9-1287f6f72a06,14fe243e-9545-4bcb-ae3e-4c469709e45d,0.920250267508204
1cac5ea7-3808-4de7-a2b9-1287f6f72a06,150307c4-0ba8-4869-be8d-3386cf3dfdbf,0.9204367010241756
1cac5ea7-3808-4de7-a2b9-1287f6f72a06,150542c1-3412-490a-aa59-30b5521205eb,0.9012326700731672
1cac5ea7-3808-4de7-a2b9-1287f6f72a06,150548f9-bac7-487a-9c60-2330e31a341e,0.441879440101852
1cac5ea7-3808-4de7-a2b9-1287f6f72a06,1505d614-abf2-406c-9e9f-cd2845e434a2,0.8967718123353098
1cac5ea7-3808-4de7-a2b9-1287f6f72a06,150b43fb-3885-4d99-b64d-91ea2b789301,0.8336250702458576
1cac5ea7-3808-4de7-a2b9-1287f6f72a06,150bf315-11d4-44bb-84c9-c76ba8ccf89e,0.9454688380702622
1cac5ea7-3808-4de7-a2b9-1287f6f72a06,150cfba3-bb71-4d60-8f8f-417da931463e,0.849645494063145
1cac5ea7-3808-4de7-a2b9-1287f6f72a06,150d8e60-4f1b-4507-bee0-b369e151f3a6,0.8093741209283044
1cac5ea7-3808-4de7-a2b9-1287f6f72a06,150dbd37-fd91-4f59-bca3-76b623b75041,0.9309582082489636
1cac5ea7-3808-4de7-a2b9-1287f6f72a06,150e4565-7cea-474b-a632-2a5078b0135b,0.8434942504587359
1cac5ea7-3808-4de7-a2b9-1287f6f72a06,150eb7ce-3c37-4a46-8e6d-09cc5ca58d56,0.3793519611289355
1cac5ea7-3808-4de7-a2b9-1287f6f72a06,15101984-6d0a-4aa3-9eb1-33899145ebe7,0.937833930569072
1cac5ea7-3808-4de7-a2b9-1287f6f72a06,1511da47-07b9-4450-ae4c-eaaec058152e,0.8482929300836042
1cac5ea7-3808-4de7-a2b9-1287f6f72a06,1513b1f9-6137-4a6a-a48a-63602c8a9e8b,0.7851752520516774
1cac5ea7-3808-4de7-a2b9-1287f6f72a06,1514ede9-5cb9-455d-8210-0668b6f92045,0.762415641925569
1cac5ea7-3808-4de7-a2b9-1287f6f72a06,1516764c-6044-442e-b14d-dac7c2761386,0.865116567442478
1cac5ea7-3808-4de7-a2b9-1287f6f72a06,151ac2cc-2f06-4f5b-9835-a86ba97f0a43,0.7136917621154659
1cac5ea7-3808-4de7-a2b9-1287f6f72a06,151b7867-5ab1-40b4-9083-3be100530d18,0.8809224203011586
1cac5ea7-3808-4de7-a2b9-1287f6f72a06,151bb63d-94fe-44c4-9bcc-45efc5654838,0.8611464413054324
1cac5ea7-3808-4de7-a2b9-1287f6f72a06,151bf2e8-0dc9-4844-a51f-0cd76a76bbfe,0.8845842854833745
1cac5ea7-3808-4de7-a2b9-1287f6f72a06,151d3050-8789-402a-a6a9-c0da502499cc,0.9278521121746256
1cac5ea7-3808-4de7-a2b9-1287f6f72a06,1523a4d8-e522-47c5-8ab5-91555df578f9,0.6427516713578074
1cac5ea7-3808-4de7-a2b9-1287f6f72a06,1523f0ea-822d-4024-8bc2-61fc5ebca172,0.9227930401277784
1cac5ea7-3808-4de7-a2b9-1287f6f72a06,152647b9-a7ef-4eb5-8b40-f5b9481e0e93,0.8235926080051935
1cac5ea7-3808-4de7-a2b9-1287f6f72a06,1527efe7-7c4c-426a-9124-6999db0519fa,0.9318965113549528
1cac5ea7-3808-4de7-a2b9-1287f6f72a06,152894bb-b135-4f4c-b3d9-0cf22a8f7592,0.8919051742514683
1cac5ea7-3808-4de7-a2b9-1287f6f72a06,1529e2f2-8816-45d3-98d3-0d7f21a8f6c5,0.9055310433532284
1cac5ea7-3808-4de7-a2b9-1287f6f72a06,152d9009-39f8-4571-b776-d8170ff8e9aa,0.8872852773918224
1cac5ea7-3808-4de7-a2b9-1287f6f72a06,152f6ee9-3f2b-43cb-ba7f-6a79f209c6d0,0.4816976409752135
1cac5ea7-3808-4de7-a2b9-1287f6f72a06,15304c6a-dad6-4ac6-b360-374c96883139,0.7901863676873336
1cac5ea7-3808-4de7-a2b9-1287f6f72a06,1530812f-0ac8-4e7f-9424-a398b01d9637,0.8253927627240014
1cac5ea7-3808-4de7-a2b9-1287f6f72a06,1530b3db-413b-4d10-a571-00999eeab04e,0.9579018384353007
1cac5ea7-3808-4de7-a2b9-1287f6f72a06,1531ac45-4147-4aa4-88d2-589c4dfd094e,0.9213066278887502
1cac5ea7-3808-4de7-a2b9-1287f6f72a06,1533fc43-88d5-4fa1-9f02-6f154a11f654,0.6873742037497307
1cac5ea7-3808-4de7-a2b9-1287f6f72a06,1534d778-a342-4eba-bfef-3acf94151ab5,0.6566833027205937
1cac5ea7-3808-4de7-a2b9-1287f6f72a06,15367d5a-ed3e-4e37-b5ef-4c2b2d6e2959,0.8877297959259867
1cac5ea7-3808-4de7-a2b9-1287f6f72a06,15372e57-e9cd-463e-9d1c-e0a397da0d55,0.8894168486882869
1cac5ea7-3808-4de7-a2b9-1287f6f72a06,153737b2-0b2d-4ca1-910e-15495c60889f,0.9467483890790364
1cac5ea7-3808-4de7-a2b9-1287f6f72a06,15385104-30e2-4cd0-94c3-b7b2a42649ce,0.926312204014992
1cac5ea7-3808-4de7-a2b9-1287f6f72a06,153a1422-338b-4dcc-973d-62b9568202ca,0.8211631584286734
1cac5ea7-3808-4de7-a2b9-1287f6f72a06,153ccef2-b3a3-4390-ab11-832506785a50,0.5562639179940722
1cac5ea7-3808-4de7-a2b9-1287f6f72a06,153e9b23-ba7a-4f17-b9d8-c2cee5087bd9,0.5215719864288764
1cac5ea7-3808-4de7-a2b9-1287f6f72a06,153eb38f-5e29-4fda-886f-3dde6885a396,0.6323965977138638
1cac5ea7-3808-4de7-a2b9-1287f6f72a06,153fe66f-53fa-46c6-85e5-dd55b426f263,0.7493767460355082
1cac5ea7-3808-4de7-a2b9-1287f6f72a06,15423134-b33a-4fd2-a419-4d199321b00e,0.8222920138882845
1cac5ea7-3808-4de7-a2b9-1287f6f72a06,15439abf-1e2f-42c2-97bc-efb51169f12e,0.8072944027928063
1cac5ea7-3808-4de7-a2b9-1287f6f72a06,154450e7-cf53-4b0c-a62d-06b88977dd66,0.9017388014558436
1cac5ea7-3808-4de7-a2b9-1287f6f72a06,1544c5d0-7905-42f5-a70a-11dc8c7c2b1a,0.7176792727705621
1cac5ea7-3808-4de7-a2b9-1287f6f72a06,15454c8a-394c-4292-8d31-2891c2621230,0.9237383219260444
1cac5ea7-3808-4de7-a2b9-1287f6f72a06,15458d81-8981-4162-8b15-f08dd0b21693,0.9173660983452112
1cac5ea7-3808-4de7-a2b9-1287f6f72a06,1545c200-253d-4d90-a5ce-1631aefcf48b,0.7803745459229314
1cac5ea7-3808-4de7-a2b9-1287f6f72a06,15465e31-b5f4-41a7-9931-7d4bf3198600,0.759086168610849
1cac5ea7-3808-4de7-a2b9-1287f6f72a06,1546c7bd-383a-4a7a-8ba1-4be8a9affc82,0.932464281417412
1cac5ea7-3808-4de7-a2b9-1287f6f72a06,154773df-ec03-44e2-8ac9-78f29ee2d384,0.6958174305118776
1cac5ea7-3808-4de7-a2b9-1287f6f72a06,1548d317-3806-4364-827f-bef4fd653502,0.8705387152251436
1cac5ea7-3808-4de7-a2b9-1287f6f72a06,154b4dd4-db27-4b51-a736-0a7adaa85874,0.7763352545255651
1cac5ea7-3808-4de7-a2b9-1287f6f72a06,154be8ed-09eb-45ad-bb88-c02650343b8e,0.4536991988103658
1cac5ea7-3808-4de7-a2b9-1287f6f72a06,154c2dff-0e69-4777-a2ec-1facf4fd5159,0.4665459157591229
1cac5ea7-3808-4de7-a2b9-1287f6f72a06,154da9e0-194f-40e5-ae0d-a5410f1a72d0,0.8588165209054842
1cac5ea7-3808-4de7-a2b9-1287f6f72a06,154e508d-8986-4738-af55-4e1434e87fbd,0.8544469700810886
1cac5ea7-3808-4de7-a2b9-1287f6f72a06,155066d1-fb54-4fad-8fa9-155345ec2815,0.9304482468129908
1cac5ea7-3808-4de7-a2b9-1287f6f72a06,1553ee22-d7a5-4611-9795-ac1246420ef6,0.8001066505481493
1cac5ea7-3808-4de7-a2b9-1287f6f72a06,15552103-b8c4-4c77-b50b-cba8826f7692,0.9139376605900632
1cac5ea7-3808-4de7-a2b9-1287f6f72a06,15555a23-c4c1-4430-933f-08d6a1f7cabb,0.8754862607456371
1cac5ea7-3808-4de7-a2b9-1287f6f72a06,1555b3cc-6aaf-474b-a486-438929810ee5,0.8931422681619543
1cac5ea7-3808-4de7-a2b9-1287f6f72a06,155619d6-ef16-4ff5-ad5c-32004ad74f53,0.9365296669314082
1cac5ea7-3808-4de7-a2b9-1287f6f72a06,15566b5c-29fa-4015-b756-238b4a0adece,0.9463171421138088
1cac5ea7-3808-4de7-a2b9-1287f6f72a06,1556814b-1d37-49a2-8da3-a5a2d6b90623,0.5762012528779167
1cac5ea7-3808-4de7-a2b9-1287f6f72a06,15594d11-f62f-4e38-8c91-2d6352314c0a,0.9173814758535916
1cac5ea7-3808-4de7-a2b9-1287f6f72a06,155a2afa-1a15-4be3-b5a8-f03c80defbc7,0.8895825941758354
1cac5ea7-3808-4de7-a2b9-1287f6f72a06,155ac144-e02e-4a08-bd17-462a2684552f,0.81422763504637
1cac5ea7-3808-4de7-a2b9-1287f6f72a06,155c2c3e-313a-417f-ba5e-188e44601cdc,0.6756256700437359
1cac5ea7-3808-4de7-a2b9-1287f6f72a06,155c6b76-f7a8-4491-a4a6-6caf2635f3c7,0.724981132975144
1cac5ea7-3808-4de7-a2b9-1287f6f72a06,155c9ed1-7003-466c-87b1-ebe2f5a1655e,0.8425247517536871
1cac5ea7-3808-4de7-a2b9-1287f6f72a06,155f4bb0-2d59-45ed-a4b1-e772c60bc848,0.8641535949269435
1cac5ea7-3808-4de7-a2b9-1287f6f72a06,15605373-1795-47c0-a8c6-11b4370a2b56,0.7841413623977638
1cac5ea7-3808-4de7-a2b9-1287f6f72a06,15607585-ec31-4ad4-ad81-6604bc179592,0.8695947284459565
1cac5ea7-3808-4de7-a2b9-1287f6f72a06,15615f08-0c2a-4009-8c35-88f61f2b764d,0.9509988323046789
1cac5ea7-3808-4de7-a2b9-1287f6f72a06,1561b5fd-c6f8-4dd7-b88e-6d7a4267cf04,0.5390708923681343
1cac5ea7-3808-4de7-a2b9-1287f6f72a06,156299fb-602a-423d-bace-e8ade6cb709f,0.9558475486826272
1cac5ea7-3808-4de7-a2b9-1287f6f72a06,15641094-ebd8-48a0-84c5-78e251d4b315,0.9348080878803056
1cac5ea7-3808-4de7-a2b9-1287f6f72a06,1564697a-eac5-4547-a52b-6bdc84af30dc,0.9154631391093988
1cac5ea7-3808-4de7-a2b9-1287f6f72a06,156547b5-b6c9-4dd7-a128-4b65d29589db,0.6972542913186895
1cac5ea7-3808-4de7-a2b9-1287f6f72a06,15667df0-8b6e-4359-b2b6-a547a4a73eeb,0.8214915376708184
1cac5ea7-3808-4de7-a2b9-1287f6f72a06,1566fdc3-3332-4fa8-8b1d-6e71174ab7ed,0.8855473677099636
1cac5ea7-3808-4de7-a2b9-1287f6f72a06,156a410b-dac4-4f1e-82d8-9d68227c5447,0.9538999773246276
1cac5ea7-3808-4de7-a2b9-1287f6f72a06,156a71c8-c1b4-46b1-94db-fd64f034d129,0.9617173886639064
1cac5ea7-3808-4de7-a2b9-1287f6f72a06,156d9a7e-5d6d-4576-9bed-a7f468eaa85b,0.8458639248341594
1cac5ea7-3808-4de7-a2b9-1287f6f72a06,156f0daf-076c-43b9-b3ca-59f41e7c5271,0.767050643720841
1cac5ea7-3808-4de7-a2b9-1287f6f72a06,156fea16-8f80-4c61-a0d8-5d7cb1cfdfa5,0.9211044111362044
1cac5ea7-3808-4de7-a2b9-1287f6f72a06,1570f841-f573-49bf-9141-3ac26147a671,0.9350233398623858
1cac5ea7-3808-4de7-a2b9-1287f6f72a06,1571bbf9-228a-4493-822e-3484689bb57c,0.8605544904043899
1cac5ea7-3808-4de7-a2b9-1287f6f72a06,15725ef9-dc44-426f-b5e7-62765a555e1c,0.6018239848585938
1cac5ea7-3808-4de7-a2b9-1287f6f72a06,15762c43-9a21-443e-ac26-98de8ef00e6a,0.9678370010440068
1cac5ea7-3808-4de7-a2b9-1287f6f72a06,15764cc4-a2c4-4523-a3b2-9080cd564262,0.9060630338797429
1cac5ea7-3808-4de7-a2b9-1287f6f72a06,15768ae8-ecf0-4e80-b6ae-2e06dcea26fe,0.8666658515921343
1cac5ea7-3808-4de7-a2b9-1287f6f72a06,157854b6-082f-4028-bcc0-6df844d380a5,0.9236127263801912
1cac5ea7-3808-4de7-a2b9-1287f6f72a06,1578bc67-2b97-4b01-9f3d-337c566f4f00,0.926405817396433
1cac5ea7-3808-4de7-a2b9-1287f6f72a06,15795f8f-b47b-4758-884b-b6fa65f04120,0.90760129933669
1cac5ea7-3808-4de7-a2b9-1287f6f72a06,1579ca70-9944-4107-81a9-93b8be1fc8a3,0.9498069564731746
1cac5ea7-3808-4de7-a2b9-1287f6f72a06,157af1dc-530d-4b66-af5b-f59e863f3f44,0.8387726848218552
1cac5ea7-3808-4de7-a2b9-1287f6f72a06,157c1432-3e7b-47f0-b8a3-18867d227b29,0.9283536116176008
1cac5ea7-3808-4de7-a2b9-1287f6f72a06,157cbb60-9eb9-4247-a010-9abb61916bc9,0.8520194182844837
1cac5ea7-3808-4de7-a2b9-1287f6f72a06,157d3170-3ccf-4b27-a61c-412bdbaccace,0.8312900346867557
1cac5ea7-3808-4de7-a2b9-1287f6f72a06,157e3dc6-3984-4133-a672-ebbfcbf05bac,0.9665757858417814
1cac5ea7-3808-4de7-a2b9-1287f6f72a06,1580b1e9-a867-422b-a925-3b881db8ec58,0.8083182538163654
1cac5ea7-3808-4de7-a2b9-1287f6f72a06,1580f8dd-946d-411d-88a1-74174098979e,0.9029236891736429
1cac5ea7-3808-4de7-a2b9-1287f6f72a06,158305f1-cf27-48f1-af9b-8d997df50f3d,0.8492457721518833
1cac5ea7-3808-4de7-a2b9-1287f6f72a06,158467f0-4a5d-40f1-a4e7-3fbc03778a89,0.9010351115953844
1cac5ea7-3808-4de7-a2b9-1287f6f72a06,15866b9a-371a-4046-ae62-5d9af13e1c37,0.7388124813828414
1cac5ea7-3808-4de7-a2b9-1287f6f72a06,15879bdf-e5ce-4f75-9988-5e3e12757d0d,0.8859408284289249
1cac5ea7-3808-4de7-a2b9-1287f6f72a06,158812b6-2c43-45f9-9b78-77d44be17d83,0.9594828811953504
1cac5ea7-3808-4de7-a2b9-1287f6f72a06,1588234f-b2c2-4386-99df-ca4200ac74e3,0.5562639179940722
1cac5ea7-3808-4de7-a2b9-1287f6f72a06,1588529b-dee3-438c-a55a-c515b45def26,0.7572638077737844
1cac5ea7-3808-4de7-a2b9-1287f6f72a06,158d2bf9-c5db-440f-8c36-0e8925fd2c5a,0.8734765893298285
1cac5ea7-3808-4de7-a2b9-1287f6f72a06,158e177e-6931-48dc-8f0f-95c1927d5e68,0.7479023721751191
1cac5ea7-3808-4de7-a2b9-1287f6f72a06,158e6bf1-ec57-4926-b075-01e1f387fb9d,0.871202894758659
1cac5ea7-3808-4de7-a2b9-1287f6f72a06,1590c21e-2172-444a-b2b4-c980bfe6f698,0.9567388960455202
1cac5ea7-3808-4de7-a2b9-1287f6f72a06,159288b4-5731-4383-a04b-213839e6580a,0.9765271022094648
1cac5ea7-3808-4de7-a2b9-1287f6f72a06,15936e33-4a1f-4a9a-a827-44dbcd874993,0.9152251731938128
1cac5ea7-3808-4de7-a2b9-1287f6f72a06,15949ecd-6437-4728-b50e-6c4ef1cf4556,0.7359699414472118
1cac5ea7-3808-4de7-a2b9-1287f6f72a06,159523ee-1dd7-4011-81bf-da588bd3d8ff,0.9282781336519812
1cac5ea7-3808-4de7-a2b9-1287f6f72a06,15953e45-7674-4d5f-8e02-9d4bc205bedf,0.7476058278037527
1cac5ea7-3808-4de7-a2b9-1287f6f72a06,1595b29e-8134-4939-9572-605e19513224,0.5325989551080744
1cac5ea7-3808-4de7-a2b9-1287f6f72a06,1595b2d1-0b49-4b53-b362-c0e23e3ea5e2,0.8522395865901294
1cac5ea7-3808-4de7-a2b9-1287f6f72a06,1596250e-23f9-4ab4-8f23-1075d093eca4,0.8009426863833454
1cac5ea7-3808-4de7-a2b9-1287f6f72a06,15983e18-f214-4ddf-88ef-f6f30e4131e0,0.7919245603899794
1cac5ea7-3808-4de7-a2b9-1287f6f72a06,159965e7-1499-454d-ada2-78c7c3e78ddc,0.8540575253891359
1cac5ea7-3808-4de7-a2b9-1287f6f72a06,159c033c-28e7-411a-a10c-0dce09bc85eb,0.9596036995026276
1cac5ea7-3808-4de7-a2b9-1287f6f72a06,159da7b1-f9d5-4207-be5e-a78652de3571,0.912455044947056
1cac5ea7-3808-4de7-a2b9-1287f6f72a06,159e1613-f64e-4a45-adce-65ba12901f1e,0.8837805061976193
1cac5ea7-3808-4de7-a2b9-1287f6f72a06,159f0ea4-5841-4bda-8c78-ef95c824b5ac,0.8701642828243703
1cac5ea7-3808-4de7-a2b9-1287f6f72a06,159fa548-ca60-46f1-93f0-db732c61db3b,0.827675271435062
1cac5ea7-3808-4de7-a2b9-1287f6f72a06,15a09558-e740-44f0-aba9-47ce24cb334f,0.6337976974329383
1cac5ea7-3808-4de7-a2b9-1287f6f72a06,15a12eee-29b2-411f-a141-2520088d855e,0.8433820369742302
1cac5ea7-3808-4de7-a2b9-1287f6f72a06,15a4ffd4-0873-4d10-8a39-1297ca1d9518,0.9641251863306018
1cac5ea7-3808-4de7-a2b9-1287f6f72a06,15a735f2-4e73-48aa-b782-d64509da84df,0.7762104919508509
1cac5ea7-3808-4de7-a2b9-1287f6f72a06,15a7e384-a129-4919-9688-66992418e65e,0.9441874616764584
1cac5ea7-3808-4de7-a2b9-1287f6f72a06,15a81bba-9b23-49f5-9f3c-82d31fad15ea,0.2006494968945059
1cac5ea7-3808-4de7-a2b9-1287f6f72a06,15a826ca-6613-4fe1-b685-ce9ea59c8f92,0.8602070627669873
1cac5ea7-3808-4de7-a2b9-1287f6f72a06,15a83168-c195-450a-b120-257cae945a04,0.9157247763711944
1cac5ea7-3808-4de7-a2b9-1287f6f72a06,15a96631-a7e6-4f31-8fab-e287f25a2771,0.8087008976179483
1cac5ea7-3808-4de7-a2b9-1287f6f72a06,15aaa692-5e8b-4a43-9b17-8175457f252e,0.925071767311816
1cac5ea7-3808-4de7-a2b9-1287f6f72a06,15aade2b-730e-4d31-a3d4-5bf3d63b39a7,0.7806753807940684
1cac5ea7-3808-4de7-a2b9-1287f6f72a06,15ae2d87-a5d1-40c9-a893-aaaeba598c7b,0.9299178672787228
1cac5ea7-3808-4de7-a2b9-1287f6f72a06,15aebf62-3184-4e0e-95a3-d0f73074cff6,0.9569614034798783
1cac5ea7-3808-4de7-a2b9-1287f6f72a06,15af100e-551f-4f5a-aa06-281db742ab22,0.9095381467652102
1cac5ea7-3808-4de7-a2b9-1287f6f72a06,15af8f41-a4b1-4b44-9f59-3d724bc304fe,0.7644423392830878
1cac5ea7-3808-4de7-a2b9-1287f6f72a06,15af95fb-1ddf-4f96-a78f-f0084404b32b,0.9240622591092458
1cac5ea7-3808-4de7-a2b9-1287f6f72a06,15afd5b2-d6cb-49dd-b7af-2ea24020d92c,0.8842152867254323
1cac5ea7-3808-4de7-a2b9-1287f6f72a06,15b1c924-af54-48bf-af9c-336ba94a03b8,0.9097496111440586
1cac5ea7-3808-4de7-a2b9-1287f6f72a06,15b2f124-45ff-4b8f-8d3c-fdefe7fc3560,0.7955164856365109
1cac5ea7-3808-4de7-a2b9-1287f6f72a06,15b50777-1177-47d4-ab56-d0af04a4f091,0.8729644581004675
1cac5ea7-3808-4de7-a2b9-1287f6f72a06,15b51a88-6865-416c-9050-526a9aa67644,0.9158967357945176
1cac5ea7-3808-4de7-a2b9-1287f6f72a06,15b57b75-09f8-4067-b87e-ba46946c8ee9,0.9027638461210332
1cac5ea7-3808-4de7-a2b9-1287f6f72a06,15b5fcf9-a76e-418e-8a36-00a05ae88c3d,0.9608456570058562
1cac5ea7-3808-4de7-a2b9-1287f6f72a06,15b97d37-3a79-4f76-b9a9-2161083c36b1,0.8733810335026795
1cac5ea7-3808-4de7-a2b9-1287f6f72a06,15ba086c-eff7-4c21-974a-4966d25b2a35,0.9597964199176828
1cac5ea7-3808-4de7-a2b9-1287f6f72a06,15bc7f9c-3760-4f92-8138-f28ce3d7afc2,0.9463438141107864
1cac5ea7-3808-4de7-a2b9-1287f6f72a06,15bd7cf2-1039-425e-839c-3fa43c0b8a9f,0.8694133684769986
1cac5ea7-3808-4de7-a2b9-1287f6f72a06,15bdb9de-52d9-42c4-bb04-53669aab9612,0.9088885964532076
1cac5ea7-3808-4de7-a2b9-1287f6f72a06,15be4812-ad40-4975-82ed-e9c07f6c838a,0.7590756241339792
1cac5ea7-3808-4de7-a2b9-1287f6f72a06,15c034a7-b78f-482b-9815-c23dddc06d5d,0.8832306675818273
1cac5ea7-3808-4de7-a2b9-1287f6f72a06,15c43926-5331-4478-b24e-bf67d4e6cde9,0.8176336355643252
1cac5ea7-3808-4de7-a2b9-1287f6f72a06,15c53f85-cd79-4c8c-8405-e02a76bc5a6c,0.7674394674501991
1cac5ea7-3808-4de7-a2b9-1287f6f72a06,15c5a2f8-1862-41f9-b714-ef31072a5c72,0.6493342047928482
1cac5ea7-3808-4de7-a2b9-1287f6f72a06,15c805cc-289b-4313-b0f5-d0edea7a0d4b,0.9585295441626762
1cac5ea7-3808-4de7-a2b9-1287f6f72a06,15cc1c49-839f-490e-9bfa-b1c39db9e8dc,0.952189477577513
1cac5ea7-3808-4de7-a2b9-1287f6f72a06,15d273b6-b3cc-44dc-995a-642ce394e28e,0.7455306028230393
1cac5ea7-3808-4de7-a2b9-1287f6f72a06,15d35377-b3f5-4a4f-a094-4853ae21b439,0.5601052230990257
1cac5ea7-3808-4de7-a2b9-1287f6f72a06,15d7041f-8ca7-406b-a45b-d3a5c4602b0a,0.9078846625649868
1cac5ea7-3808-4de7-a2b9-1287f6f72a06,15d76b4f-3b1e-4db4-ad17-fe05f77c0fea,0.8692482488619072
1cac5ea7-3808-4de7-a2b9-1287f6f72a06,15d79ce8-0354-42ad-a819-3a954bb2fdf1,0.9547716460598652
1cac5ea7-3808-4de7-a2b9-1287f6f72a06,15d83817-0365-4184-8b7c-94588cda4e72,0.9197594769801865
1cac5ea7-3808-4de7-a2b9-1287f6f72a06,15d8e4f5-e9b8-4684-9799-329a346462df,0.9412079336447902
1cac5ea7-3808-4de7-a2b9-1287f6f72a06,15dabcf2-aa11-4572-9f6d-e9e52ad01f19,0.8479530802745283
1cac5ea7-3808-4de7-a2b9-1287f6f72a06,15db6c07-7270-492a-bfa9-822f8f777513,0.6993698913041299
1cac5ea7-3808-4de7-a2b9-1287f6f72a06,15dbc2a4-303b-4f36-ad11-b3053380d029,0.8787951755342832
1cac5ea7-3808-4de7-a2b9-1287f6f72a06,15e0ccd3-66b6-4479-8394-5be53aa8f825,0.9177389992597886
1cac5ea7-3808-4de7-a2b9-1287f6f72a06,15e45801-4379-4364-b3b2-e5083a96b79a,0.9790033748317302
1cac5ea7-3808-4de7-a2b9-1287f6f72a06,15e59517-4038-4da7-8b53-68d6987d1045,0.8572789995430616
1cac5ea7-3808-4de7-a2b9-1287f6f72a06,15e7dbee-a3e2-4fe0-aba1-16cb8caf3d1f,0.8347411787201394
1cac5ea7-3808-4de7-a2b9-1287f6f72a06,15e8251d-09ab-4b26-83c5-c525b3b36e57,0.6484400938659219
1cac5ea7-3808-4de7-a2b9-1287f6f72a06,15e88cb8-6885-48a5-9b6e-5ad81841761f,0.9504467796354932
1cac5ea7-3808-4de7-a2b9-1287f6f72a06,15e8b6fb-cb88-4263-aeec-6c6bec3f37b7,0.949946172387054
1cac5ea7-3808-4de7-a2b9-1287f6f72a06,15eab392-bd56-4272-a187-9c2471ca8716,0.9195869134210086
1cac5ea7-3808-4de7-a2b9-1287f6f72a06,15ed12b0-246f-4208-9519-4ecb91cef618,0.9269237866249048
1cac5ea7-3808-4de7-a2b9-1287f6f72a06,15ed32b6-d829-46a9-b851-89b5f631002c,0.7701053697576793
1cac5ea7-3808-4de7-a2b9-1287f6f72a06,15eef939-054a-4358-92ed-c485364d01eb,0.9458626247404572
1cac5ea7-3808-4de7-a2b9-1287f6f72a06,15ef73af-eb75-4eba-bb61-993bcad12632,0.6114951264381182
1cac5ea7-3808-4de7-a2b9-1287f6f72a06,15eff749-a1b4-414b-b8e4-9b2f1a307ef9,0.9262606091722974
1cac5ea7-3808-4de7-a2b9-1287f6f72a06,15f0bf68-c540-4ef1-807e-bc03a1e20ccd,0.9443064878544184
1cac5ea7-3808-4de7-a2b9-1287f6f72a06,15f2bbb6-bb9e-4b54-896a-6e4efcbeab21,0.7710248420603796
1cac5ea7-3808-4de7-a2b9-1287f6f72a06,15f4fd61-2136-4718-88c3-8adfaeb80f91,0.8061129488373608
1cac5ea7-3808-4de7-a2b9-1287f6f72a06,15f611ad-5ec3-4a66-809c-14790b11307a,0.8842693171744991
1cac5ea7-3808-4de7-a2b9-1287f6f72a06,15f7244b-ee33-4a15-8834-de89a9d10a0f,0.9013858147329264
1cac5ea7-3808-4de7-a2b9-1287f6f72a06,15f78e3b-b76e-44e4-a152-e9d8d5fce324,0.9524223837079806
1cac5ea7-3808-4de7-a2b9-1287f6f72a06,15f7b292-7c25-4ffa-8b9b-1ece8cbe5c92,0.9387317512965736
1cac5ea7-3808-4de7-a2b9-1287f6f72a06,15f7c4e7-a671-4433-8ded-aa4073e0e532,0.8517142795808242
1cac5ea7-3808-4de7-a2b9-1287f6f72a06,15f8d0ce-ed96-48b5-8cc9-779f996e92a5,0.897230498892242
1cac5ea7-3808-4de7-a2b9-1287f6f72a06,15f9322f-7d43-4e27-b97c-b9b485a05c09,0.8150065053987489
1cac5ea7-3808-4de7-a2b9-1287f6f72a06,15fb1a34-218d-4c53-907d-bee53ec40d2e,0.8178617913296093
1cac5ea7-3808-4de7-a2b9-1287f6f72a06,15fbd161-9fb7-4c66-b060-b13bcb4b3686,0.8114289205996099
1cac5ea7-3808-4de7-a2b9-1287f6f72a06,15fd187b-c757-408c-a256-56fc7d61bc55,0.9286505626566656
1cac5ea7-3808-4de7-a2b9-1287f6f72a06,15fdfb39-88a1-40d5-9888-553dfa3b480f,0.9091574213560596
1cac5ea7-3808-4de7-a2b9-1287f6f72a06,1600d7be-3c8d-4f96-a5dc-053fe5834cc8,0.9251718486037928
1cac5ea7-3808-4de7-a2b9-1287f6f72a06,1600e63b-eb07-4d77-9eaa-caaee2c8019a,0.8601930838450458
1cac5ea7-3808-4de7-a2b9-1287f6f72a06,16019a86-3b98-43ab-9495-27c063bef8bc,0.948198154663354
1cac5ea7-3808-4de7-a2b9-1287f6f72a06,16019d95-815b-4771-9ef5-98745933680c,0.8255445418102443
1cac5ea7-3808-4de7-a2b9-1287f6f72a06,16019e2e-1b75-4308-847a-109ea0b12afd,0.8458378341213821
1cac5ea7-3808-4de7-a2b9-1287f6f72a06,16022952-7924-41ef-af17-f48400f9b51d,0.8598837698789163
1cac5ea7-3808-4de7-a2b9-1287f6f72a06,160234e2-c286-42a2-a9c1-7812a4402346,0.8647245148147573
1cac5ea7-3808-4de7-a2b9-1287f6f72a06,1603057d-c5c8-44f0-9dc6-4920479392c2,0.6035441931896036
1cac5ea7-3808-4de7-a2b9-1287f6f72a06,16036df7-9b55-4115-a78c-b5ecfeb96620,0.7925437199015939
1cac5ea7-3808-4de7-a2b9-1287f6f72a06,16078abe-8dc0-490e-b87c-c892471bd5b5,0.8708685518344366
1cac5ea7-3808-4de7-a2b9-1287f6f72a06,1608124b-e9af-47f9-af6f-7435c3f843f1,0.8922769419486957
1cac5ea7-3808-4de7-a2b9-1287f6f72a06,1609390d-5d28-4864-beb6-b5e9a7bc0919,0.908361715385691
1cac5ea7-3808-4de7-a2b9-1287f6f72a06,160a4b3a-573b-42bf-b7e0-f18bda90bfd0,0.8685298400668693
1cac5ea7-3808-4de7-a2b9-1287f6f72a06,160c8a16-7052-4617-b3e1-3f4bd5c98651,0.947215905369536
1cac5ea7-3808-4de7-a2b9-1287f6f72a06,160dca32-53a4-43c1-b91d-aa3c0d244c9a,0.9621272118992056
1cac5ea7-3808-4de7-a2b9-1287f6f72a06,160e0dc3-9597-4928-aef7-9b3d744190e4,0.9222882118793868
1cac5ea7-3808-4de7-a2b9-1287f6f72a06,160f0089-56d0-40d0-aea2-3fb3d3a1df04,0.8183760079771956
1cac5ea7-3808-4de7-a2b9-1287f6f72a06,1610661f-b0fd-400c-9f0f-1b638a0c4958,0.858910166089671
1cac5ea7-3808-4de7-a2b9-1287f6f72a06,161122e1-8804-48af-8040-98c5e0ef1156,0.9789797777012644
1cac5ea7-3808-4de7-a2b9-1287f6f72a06,16135232-1c08-40de-96c3-7fef627c0bcf,0.9206114077665992
1cac5ea7-3808-4de7-a2b9-1287f6f72a06,1613e6bc-82b6-470d-8b73-b3c905891e19,0.9495130543096734
1cac5ea7-3808-4de7-a2b9-1287f6f72a06,16145c95-394d-4c11-8836-f8217b22315f,0.7978332941974542
1cac5ea7-3808-4de7-a2b9-1287f6f72a06,1615bd29-eebc-44da-abb6-15cae09a3ff2,0.6257194219853397
1cac5ea7-3808-4de7-a2b9-1287f6f72a06,1616898f-a604-416b-8ea4-a5a101a30632,0.8304709863753992
1cac5ea7-3808-4de7-a2b9-1287f6f72a06,161689e2-cbdc-414e-a90b-d9076ba06c43,0.8822159406804718
1cac5ea7-3808-4de7-a2b9-1287f6f72a06,16174d84-736f-42be-8f11-374573fb6abc,0.9640901199159954
1cac5ea7-3808-4de7-a2b9-1287f6f72a06,161918cc-f9a5-4f66-873d-c1be529f48c4,0.6527776888791451
1cac5ea7-3808-4de7-a2b9-1287f6f72a06,161927cb-fa7f-415e-9c06-adb7ce1e845d,0.9729594269932048
1cac5ea7-3808-4de7-a2b9-1287f6f72a06,1619f888-c775-4b84-b71b-4c31b2c764a8,0.8923437171189982
1cac5ea7-3808-4de7-a2b9-1287f6f72a06,161afdeb-6994-4aa8-8593-ed1632767c57,0.9619741228502254
1cac5ea7-3808-4de7-a2b9-1287f6f72a06,161b7b26-7474-4d7f-81d9-47a7999d5920,0.7650639179064737
1cac5ea7-3808-4de7-a2b9-1287f6f72a06,161c2f6b-206f-4df1-bea8-694f51b5caa5,0.8744684496514761
1cac5ea7-3808-4de7-a2b9-1287f6f72a06,161c538b-208d-44e5-b72c-81c012b1258f,0.810911828970292
1cac5ea7-3808-4de7-a2b9-1287f6f72a06,161e80c4-cfc8-4340-b627-4dd1500572c6,0.7869761094556461
1cac5ea7-3808-4de7-a2b9-1287f6f72a06,161ea7bc-9251-4d34-98b0-c07d5b972a1d,0.962044164554504
1cac5ea7-3808-4de7-a2b9-1287f6f72a06,161eac51-2736-4904-be5f-c06bb2ef6394,0.886067446184301
1cac5ea7-3808-4de7-a2b9-1287f6f72a06,161f72f1-326a-4992-b37c-f1eba6531948,0.7676218195930387
1cac5ea7-3808-4de7-a2b9-1287f6f72a06,161fdf51-7804-4424-b7a7-1c13bd77aa80,0.969117800801303
1cac5ea7-3808-4de7-a2b9-1287f6f72a06,1621f139-9715-434d-a0f0-fc1d3bb2c14a,0.9807752947668554
1cac5ea7-3808-4de7-a2b9-1287f6f72a06,1623b86c-fcd9-45c2-bef2-86b927ed759f,0.7640393687192358
1cac5ea7-3808-4de7-a2b9-1287f6f72a06,16245319-dc87-4f0a-b16a-023f42ac5944,0.9463192539097218
1cac5ea7-3808-4de7-a2b9-1287f6f72a06,16250ab9-4647-4e32-ac95-587a47e26c77,0.8871633118051728
1cac5ea7-3808-4de7-a2b9-1287f6f72a06,16252fba-7c5b-46ed-b07b-faa81374f816,0.9040721005214484
1cac5ea7-3808-4de7-a2b9-1287f6f72a06,16268655-b912-4cd7-8209-3b61f3325150,0.962061321292933
1cac5ea7-3808-4de7-a2b9-1287f6f72a06,1626a668-46e8-43c6-a05a-0900e4c3a4e5,0.7902583586743339
1cac5ea7-3808-4de7-a2b9-1287f6f72a06,1627014f-2654-495b-a554-f1061b766168,0.9740172472651846
1cac5ea7-3808-4de7-a2b9-1287f6f72a06,162a5dcb-89ed-411f-81a7-b65eec71ce08,0.9893163382235812
1cac5ea7-3808-4de7-a2b9-1287f6f72a06,162c8781-7bd3-45e5-b19d-ccc4a992911c,0.8720118460261778
1cac5ea7-3808-4de7-a2b9-1287f6f72a06,163184ad-ae3d-4207-9bee-773944bfd219,0.8292609920868151
1cac5ea7-3808-4de7-a2b9-1287f6f72a06,1634121b-f120-4ff6-8e3b-52adf6175d34,0.8547345966416502
1cac5ea7-3808-4de7-a2b9-1287f6f72a06,163432f1-2ce6-4472-8cc7-4a292c27fa5e,0.9641465411267632
1cac5ea7-3808-4de7-a2b9-1287f6f72a06,163464a4-9909-490a-a651-88b12f759611,0.9123039877713228
1cac5ea7-3808-4de7-a2b9-1287f6f72a06,163524db-a6ca-4772-9fb4-0d3995e251bc,0.9363334667789428
1cac5ea7-3808-4de7-a2b9-1287f6f72a06,1635e1cd-717e-4739-95ec-50874b8bce11,0.8709182894856616
1cac5ea7-3808-4de7-a2b9-1287f6f72a06,1636726f-a633-4c39-b3e4-09833feac341,0.9049329383507876
1cac5ea7-3808-4de7-a2b9-1287f6f72a06,16370083-d1fa-46a5-b4a9-2a2cf3269580,0.95280325410175
1cac5ea7-3808-4de7-a2b9-1287f6f72a06,16370e78-5d81-4bb8-b45c-0cde24b2b714,0.9444329094397008
1cac5ea7-3808-4de7-a2b9-1287f6f72a06,163730b7-2aae-4d06-b3a0-76071d740b3c,0.8549266318513722
1cac5ea7-3808-4de7-a2b9-1287f6f72a06,16376227-2cd1-4535-b2f8-9a46afe89718,0.7300443116726325
1cac5ea7-3808-4de7-a2b9-1287f6f72a06,163ad974-a6af-4077-8917-2c58af391146,0.3518772615751397
1cac5ea7-3808-4de7-a2b9-1287f6f72a06,163b3f1a-6488-43fa-80af-59552da6c685,0.8141730413732325
1cac5ea7-3808-4de7-a2b9-1287f6f72a06,163ba198-525c-43bd-8291-f0e0c5d3fd52,0.7401667518261569
1cac5ea7-3808-4de7-a2b9-1287f6f72a06,163c43d1-7c9e-403b-9e62-b91fc7f6d2e2,0.522020899263085
1cac5ea7-3808-4de7-a2b9-1287f6f72a06,163caf3d-9c56-42a9-ac71-8415557409d5,0.977244788957243
1cac5ea7-3808-4de7-a2b9-1287f6f72a06,163d1c3d-ce0a-459d-a7e6-7b976720ad49,0.961590547268313
1cac5ea7-3808-4de7-a2b9-1287f6f72a06,163e2777-3964-492e-bce5-5d8f787b9754,0.8887314617927059
1cac5ea7-3808-4de7-a2b9-1287f6f72a06,163f9e3d-12d5-43f4-99e7-a82ee329d0ec,0.9187136207151476
1cac5ea7-3808-4de7-a2b9-1287f6f72a06,16402029-4b51-4ebf-be84-108ddde00bef,0.865843009822225
1cac5ea7-3808-4de7-a2b9-1287f6f72a06,16411636-5798-4445-8899-5e8f72e4122c,0.8913323857733977
1cac5ea7-3808-4de7-a2b9-1287f6f72a06,1642fb17-cc16-4727-bdee-4ed66932552e,0.757486673053723
1cac5ea7-3808-4de7-a2b9-1287f6f72a06,164644d2-2c45-4408-8434-14625ee99332,0.9673141567698368
1cac5ea7-3808-4de7-a2b9-1287f6f72a06,1648bf6b-65a8-433b-9501-2458c0fbd2ad,0.5898123289265872
1cac5ea7-3808-4de7-a2b9-1287f6f72a06,164943eb-78a7-407a-a003-d6f7feb1dc24,0.8451853017794045
1cac5ea7-3808-4de7-a2b9-1287f6f72a06,1649ab19-4336-4ae2-ba8d-a05f754abace,0.8500974132337185
1cac5ea7-3808-4de7-a2b9-1287f6f72a06,164b5710-466b-4efd-be94-47374d006c07,0.9425502265398058
1cac5ea7-3808-4de7-a2b9-1287f6f72a06,164b82ae-d43d-41f6-9544-6b527e4edc1a,0.7815990500440713
1cac5ea7-3808-4de7-a2b9-1287f6f72a06,164bbec0-7cea-491a-afec-190fa1732d66,0.9024049697734576
1cac5ea7-3808-4de7-a2b9-1287f6f72a06,164c2558-f519-49f4-a164-a609df195bff,0.5235669763887691
1cac5ea7-3808-4de7-a2b9-1287f6f72a06,164ce14b-238e-424a-a43c-4dbb03410817,0.8007952150339196
1cac5ea7-3808-4de7-a2b9-1287f6f72a06,16506f2f-3cd2-454a-9bb0-21e7573b19da,0.6511591868999621
1cac5ea7-3808-4de7-a2b9-1287f6f72a06,165373d0-ee09-4397-9e6c-bbc8590b68b2,0.915153333118115
1cac5ea7-3808-4de7-a2b9-1287f6f72a06,165426e0-e5b1-4dfc-bd73-991c40ca8336,0.8521714214619175
1cac5ea7-3808-4de7-a2b9-1287f6f72a06,165440a2-9376-4ae8-aa73-990163cdd5d7,0.9056308356858452
1cac5ea7-3808-4de7-a2b9-1287f6f72a06,16554e24-ea94-49d0-9057-b26b31d1d1e4,0.882668525377356
1cac5ea7-3808-4de7-a2b9-1287f6f72a06,1658054f-2ba3-47ce-adb0-3c6fb8c80829,0.941141234075285
1cac5ea7-3808-4de7-a2b9-1287f6f72a06,165870a9-15cf-432e-8488-d5e5798aa6cc,0.89636469872529
1cac5ea7-3808-4de7-a2b9-1287f6f72a06,16596212-5224-4a5c-930f-b16d35f71fa8,0.9836937298603164
1cac5ea7-3808-4de7-a2b9-1287f6f72a06,1659a511-9fff-4784-8b63-364f2c46eaf9,0.9136138756441792
1cac5ea7-3808-4de7-a2b9-1287f6f72a06,165e9327-19c6-46d5-bffd-5a35a41b920d,0.8968816648307427
1cac5ea7-3808-4de7-a2b9-1287f6f72a06,165f0d7b-1368-48b0-8bb3-2cd6ffc82f4a,0.9651549262982528
1cac5ea7-3808-4de7-a2b9-1287f6f72a06,165fe20c-4ac1-4d58-b0b2-e303b8d61249,0.9152444356056284
1cac5ea7-3808-4de7-a2b9-1287f6f72a06,1661b112-bb18-4775-875f-584abdd01d1f,0.6710989858925667
1cac5ea7-3808-4de7-a2b9-1287f6f72a06,166270ba-5fac-4606-bc50-a35d0bce5671,0.8931658819353864
1cac5ea7-3808-4de7-a2b9-1287f6f72a06,166454c8-03ce-4ef9-a833-0951fdfe0e5c,0.5362123828973666
1cac5ea7-3808-4de7-a2b9-1287f6f72a06,166665b0-11f6-43b4-bc38-0365e7c9b35d,0.9252945555710748
1cac5ea7-3808-4de7-a2b9-1287f6f72a06,16684607-c184-4474-93ea-0bf8515db4e9,0.8064990446209805
1cac5ea7-3808-4de7-a2b9-1287f6f72a06,1668fa49-0247-4119-8081-49d5667bfc42,0.8986884258725559
1cac5ea7-3808-4de7-a2b9-1287f6f72a06,1669b3a8-3ea6-4eb6-b11f-20915590f176,0.7911009040728169
1cac5ea7-3808-4de7-a2b9-1287f6f72a06,166aeff0-e96a-460f-b00f-ce3c74586a2e,0.8516902221431428
1cac5ea7-3808-4de7-a2b9-1287f6f72a06,166af057-2a1f-4e26-b567-4ae785604be2,0.9609895616006456
1cac5ea7-3808-4de7-a2b9-1287f6f72a06,166c257a-5cb7-454f-9f16-5a205b283a0d,0.7465327604518754
1cac5ea7-3808-4de7-a2b9-1287f6f72a06,166c2af8-77c5-4ae2-ac81-50cbad777246,0.7973120479904027
1cac5ea7-3808-4de7-a2b9-1287f6f72a06,166ef0df-1c26-4ec7-9fed-8ccb5a5b6945,0.9354688861494526
1cac5ea7-3808-4de7-a2b9-1287f6f72a06,166f0dc0-c485-4452-b4e3-2a5225eb18e8,0.834370827247791
1cac5ea7-3808-4de7-a2b9-1287f6f72a06,16706466-4218-46ce-b720-aefdb5dba600,0.9038913897250064
1cac5ea7-3808-4de7-a2b9-1287f6f72a06,16719eaf-0d3e-43f3-80d0-3251cfd02ec2,0.9120698407737264
1cac5ea7-3808-4de7-a2b9-1287f6f72a06,16723255-3cba-451a-a0fb-ba7f3a14a6b0,0.945069667800024
1cac5ea7-3808-4de7-a2b9-1287f6f72a06,167252cf-32d3-4b82-b242-27746ca07df3,0.9358216894724608
1cac5ea7-3808-4de7-a2b9-1287f6f72a06,1672857b-9ac5-4f05-ba1d-14287fc9b2c3,0.891190806691384
1cac5ea7-3808-4de7-a2b9-1287f6f72a06,1672b461-c84c-441b-a5d6-9c0ec4ee3f76,0.8301964506340507
1cac5ea7-3808-4de7-a2b9-1287f6f72a06,167367ab-edcf-4ffc-a9d2-e528af222060,0.8868385182300922
1cac5ea7-3808-4de7-a2b9-1287f6f72a06,1673be0d-4084-488b-8ef0-23ca95bc4e2b,0.962380126484518
1cac5ea7-3808-4de7-a2b9-1287f6f72a06,16747e6e-44af-4cda-af74-5f1e1182fbd5,0.8174631403967704
1cac5ea7-3808-4de7-a2b9-1287f6f72a06,1676481a-3458-414f-9e88-21619983da9c,0.8062314302045881
1cac5ea7-3808-4de7-a2b9-1287f6f72a06,16765ce0-942e-4267-ad81-2788c5687b3e,0.9057660698623052
1cac5ea7-3808-4de7-a2b9-1287f6f72a06,1676b05b-3405-40a9-b52e-62e6f085321b,0.857345935923239
1cac5ea7-3808-4de7-a2b9-1287f6f72a06,167751e2-6b68-4180-9b04-24b54595338d,0.9356642179555784
1cac5ea7-3808-4de7-a2b9-1287f6f72a06,1678a916-000a-48be-ad1d-468bd0b92872,0.85183559655218
1cac5ea7-3808-4de7-a2b9-1287f6f72a06,167b954a-9637-4ed6-b5be-d5a23ba6589a,0.8638614002867634
1cac5ea7-3808-4de7-a2b9-1287f6f72a06,167e1ad4-bced-42ba-bfe5-96d5a9c87619,0.8472544435261666
1cac5ea7-3808-4de7-a2b9-1287f6f72a06,167e84aa-6f11-406d-9291-3c1b4f12f75d,0.7600778817951815
1cac5ea7-3808-4de7-a2b9-1287f6f72a06,1681d2fd-8ba0-4a06-a121-8ff550d8f72c,0.8909485714241951
1cac5ea7-3808-4de7-a2b9-1287f6f72a06,1682d1c3-e936-4f49-8cb7-074a8fe9342d,0.8264762372056581
1cac5ea7-3808-4de7-a2b9-1287f6f72a06,16845343-a531-464c-9b58-49eaeae44556,0.5136124424218101
1cac5ea7-3808-4de7-a2b9-1287f6f72a06,1684e9e8-1358-4dfb-814e-38c7d985e244,0.4064132298813833
1cac5ea7-3808-4de7-a2b9-1287f6f72a06,16862460-85e1-4718-93ff-e695c46a3bc2,0.9306022535594584
1cac5ea7-3808-4de7-a2b9-1287f6f72a06,16863177-14f3-4fd6-a675-e26b9608dff3,0.806629822798595
1cac5ea7-3808-4de7-a2b9-1287f6f72a06,168642bd-43ce-45a5-b43f-fcac579ba6a8,0.915702934192262
1cac5ea7-3808-4de7-a2b9-1287f6f72a06,16868e8a-1f46-43c8-a2b4-4131e1167c83,0.8355196921185676
1cac5ea7-3808-4de7-a2b9-1287f6f72a06,1686da35-4326-457d-ac33-daa81df9d78f,0.9405922332956448
1cac5ea7-3808-4de7-a2b9-1287f6f72a06,16871836-fb6d-48a9-87da-5caa2482f8f2,0.923742030310154
1cac5ea7-3808-4de7-a2b9-1287f6f72a06,16872c0b-aff5-470b-abd2-9b63b7b96e2e,0.8918953692971856
1cac5ea7-3808-4de7-a2b9-1287f6f72a06,16889f9f-bd83-4348-809a-618fe5534d6e,0.8705806241388154
1cac5ea7-3808-4de7-a2b9-1287f6f72a06,168abdc2-6212-421b-b506-535fdc6c2bb2,0.878341655253841
1cac5ea7-3808-4de7-a2b9-1287f6f72a06,168de885-f9d0-4331-ba96-aede1c06b61d,0.7675188647559876
1cac5ea7-3808-4de7-a2b9-1287f6f72a06,168eeb8a-344d-4a64-ba62-cd2b136eb73b,0.7952985377395073
1cac5ea7-3808-4de7-a2b9-1287f6f72a06,168efe17-9134-4df4-b65f-64cad4169564,0.8586842603339424
1cac5ea7-3808-4de7-a2b9-1287f6f72a06,168f72cf-65a2-4fbd-8943-65c57274b032,0.9132776525128428
1cac5ea7-3808-4de7-a2b9-1287f6f72a06,1690435c-935f-4a05-afd2-2cd7d35d2591,0.795738825930834
1cac5ea7-3808-4de7-a2b9-1287f6f72a06,169061ee-a51e-4f38-98d3-51facd487cf9,0.9377349907330546
1cac5ea7-3808-4de7-a2b9-1287f6f72a06,1691066c-b130-4165-b7b9-42c02a52d2d3,0.9198960937527256
1cac5ea7-3808-4de7-a2b9-1287f6f72a06,1691a785-82a3-4c1b-ab10-f1cac474401b,0.892053738304717
1cac5ea7-3808-4de7-a2b9-1287f6f72a06,1691c165-1f01-4fb7-8471-928623923a88,0.9850508993941448
1cac5ea7-3808-4de7-a2b9-1287f6f72a06,16924dc8-137d-4366-aa07-9f958bee1e74,0.9291203269573108
1cac5ea7-3808-4de7-a2b9-1287f6f72a06,1692fdff-674f-434d-aace-fee588413eb0,0.8654425930830826
1cac5ea7-3808-4de7-a2b9-1287f6f72a06,16931f22-f05b-490f-aa30-b54d9f66ec3a,0.8974044616112711
1cac5ea7-3808-4de7-a2b9-1287f6f72a06,169376dc-d923-43a0-876f-7678c1431a05,0.7869980479456381
1cac5ea7-3808-4de7-a2b9-1287f6f72a06,1694206e-77c0-4e70-861b-4026fbfef535,0.6239555105892614
1cac5ea7-3808-4de7-a2b9-1287f6f72a06,169589e6-7464-4565-868e-6a9208a1ce2c,0.9584065548660162
1cac5ea7-3808-4de7-a2b9-1287f6f72a06,16961314-3f1f-4150-8978-cb8bf1c38e11,0.8919513263255043
1cac5ea7-3808-4de7-a2b9-1287f6f72a06,169ab1af-78b3-4aab-9066-7f1859eb38ef,0.8676074523140647
1cac5ea7-3808-4de7-a2b9-1287f6f72a06,169abf7f-e7da-49aa-8080-a217e88826cb,0.9624204321636745
1cac5ea7-3808-4de7-a2b9-1287f6f72a06,169b6765-de34-4a15-ab4a-e5ed94606045,0.6858762165154794
1cac5ea7-3808-4de7-a2b9-1287f6f72a06,169de417-43e0-462c-9b98-5f998fa80c52,0.910058130078888
1cac5ea7-3808-4de7-a2b9-1287f6f72a06,169f4cda-9e5f-4150-b091-f16293f0407f,0.9004311639065135
1cac5ea7-3808-4de7-a2b9-1287f6f72a06,169f6b97-7c13-4d03-952c-fc6bd1882dfc,0.8154169633981787
1cac5ea7-3808-4de7-a2b9-1287f6f72a06,16a07d60-fd51-41f9-b359-a860fb6b5709,0.6175012447202043
1cac5ea7-3808-4de7-a2b9-1287f6f72a06,16a126c3-5b1f-4401-83f3-36c0add88f3f,0.8510726018628699
1cac5ea7-3808-4de7-a2b9-1287f6f72a06,16a13ce7-c786-415f-a895-52dfe9df160f,0.7977562404350673
1cac5ea7-3808-4de7-a2b9-1287f6f72a06,16a30268-41f7-47f6-915a-9405aa87e7bb,0.9149326437919358
1cac5ea7-3808-4de7-a2b9-1287f6f72a06,16a354b7-d097-425c-b260-67213286fccc,0.8643814161644079
1cac5ea7-3808-4de7-a2b9-1287f6f72a06,16a4333c-5f3c-44d4-83bf-de28ff72d8a3,0.6808793018771268
1cac5ea7-3808-4de7-a2b9-1287f6f72a06,16a47192-5976-43cd-a4c7-bd5a7cddefcb,0.911027063295589
1cac5ea7-3808-4de7-a2b9-1287f6f72a06,16a5439f-9fff-41aa-babb-4a00887e788d,0.8262440504069087
1cac5ea7-3808-4de7-a2b9-1287f6f72a06,16a5bf8e-96bb-4eca-8e13-1f80492f82ba,0.7414411991884672
1cac5ea7-3808-4de7-a2b9-1287f6f72a06,16a6d048-df97-47c6-8b8d-7e64d18525cd,0.5504600430603631
1cac5ea7-3808-4de7-a2b9-1287f6f72a06,16a86a4d-f3f5-45e7-9e7d-cc64af7d2287,0.8823787813632591
1cac5ea7-3808-4de7-a2b9-1287f6f72a06,16a94daa-af5f-42ac-a05f-b645886eb8c0,0.8311068082714358
1cac5ea7-3808-4de7-a2b9-1287f6f72a06,16ac933c-20dc-4eb7-8b92-c182a96db6d8,0.9568974294497112
1cac5ea7-3808-4de7-a2b9-1287f6f72a06,16ad4c66-d776-43fa-8f25-f13292808b2f,0.8304052870620636
1cac5ea7-3808-4de7-a2b9-1287f6f72a06,16ae1dc7-fc81-4471-9e36-47e0df216bdc,0.9324876281506764
1cac5ea7-3808-4de7-a2b9-1287f6f72a06,16ae2606-2194-4599-8fcb-c70451342301,0.866680457740349
1cac5ea7-3808-4de7-a2b9-1287f6f72a06,16ae35a3-551c-41b1-b871-649c715a9a1c,0.802072551713535
1cac5ea7-3808-4de7-a2b9-1287f6f72a06,16aeaad5-3a82-4f24-94af-a5b9b29b47a0,0.9658572687472132
1cac5ea7-3808-4de7-a2b9-1287f6f72a06,16aedc09-a3c2-4c12-bc49-d9eb964f3d35,0.7920785440876752
1cac5ea7-3808-4de7-a2b9-1287f6f72a06,16b02c12-78c2-44e2-8034-176ebd79b4c9,0.8356462910599597
1cac5ea7-3808-4de7-a2b9-1287f6f72a06,16b0658d-2306-4115-a202-11db660ceb84,0.9430839782383592
1cac5ea7-3808-4de7-a2b9-1287f6f72a06,16b10476-2c40-4fd5-9e15-ec616da2f37e,0.8043387433530658
1cac5ea7-3808-4de7-a2b9-1287f6f72a06,16b13183-ad73-4464-a915-692c9b685c02,0.9024340752726429
1cac5ea7-3808-4de7-a2b9-1287f6f72a06,16b139e3-e0d9-4366-a37e-2c7b06365abb,0.9448474423619964
1cac5ea7-3808-4de7-a2b9-1287f6f72a06,16b4d20e-81c7-41a3-851e-f85c703c069a,0.782425945935171
1cac5ea7-3808-4de7-a2b9-1287f6f72a06,16b69d6d-d1c6-4297-b51f-a60ff526b788,0.4963825776538148
1cac5ea7-3808-4de7-a2b9-1287f6f72a06,16b80722-cdec-4546-8fc5-c9b8abcde918,0.9449612461787432
1cac5ea7-3808-4de7-a2b9-1287f6f72a06,16b8a69d-4049-419e-aec7-d5fc1b5812b6,0.7858830186128031
1cac5ea7-3808-4de7-a2b9-1287f6f72a06,16b8fdc9-c30e-4eb1-91c6-18e96610d4d6,0.8825081415978426
1cac5ea7-3808-4de7-a2b9-1287f6f72a06,16b94b63-51b8-4375-b01b-a749236e405a,0.8730202851756963
1cac5ea7-3808-4de7-a2b9-1287f6f72a06,16bbd225-7ac8-43e0-af9b-d2facf06c65f,0.894131936991516
1cac5ea7-3808-4de7-a2b9-1287f6f72a06,16be4750-8d4b-4e0f-8bcd-1f23ead12fc9,0.888573515454024
1cac5ea7-3808-4de7-a2b9-1287f6f72a06,16bf598f-0a1d-4f60-b288-7ddb70ad051c,0.7530928655461134
1cac5ea7-3808-4de7-a2b9-1287f6f72a06,16c1244c-df05-49ef-a05a-62ff2b720f18,0.7766760352915668
1cac5ea7-3808-4de7-a2b9-1287f6f72a06,16c14e7c-193a-4700-b377-d19e0b87fa9d,0.6987984774073162
1cac5ea7-3808-4de7-a2b9-1287f6f72a06,16c16eda-eeed-4319-bdc4-73d025b2ecc2,0.9137979792073384
1cac5ea7-3808-4de7-a2b9-1287f6f72a06,16c22f4b-5f09-4396-8ffa-e5016b0cc3e3,0.8539900374470946
1cac5ea7-3808-4de7-a2b9-1287f6f72a06,16c29b39-ef2d-40c6-ad6a-768fe0e0e55d,0.8382566036431018
1cac5ea7-3808-4de7-a2b9-1287f6f72a06,16c4a1db-2ddb-422f-a304-8d4d2beb2a5a,0.7206884873173688
1cac5ea7-3808-4de7-a2b9-1287f6f72a06,16c7b30f-4dd3-4708-a2bd-e793f653ae94,0.8378035100580751
1cac5ea7-3808-4de7-a2b9-1287f6f72a06,16c82753-806f-4dc0-860f-a13c8fe5d2f5,0.9385132807458616
1cac5ea7-3808-4de7-a2b9-1287f6f72a06,16c896bd-1a2c-4a57-bd58-6cb2df1de2da,0.7648968307856482
1cac5ea7-3808-4de7-a2b9-1287f6f72a06,16c8d9fa-e040-4482-ba3d-1b12d804cd66,0.9085396986497908
1cac5ea7-3808-4de7-a2b9-1287f6f72a06,16c93ad7-8855-4a1a-b418-297d0e298622,0.8523815114718744
1cac5ea7-3808-4de7-a2b9-1287f6f72a06,16cb4681-a1b4-4b31-a34d-79a3a30c60cf,0.9377228945793477
1cac5ea7-3808-4de7-a2b9-1287f6f72a06,16cbda22-0e89-4bed-849a-597f597aecc3,0.8230904800218428
1cac5ea7-3808-4de7-a2b9-1287f6f72a06,16cc6777-c4f8-40b0-9038-789266070c6d,0.9225195380451668
1cac5ea7-3808-4de7-a2b9-1287f6f72a06,16cdb71a-5bed-4261-8bfa-da4f4ee3abcc,0.8761464664023241
1cac5ea7-3808-4de7-a2b9-1287f6f72a06,16cff90a-5002-42fb-ab15-d9acd7c98039,0.7672818921716402
1cac5ea7-3808-4de7-a2b9-1287f6f72a06,16d03e39-29b3-4464-9ce3-5fa3d1ddc183,0.8287806398635759
1cac5ea7-3808-4de7-a2b9-1287f6f72a06,16d046b4-1a2e-4c54-83f1-6c78de6b2088,0.8803899644424896
1cac5ea7-3808-4de7-a2b9-1287f6f72a06,16d4a47c-68a4-4dd7-8d1a-f9a82d1a23bf,0.979139148558113
1cac5ea7-3808-4de7-a2b9-1287f6f72a06,16d575a8-298a-4ee6-8a40-2001a3dd9c12,0.940420534611051
1cac5ea7-3808-4de7-a2b9-1287f6f72a06,16d59396-17b7-45cc-a3bf-791950b68f56,0.7940136178241897
1cac5ea7-3808-4de7-a2b9-1287f6f72a06,16d67e80-5bd1-455f-aa1c-58d0f65e5593,0.94505733731423
1cac5ea7-3808-4de7-a2b9-1287f6f72a06,16d7241c-f59c-49c6-a25a-3b876afa6e26,0.740293722454647
1cac5ea7-3808-4de7-a2b9-1287f6f72a06,16d9fc93-fa5a-487f-93f3-5f02a1533c04,0.891465874011986
1cac5ea7-3808-4de7-a2b9-1287f6f72a06,16dc4eb9-9275-4470-8898-10081ea55498,0.8257464743412831
1cac5ea7-3808-4de7-a2b9-1287f6f72a06,16dca853-9297-473c-8778-b96a2f316e71,0.8858963325517083
1cac5ea7-3808-4de7-a2b9-1287f6f72a06,16ddd564-584b-4b34-a3da-dbe04dd0dae5,0.8018059531762544
1cac5ea7-3808-4de7-a2b9-1287f6f72a06,16e16d7f-3dd4-4c72-a615-a119f8f507ed,0.8090036038774094
1cac5ea7-3808-4de7-a2b9-1287f6f72a06,16e5488d-243e-4ac1-ad55-c3c47b706351,0.7295339151536795
1cac5ea7-3808-4de7-a2b9-1287f6f72a06,16e70e22-ad3c-4cd6-9a19-2d003d2cd600,0.8798352821407279
1cac5ea7-3808-4de7-a2b9-1287f6f72a06,16e79ab7-ab1a-4c44-b276-965ddc709122,0.7268155954362745
1cac5ea7-3808-4de7-a2b9-1287f6f72a06,16edaad9-a28c-448b-8bf6-7f241cb3197a,0.5712341661284792
1cac5ea7-3808-4de7-a2b9-1287f6f72a06,16f40e23-02bf-4cc8-92e2-94ee25dfe7aa,0.9182150335379654
1cac5ea7-3808-4de7-a2b9-1287f6f72a06,16f45d73-7c13-4dc0-bb74-643849745719,0.7870151926788114
1cac5ea7-3808-4de7-a2b9-1287f6f72a06,16f535b6-e8f3-44c0-8260-92c897f02ced,0.9477751934897034
1cac5ea7-3808-4de7-a2b9-1287f6f72a06,16f67358-1856-4805-980f-85f8fc42e93a,0.948774455494598
1cac5ea7-3808-4de7-a2b9-1287f6f72a06,17d98a8e-67fc-4af6-83e1-636c8ea5d3a6,0.4780816254749617
1cac5ea7-3808-4de7-a2b9-1287f6f72a06,17dacfb9-28be-4d88-81e4-6a6e0bd8c1a9,0.5211511464843335
1cac5ea7-3808-4de7-a2b9-1287f6f72a06,17dae1da-4c9f-4294-b9ae-b29ec93adb52,0.9690348588662584
1cac5ea7-3808-4de7-a2b9-1287f6f72a06,17db99a2-11d0-4b8a-8b62-9f85ec8ec92b,0.7262928390061294
1cac5ea7-3808-4de7-a2b9-1287f6f72a06,17dcb961-3406-4696-8e97-b9ab7d39ae72,0.9269119558438366
1cac5ea7-3808-4de7-a2b9-1287f6f72a06,17df03b1-747b-4d0c-a066-5294432b3a06,0.7972194651713644
1cac5ea7-3808-4de7-a2b9-1287f6f72a06,17df2985-cf02-4b59-92d4-416a71bf472c,0.892818586119617
1cac5ea7-3808-4de7-a2b9-1287f6f72a06,17e0ba00-247a-4262-abce-f87f52d62000,0.9573499790391252
1cac5ea7-3808-4de7-a2b9-1287f6f72a06,17e12f9b-ac99-4ea9-a290-076a1c20c8c3,0.7468943883386225
1cac5ea7-3808-4de7-a2b9-1287f6f72a06,17e36480-11e4-45ef-8e3c-89d2d6452bff,0.5408846962312804
1cac5ea7-3808-4de7-a2b9-1287f6f72a06,17e36fe4-d769-4348-8811-ea96e462c5b9,0.836739923812837
1cac5ea7-3808-4de7-a2b9-1287f6f72a06,17e4b644-e376-468f-8bdb-c8d242dc1b58,0.7349375354826869
1cac5ea7-3808-4de7-a2b9-1287f6f72a06,17e75f0b-5f6e-4425-af0d-08341a42a398,0.9455955408252096
1cac5ea7-3808-4de7-a2b9-1287f6f72a06,17e7aa00-f7b0-4e44-8928-7b918c5b8fca,0.9201846789156846
1cac5ea7-3808-4de7-a2b9-1287f6f72a06,17e7ca6a-d0bf-4a38-8fb8-ce36af201919,0.930148168750194
1cac5ea7-3808-4de7-a2b9-1287f6f72a06,17e7cfed-67bb-4fc7-b848-096d7f44273b,0.8278014484303081
1cac5ea7-3808-4de7-a2b9-1287f6f72a06,17e8bc89-2355-4e8d-9f74-8145d2362927,0.9182146901463332
1cac5ea7-3808-4de7-a2b9-1287f6f72a06,17e9011e-121d-42b2-9259-fa63e45a8cc4,0.950749133891616
1cac5ea7-3808-4de7-a2b9-1287f6f72a06,17e95ca0-7669-41c9-b951-30d65f848c5b,0.8422042848892836
1cac5ea7-3808-4de7-a2b9-1287f6f72a06,17e960fb-940e-4bdd-8483-6ae653effe21,0.8866665622571971
1cac5ea7-3808-4de7-a2b9-1287f6f72a06,17e983ef-61a2-45b1-9b51-a7db218bb2c1,0.8000956066342547
1cac5ea7-3808-4de7-a2b9-1287f6f72a06,17e986af-235a-4128-b4cc-7fbfa4e56027,0.8990102360984439
1cac5ea7-3808-4de7-a2b9-1287f6f72a06,17ea54ae-e2f7-42f7-8238-f56bd667df03,0.7573599519474454
1cac5ea7-3808-4de7-a2b9-1287f6f72a06,17ea7c67-6b8e-40d8-8c28-76639f0cd21c,0.87316548450277
1cac5ea7-3808-4de7-a2b9-1287f6f72a06,17ea9a78-2b04-4e53-ad70-0d4c83df9009,0.8373957584343343
1cac5ea7-3808-4de7-a2b9-1287f6f72a06,17eb7169-48b4-4c49-b087-5ed208586163,0.8739757493824937
1cac5ea7-3808-4de7-a2b9-1287f6f72a06,17ecf8ad-d34a-4595-944d-254d7218c11a,0.8783007157913124
1cac5ea7-3808-4de7-a2b9-1287f6f72a06,17ee2571-aeb8-496c-b27d-79849cc323c3,0.8645601231913432
1cac5ea7-3808-4de7-a2b9-1287f6f72a06,17ee8e49-6008-4dc7-96e6-d62b8ad9c1f7,0.7463650255380612
1cac5ea7-3808-4de7-a2b9-1287f6f72a06,17f01b5a-f8e9-4246-97a7-626c6af00b59,0.570904446206079
1cac5ea7-3808-4de7-a2b9-1287f6f72a06,17f07fe8-6bca-40aa-abf9-2b501ff00878,0.8758216762701276
1cac5ea7-3808-4de7-a2b9-1287f6f72a06,17f10f61-9c55-4f9a-9f21-f6a7af59cd2b,0.8975430016945422
1cac5ea7-3808-4de7-a2b9-1287f6f72a06,17f4234a-a1fc-4e39-9b20-58f9d5dcd05e,0.8661698641374469
1cac5ea7-3808-4de7-a2b9-1287f6f72a06,17f64053-3e5f-42ec-b0e9-058c91828aed,0.8759633352841993
1cac5ea7-3808-4de7-a2b9-1287f6f72a06,17f6b4b3-0a96-405a-9575-1f353f0a655a,0.7765833938028749
1cac5ea7-3808-4de7-a2b9-1287f6f72a06,17f70cc8-3c33-435e-bb83-59381eeb4672,0.8983625957852405
1cac5ea7-3808-4de7-a2b9-1287f6f72a06,17f71d4e-4709-4550-b159-ae31f23157b1,0.9676003397210088
1cac5ea7-3808-4de7-a2b9-1287f6f72a06,17f76766-705f-4f85-b2cf-31c952c06f7d,0.2052741357366859
1cac5ea7-3808-4de7-a2b9-1287f6f72a06,17f8e93f-81e6-4188-aca9-63321eb10e95,0.7020838939516189
1cac5ea7-3808-4de7-a2b9-1287f6f72a06,17fc9496-8110-448a-a7b3-396e122ea845,0.8224964784662383
1cac5ea7-3808-4de7-a2b9-1287f6f72a06,17fd8797-7e18-4549-9bb6-ec42248df3ff,0.9251231570268016
1cac5ea7-3808-4de7-a2b9-1287f6f72a06,17fe1006-ad89-4968-9a92-9fed90d00c94,0.8367287876810856
1cac5ea7-3808-4de7-a2b9-1287f6f72a06,1801a95a-ec0c-4161-baa1-cc86ff1b4694,0.7696209896075191
1cac5ea7-3808-4de7-a2b9-1287f6f72a06,1802166c-db64-4ef5-8601-ffd7aa70f4eb,0.8675921218300331
1cac5ea7-3808-4de7-a2b9-1287f6f72a06,18026140-25b5-407a-9da3-04f6d9a753c3,0.8778957863617994
1cac5ea7-3808-4de7-a2b9-1287f6f72a06,1804be04-08e5-428d-9949-0f86ccfc9045,0.8820705407242125
1cac5ea7-3808-4de7-a2b9-1287f6f72a06,1805e2f5-382b-48ea-b746-3eb38c14cd9a,0.8908246928566042
1cac5ea7-3808-4de7-a2b9-1287f6f72a06,180744a7-0226-4a8c-bab9-edc199c3ae58,0.9443593818517048
1cac5ea7-3808-4de7-a2b9-1287f6f72a06,18079a33-688f-4a74-bfa1-2c69b465e359,0.6937728463547085
1cac5ea7-3808-4de7-a2b9-1287f6f72a06,18092e5c-d5c6-4f4f-b508-a4c141135c6c,0.912137530640822
1cac5ea7-3808-4de7-a2b9-1287f6f72a06,18094388-9d43-4959-8fe5-ab70e7d3ea04,0.8878411262647757
1cac5ea7-3808-4de7-a2b9-1287f6f72a06,1809f98e-6ecb-460b-a456-3e8ef3ade9ab,0.8568630501246135
1cac5ea7-3808-4de7-a2b9-1287f6f72a06,180b96f7-2dd8-4bf5-bc13-8396733a1b55,0.9450958737514772
1cac5ea7-3808-4de7-a2b9-1287f6f72a06,180bdd9b-f08d-4d89-bca5-6bfc683b18fc,0.8914705390814419
1cac5ea7-3808-4de7-a2b9-1287f6f72a06,180d6fd8-ad11-4cab-984b-3ce96fa11732,0.9276312524307558
1cac5ea7-3808-4de7-a2b9-1287f6f72a06,180ea4cf-5e6b-45a8-9ed2-92476224918e,0.913592821590422
1cac5ea7-3808-4de7-a2b9-1287f6f72a06,180f0724-b68e-46be-a34a-141519b8a87b,0.961140463117516
1cac5ea7-3808-4de7-a2b9-1287f6f72a06,1810c5a6-438d-4b5f-9452-ab78be7b4b08,0.8508790661879166
1cac5ea7-3808-4de7-a2b9-1287f6f72a06,18118cdb-a4aa-4075-ba08-2a66d8cb07bc,0.874024685646242
1cac5ea7-3808-4de7-a2b9-1287f6f72a06,181240a3-1bcc-4bea-9251-28e275503a66,0.5609256869541052
1cac5ea7-3808-4de7-a2b9-1287f6f72a06,18135d1e-f839-423b-b2f3-702ebaaec540,0.8578566939926716
1cac5ea7-3808-4de7-a2b9-1287f6f72a06,18151848-8445-42cd-9e03-a4fdf0ec6df1,0.9052882602734162
1cac5ea7-3808-4de7-a2b9-1287f6f72a06,18152e42-f940-4fc8-951c-c29500aada4f,0.9272682581520126
1cac5ea7-3808-4de7-a2b9-1287f6f72a06,1817df76-5a7a-4f1c-974f-8f0d6af417dc,0.9323167234065924
1cac5ea7-3808-4de7-a2b9-1287f6f72a06,18181332-7c00-4848-b7cd-117026ed66e0,0.810417086546208
1cac5ea7-3808-4de7-a2b9-1287f6f72a06,18182a9e-8c71-4345-b71e-fc2764e3895c,0.7303410737057615
1cac5ea7-3808-4de7-a2b9-1287f6f72a06,18185584-a086-44e0-be1f-e9f1027c8693,0.8180145730116761
1cac5ea7-3808-4de7-a2b9-1287f6f72a06,1818c641-cb4c-47f2-b652-707972f2564a,0.9153538439085512
1cac5ea7-3808-4de7-a2b9-1287f6f72a06,18190d5c-a102-486a-a414-9d25cc08f25e,0.9773544244784848
1cac5ea7-3808-4de7-a2b9-1287f6f72a06,181abaad-248e-494d-8c45-510cda19c582,0.8333548242713312
1cac5ea7-3808-4de7-a2b9-1287f6f72a06,181cc934-3048-4980-9327-5b86d07db121,0.7725765539961165
1cac5ea7-3808-4de7-a2b9-1287f6f72a06,181cdfe1-0535-499b-afc4-4511b7af1ab7,0.5640200018451045
1cac5ea7-3808-4de7-a2b9-1287f6f72a06,181ce5f3-0279-4a91-aa3e-57e4d3df90f2,0.8950094487517459
1cac5ea7-3808-4de7-a2b9-1287f6f72a06,181db6b3-0ecc-49f8-8293-5322cfa7d91f,0.9086240924070984
1cac5ea7-3808-4de7-a2b9-1287f6f72a06,181e6b4f-8f68-4c1e-a656-2e3d213142e1,0.7868283599326733
1cac5ea7-3808-4de7-a2b9-1287f6f72a06,181e9427-6a2d-4800-93c3-faf90e090f74,0.9131481753938064
1cac5ea7-3808-4de7-a2b9-1287f6f72a06,18208c5a-50d2-4bbe-bef3-6ae315ebb75a,0.8091023652353543
1cac5ea7-3808-4de7-a2b9-1287f6f72a06,1820d557-7990-4725-a09c-ec62fb8aa21e,0.8697999379236296
1cac5ea7-3808-4de7-a2b9-1287f6f72a06,1820e76f-eb91-497b-9245-806970ac0d7d,0.9272087248229656
1cac5ea7-3808-4de7-a2b9-1287f6f72a06,18210586-548c-44d7-8d4f-fbe58d82e455,0.7940935607379527
1cac5ea7-3808-4de7-a2b9-1287f6f72a06,1821e89c-5016-4b19-b586-ca84dc7bf070,0.900724190281224
1cac5ea7-3808-4de7-a2b9-1287f6f72a06,1825f131-abc9-4327-802b-1d85db9cbc02,0.8494274842585298
1cac5ea7-3808-4de7-a2b9-1287f6f72a06,18282e32-2e2f-4faa-a823-a8a53883f392,0.8774865431303988
1cac5ea7-3808-4de7-a2b9-1287f6f72a06,182a5852-d466-4d4d-bf6d-19132687a7d9,0.8873831757071251
1cac5ea7-3808-4de7-a2b9-1287f6f72a06,182da34b-6654-4bfe-b481-ebaca6cb2fc4,0.8561111522776833
1cac5ea7-3808-4de7-a2b9-1287f6f72a06,182ef9a3-5519-4d9a-b8ca-29ecaa8401a9,0.8288470565586804
1cac5ea7-3808-4de7-a2b9-1287f6f72a06,18318bbd-4b97-491b-b25c-8a23f2bbbcd2,0.8275766386780291
1cac5ea7-3808-4de7-a2b9-1287f6f72a06,1831c911-9fcb-47ad-965a-2af357d41834,0.9138692722779272
1cac5ea7-3808-4de7-a2b9-1287f6f72a06,1834a74e-43c0-4d4c-8d78-98e2389cf80d,0.7813530167505547
1cac5ea7-3808-4de7-a2b9-1287f6f72a06,1835ad88-a2c0-484c-bdda-0ffa33997cf3,0.7719189675494894
1cac5ea7-3808-4de7-a2b9-1287f6f72a06,18364c5e-91c1-4309-8589-e3625ac21545,0.8904019638976804
1cac5ea7-3808-4de7-a2b9-1287f6f72a06,1836ad86-5c4e-471c-8b0a-dc79739e0d6a,0.7454485457089672
1cac5ea7-3808-4de7-a2b9-1287f6f72a06,1836afec-9a4b-4534-9c78-338bee5616a7,0.8870985958955693
1cac5ea7-3808-4de7-a2b9-1287f6f72a06,1836d576-8095-4db3-8084-5de191043a22,0.7690120475835815
1cac5ea7-3808-4de7-a2b9-1287f6f72a06,18376c13-f39d-4d88-ab8b-21383c830cb4,0.6388122651386434
1cac5ea7-3808-4de7-a2b9-1287f6f72a06,1837a2aa-e9e5-42a6-bd67-4bd349b9e075,0.94241736825982
1cac5ea7-3808-4de7-a2b9-1287f6f72a06,183832fa-2799-4832-9b39-bb6bec712493,0.903778750770208
1cac5ea7-3808-4de7-a2b9-1287f6f72a06,1838dc60-ccfd-434e-afaf-8ae3ee2f4aa8,0.4888243262385027
1cac5ea7-3808-4de7-a2b9-1287f6f72a06,1839b276-3bd4-465d-aa24-c9021100bcfc,0.9196286567065068
1cac5ea7-3808-4de7-a2b9-1287f6f72a06,183b1b7a-1da9-4260-9e72-18d7823d051b,0.6604329288221249
1cac5ea7-3808-4de7-a2b9-1287f6f72a06,183b725d-83a0-416f-b41d-c8d400290f88,0.5107020731167959
1cac5ea7-3808-4de7-a2b9-1287f6f72a06,1840ee60-187b-4c1b-b167-86c420f0dddc,0.9702535531634576
1cac5ea7-3808-4de7-a2b9-1287f6f72a06,184240a3-b27d-492e-8a7b-35b7cdb0e8de,0.8655972196260718
1cac5ea7-3808-4de7-a2b9-1287f6f72a06,1842e99d-f6a7-40d7-8090-af48f7e649ca,0.8944880287472657
1cac5ea7-3808-4de7-a2b9-1287f6f72a06,1844f508-9415-4c51-b3fe-d69393400547,0.8481705032339926
1cac5ea7-3808-4de7-a2b9-1287f6f72a06,1ca89d5b-ad75-4924-a309-3480f78197bf,0.912784805571036
1cac5ea7-3808-4de7-a2b9-1287f6f72a06,1cab3abe-fae4-4589-92f8-b8154cc7d813,0.9670694964551554
1cac5ea7-3808-4de7-a2b9-1287f6f72a06,1cacec30-d39b-46c0-a775-d909ebc44b3f,0.8765051808467036
1cac5ea7-3808-4de7-a2b9-1287f6f72a06,1cadbcff-e9d6-419a-8a96-bb471be8873d,0.9569926457644552
1cac5ea7-3808-4de7-a2b9-1287f6f72a06,1cb13529-91a9-4d31-ad2f-6b57ef8abdc3,0.9506227667690094
1cac5ea7-3808-4de7-a2b9-1287f6f72a06,1cb2524b-4e2b-448b-bc00-79dc06faa382,0.9824655903825544
1cac5ea7-3808-4de7-a2b9-1287f6f72a06,1cb25ecc-80b4-41e7-a61c-84bf7e3cb02f,0.3836710247767284
1cac5ea7-3808-4de7-a2b9-1287f6f72a06,1cb6273e-3784-49d1-a66f-bd7b5589b47d,0.2629231601100745
1cac5ea7-3808-4de7-a2b9-1287f6f72a06,1cb9da05-368f-4e37-9244-86af5f6706e2,0.9613532996926786
1cac5ea7-3808-4de7-a2b9-1287f6f72a06,1cb9dec2-eb5e-4c63-997b-887984853fa6,0.944022247112402
1cac5ea7-3808-4de7-a2b9-1287f6f72a06,1cbf25e7-f6a3-45d0-97b3-c6952a0abb1a,0.958681724123616
1cac5ea7-3808-4de7-a2b9-1287f6f72a06,1cbf7eab-3d10-4f1e-96b7-076c89eff64d,0.6979410909425743
1cac5ea7-3808-4de7-a2b9-1287f6f72a06,1cbf86bf-79f2-4716-ba77-fa7e765b3234,0.8679415800066096
1cac5ea7-3808-4de7-a2b9-1287f6f72a06,1cc0579d-5459-4793-9b3e-7a32ac418efb,0.931196839159336
1cac5ea7-3808-4de7-a2b9-1287f6f72a06,1cc28ff9-dbc9-4113-b6d4-1da5a169d04a,0.8772811300500752
1cac5ea7-3808-4de7-a2b9-1287f6f72a06,1cc29723-7abe-4919-988c-16f2072c8ac3,0.8812730411527205
1cac5ea7-3808-4de7-a2b9-1287f6f72a06,1cc51928-5d8f-41e3-8fc0-846423d110ed,0.8725242869135489
1cac5ea7-3808-4de7-a2b9-1287f6f72a06,1cc595fd-801b-43d6-a83b-738aa9319fce,0.967502454189267
1cac5ea7-3808-4de7-a2b9-1287f6f72a06,1cc65fc2-8106-43a0-8da1-613a61dfdd08,0.9004183182448879
1cac5ea7-3808-4de7-a2b9-1287f6f72a06,1cc68806-e9fa-4e50-89bc-4c73ea6e80ec,0.8298289732398886
1cac5ea7-3808-4de7-a2b9-1287f6f72a06,1cc965a6-408c-4520-bca2-197187b677b1,0.939339294720975
1cac5ea7-3808-4de7-a2b9-1287f6f72a06,1cca4c3a-e16d-4404-9386-860cf2c51c73,0.6999170226477718
1cac5ea7-3808-4de7-a2b9-1287f6f72a06,1ccacc67-e320-4381-8a25-aac68619bf5a,0.9069494494285196
1cac5ea7-3808-4de7-a2b9-1287f6f72a06,1ccb99e7-59ab-4578-bd34-08973b11b981,0.7580619252692667
1cac5ea7-3808-4de7-a2b9-1287f6f72a06,1ccc21d2-8dbe-47b4-b090-895ae91df386,0.8531422196249472
1cac5ea7-3808-4de7-a2b9-1287f6f72a06,1ccfbb1d-37d4-4b89-87fe-85e11b7a546f,0.8601650829284457
1cac5ea7-3808-4de7-a2b9-1287f6f72a06,1cd135af-e060-4e1d-9db8-6441c4af1e45,0.8799193454191079
1cac5ea7-3808-4de7-a2b9-1287f6f72a06,1cd1391b-7895-48c4-9138-0be2d2f0938e,0.8728281526036259
1cac5ea7-3808-4de7-a2b9-1287f6f72a06,1cd2ffb0-3a38-4942-b71c-59b8d45ebf10,0.3094333485359197
1cac5ea7-3808-4de7-a2b9-1287f6f72a06,1cd39c4e-a7b0-441f-b22c-151543882ac8,0.8999659237186792
1cac5ea7-3808-4de7-a2b9-1287f6f72a06,1cd3cb84-05c1-4eae-b41a-34e7f145fc72,0.9242335049956856
1cac5ea7-3808-4de7-a2b9-1287f6f72a06,1cd4db9c-d663-4302-bc8b-7e9903e0daf9,0.9114862701795318
1cac5ea7-3808-4de7-a2b9-1287f6f72a06,1cd5d45f-cb01-4d4f-9d03-5b2b21b856d7,0.946232070270066
1cac5ea7-3808-4de7-a2b9-1287f6f72a06,1cd76c97-3db1-4dec-8c4d-e36ba678d1bd,0.9371716007768718
1cac5ea7-3808-4de7-a2b9-1287f6f72a06,1cd81fa0-28b0-4488-b15c-b92f9bcabbf0,0.8630325294806883
1cac5ea7-3808-4de7-a2b9-1287f6f72a06,1cd9f895-1527-4ae1-8d58-db39ac8b32a0,0.9175855583386768
1cac5ea7-3808-4de7-a2b9-1287f6f72a06,1cda7389-110a-4f9a-9536-dca0d4f22718,0.7825946189872975
1cac5ea7-3808-4de7-a2b9-1287f6f72a06,1cdddfb4-ccd9-4106-95d5-0b8353f537e3,0.9578368733745272
1cac5ea7-3808-4de7-a2b9-1287f6f72a06,1cdfb002-28fc-4b64-a160-44b6ba93e349,0.8611875485946542
1cac5ea7-3808-4de7-a2b9-1287f6f72a06,1ce06403-a8e5-4d63-b6d3-2c36902a95ce,0.9292479014903656
1cac5ea7-3808-4de7-a2b9-1287f6f72a06,1ce07f1f-78e2-41a8-9aee-94bb6d39aa97,0.9249944861833768
1cac5ea7-3808-4de7-a2b9-1287f6f72a06,1ce1a020-c764-4668-a20b-65cc96ef53f9,0.8037226563811298
1cac5ea7-3808-4de7-a2b9-1287f6f72a06,1ce3af84-532f-4c06-9c3a-651c1cfb3183,0.868978926011739
1cac5ea7-3808-4de7-a2b9-1287f6f72a06,1ce43167-c104-44c0-9a79-7c01c31d8de6,0.7987488399027111
1cac5ea7-3808-4de7-a2b9-1287f6f72a06,1ce51d46-6884-462e-a1aa-f2ec8bbf677a,0.9407887683930204
1cac5ea7-3808-4de7-a2b9-1287f6f72a06,1ce5e662-f10d-40a9-80cd-4150ecb6da12,0.8482733108644477
1cac5ea7-3808-4de7-a2b9-1287f6f72a06,1ce632cf-00a4-411f-8bd7-78655fa4b696,0.8872131184554547
1cac5ea7-3808-4de7-a2b9-1287f6f72a06,1ce7306d-3be8-44c0-bb82-25bb647d3b7f,0.906257100676254
1cac5ea7-3808-4de7-a2b9-1287f6f72a06,1ce7ac31-6188-4a46-a936-f97945b2a530,0.7807101879843844
1cac5ea7-3808-4de7-a2b9-1287f6f72a06,1cea7bec-bd31-43fa-ba3d-10c11036b295,0.760309485636685
1cac5ea7-3808-4de7-a2b9-1287f6f72a06,1ceb14a4-2b77-48b0-8d4d-c272a7e86892,0.9585576294689891
1cac5ea7-3808-4de7-a2b9-1287f6f72a06,1cec2a6f-145b-40cb-b2a1-6c68fb85fc00,0.8593818368083953
1cac5ea7-3808-4de7-a2b9-1287f6f72a06,1cecaa87-4807-40c6-8bf1-dbe7f3562d1e,0.924235020631194
1cac5ea7-3808-4de7-a2b9-1287f6f72a06,1cece80f-2a43-4698-b35e-3390387c2647,0.9131970470701188
1cac5ea7-3808-4de7-a2b9-1287f6f72a06,1cee029c-3232-4f35-a31d-be9016e555a4,0.7722643670537064
1cac5ea7-3808-4de7-a2b9-1287f6f72a06,1cee09a0-204a-481a-9d24-59821f561042,0.9474883512244908
1cac5ea7-3808-4de7-a2b9-1287f6f72a06,1cefc87e-52b9-4235-82fe-a4e5e60bfa20,0.9452750445971624
1cac5ea7-3808-4de7-a2b9-1287f6f72a06,1cefdde4-8606-40d7-ad5c-9cbf0b81a3c1,0.7382280136906592
1cac5ea7-3808-4de7-a2b9-1287f6f72a06,1cf1fcc0-1421-453b-8c57-ceb50f71916d,0.8789541394905485
1cac5ea7-3808-4de7-a2b9-1287f6f72a06,1cf2132c-374f-423d-82d7-60ee082168c2,0.9534856851144649
1cac5ea7-3808-4de7-a2b9-1287f6f72a06,1cf313ed-90d1-4b1a-817f-4f5a7c1bb398,0.8821142496759838
1cac5ea7-3808-4de7-a2b9-1287f6f72a06,1cf3c47f-d81b-47c6-9ca5-ebf6a05505d0,0.7605191014399454
1cac5ea7-3808-4de7-a2b9-1287f6f72a06,1cf47c0a-08e5-4abf-9403-082ccfaf24d9,0.937349164364238
1cac5ea7-3808-4de7-a2b9-1287f6f72a06,1cf5e4a0-fc00-4b06-a4b0-f96f94aac106,0.735927831006259
1cac5ea7-3808-4de7-a2b9-1287f6f72a06,1cf648ae-58bd-4bb1-b316-bcb24a41d008,0.2957355457034022
1cac5ea7-3808-4de7-a2b9-1287f6f72a06,1cf7b691-0cd5-433e-bf54-d8abdd493363,0.4560365937798423
1cac5ea7-3808-4de7-a2b9-1287f6f72a06,1cf7c61d-fcd8-4133-b628-81e297ad6ddd,0.9373313345589496
1cac5ea7-3808-4de7-a2b9-1287f6f72a06,1cf9ff83-5776-4787-898e-ad0faf49a76f,0.8897780304866253
1cac5ea7-3808-4de7-a2b9-1287f6f72a06,1cfcfef5-5150-4959-b455-a0dd4aaccd46,0.8803350911940306
1cac5ea7-3808-4de7-a2b9-1287f6f72a06,1cfd8e30-5c98-4114-a4f4-aec927083b61,0.9162789009624966
1cac5ea7-3808-4de7-a2b9-1287f6f72a06,1d00099c-c778-4ea6-8723-2509d0b2d871,0.6531841672993797
1cac5ea7-3808-4de7-a2b9-1287f6f72a06,1d006310-afda-440a-8203-07b3e1899aaf,0.4066402763785237
1cac5ea7-3808-4de7-a2b9-1287f6f72a06,1d0096b5-f4b7-4217-a654-571b9ecd12b7,0.9403700817787364
1cac5ea7-3808-4de7-a2b9-1287f6f72a06,1d00f434-f30c-4919-9eb9-d9f5984b5c28,0.8535578324121533
1cac5ea7-3808-4de7-a2b9-1287f6f72a06,1d01bae3-2749-425f-a45b-b49dc617b1b0,0.8798800148463162
1cac5ea7-3808-4de7-a2b9-1287f6f72a06,1d021dfc-d36e-4f57-9640-807b057ad694,0.9035491549378886
1cac5ea7-3808-4de7-a2b9-1287f6f72a06,1d039158-53c6-4db8-bec7-d3ae37970eb4,0.882476377347946
1cac5ea7-3808-4de7-a2b9-1287f6f72a06,1d05d341-b3f4-49a7-bf3a-fab6764b23e6,0.8718136818826944
1cac5ea7-3808-4de7-a2b9-1287f6f72a06,1d0900f2-b088-4c68-8297-97a4df486fea,0.8517009108569458
1cac5ea7-3808-4de7-a2b9-1287f6f72a06,1d0908fa-687d-4815-93be-6e5ab21e0516,0.9431192782618024
1cac5ea7-3808-4de7-a2b9-1287f6f72a06,1d09ee61-ec34-49c5-848c-2ff01c01e96a,0.90909292983327
1cac5ea7-3808-4de7-a2b9-1287f6f72a06,1d0b5360-7660-4dec-a676-87bdbe5b8343,0.944027728528781
1cac5ea7-3808-4de7-a2b9-1287f6f72a06,1d0c8daa-919c-410d-adff-7d6ea207d130,0.9491339290079857
1cac5ea7-3808-4de7-a2b9-1287f6f72a06,1d0d7cb7-7106-44cf-b4eb-64f32e30b130,0.8818980120562849
1cac5ea7-3808-4de7-a2b9-1287f6f72a06,1d0f60bf-53e0-4d0e-96ae-19b6dea28c6d,0.8186209904009967
1cac5ea7-3808-4de7-a2b9-1287f6f72a06,1d0f795e-454f-412b-bea0-b622f30dae3a,0.970387091309386
1cac5ea7-3808-4de7-a2b9-1287f6f72a06,1d0fb063-4720-45a6-ab6b-ac95ae531d67,0.9314057583988348
1cac5ea7-3808-4de7-a2b9-1287f6f72a06,1d10472c-b3c7-4a2a-b40c-179d22a9d056,0.868151066688455
1cac5ea7-3808-4de7-a2b9-1287f6f72a06,1d106bd2-6693-4703-882f-6f9bad28cd98,0.5566327638298793
1cac5ea7-3808-4de7-a2b9-1287f6f72a06,1d113cfd-e991-4d3d-a46b-ebe3c8f505de,0.8213571474223293
1cac5ea7-3808-4de7-a2b9-1287f6f72a06,1d129543-05e9-4083-83af-70a6699853cc,0.8209576441016555
1cac5ea7-3808-4de7-a2b9-1287f6f72a06,1d14a30c-775b-4286-9ace-2ecae5de27ac,0.8370352464845001
1cac5ea7-3808-4de7-a2b9-1287f6f72a06,1d15e678-f2ae-45bc-8c17-f027279e9474,0.8951166661103442
1cac5ea7-3808-4de7-a2b9-1287f6f72a06,1d165855-f4ec-467a-b13c-fbc5030b1b0f,0.8658160895976631
1cac5ea7-3808-4de7-a2b9-1287f6f72a06,1d166fb2-f5a7-44f0-b534-f0eb673749b4,0.9510014253167536
